global_step,training/rollout_reward_mean,episode/length,episode/sum_reward,episode/reward/wholebody_hand_clearance,episode/reward/wholebody_arm_clearance,training/v_loss,training/policy_loss,training/entropy_loss,training/sps,rollout/completed_episodes,rollout/done_rate,rollout/termination_step_rate,rollout/timeout_step_rate,rollout/episodes,rollout/termination_rate,rollout/timeout_rate,rollout/pfid/37/episodes,rollout/pfid/37/termination_rate,rollout/pfid/37/timeout_rate,rollout/pfid/38/episodes,rollout/pfid/38/termination_rate,rollout/pfid/38/timeout_rate
1048576,0.17668507993221283,89.536,13.719836270656437,-9.066754608673044,-0.1639727864516275,0.34614911675453186,0.009396515786647797,0.09615638852119446,8045.488732540244,3494.0,0.0033321380615234375,0.00246429443359375,0.0008678436279296875,3494.0,0.7395535203205496,0.2604464796794505,278.0,1.0,0.0,316.0,1.0,0.0
2097152,0.3166847229003906,143.437,32.65493080542609,-8.605494740750641,-0.23557288837715304,0.14956845343112946,0.012256104499101639,0.09568022191524506,88160.8896992246,5555.0,0.0026488304138183594,0.001850128173828125,0.0007987022399902344,2777.5,0.6841872405096198,0.31581275949038023,218.0,1.0,0.0,233.5,1.0,0.0
3145728,0.3436405062675476,214.331,59.78610944889113,-7.792918413673062,-0.16259051864342433,0.10428524762392044,0.012428957037627697,0.09515754878520966,87658.23232055994,7112.0,0.0022608439127604165,0.0014921824137369792,0.0007686614990234375,2370.6666666666665,0.6303915793078475,0.36960842069215244,174.33333333333334,1.0,0.0,185.66666666666666,1.0,0.0
4194304,0.3463529348373413,289.522,88.33577859608224,-8.150286440109834,-0.19318350699716474,0.09264276176691055,0.012642000801861286,0.0944415032863617,87544.85404337099,8576.0,0.002044677734375,0.0012896060943603516,0.0007550716400146484,2144.0,0.5948906790164048,0.4051093209835952,154.5,1.0,0.0,160.75,1.0,0.0
5242880,0.3503362834453583,365.865,117.31684259273484,-7.728605002145748,-0.18255408515926594,0.07354976236820221,0.013158516958355904,0.09367714077234268,87973.70224417181,9949.0,0.0018976211547851562,0.0011526107788085937,0.0007450103759765625,1989.8,0.568265055958936,0.43173494404106405,142.6,1.0,0.0,146.6,1.0,0.0
6291456,0.35054904222488403,416.34,136.38904000499844,-9.178277961209416,-0.22514574035646165,0.07716262340545654,0.011358650401234627,0.09283521771430969,87214.88364162351,11341.0,0.0018026034037272136,0.0010682741800944011,0.0007343292236328125,1890.1666666666667,0.5547323742186535,0.44526762578134643,135.83333333333334,1.0,0.0,137.33333333333334,1.0,0.0
7340032,0.34754425287246704,482.411,161.60658007617263,-8.457200848373585,-0.20415649918212359,0.08323325961828232,0.010831659659743309,0.0922454446554184,87633.71469478116,12749.0,0.0017369134085518973,0.0010100773402622768,0.0007268360682896205,1821.2857142857142,0.5457973921874173,0.45420260781258265,133.14285714285714,1.0,0.0,131.28571428571428,1.0,0.0
8388608,0.34831756353378296,503.005,168.91210879771458,-8.740568468255573,-0.20391453873087675,0.08835159242153168,0.010667799971997738,0.09173103421926498,87696.10027669842,14064.0,0.0016765594482421875,0.0009682178497314453,0.0007083415985107422,1758.0,0.544873098392127,0.455126901607873,126.0,1.0,0.0,127.375,1.0,0.0
9437184,0.32240402698516846,534.514,182.335596561566,-8.734960930065252,-0.15705975979392794,0.11290546506643295,0.008023079484701157,0.09113281965255737,87457.67253700034,17588.0,0.0018636915418836805,0.0009809070163302952,0.0008827845255533854,1954.2222222222222,0.5201179969060047,0.4798820030939953,137.88888888888889,1.0,0.0,138.88888888888889,1.0,0.0
10485760,0.31013497710227966,426.033,139.73709011334273,-9.843534599835285,-0.20355353586841,0.1655292510986328,0.006318254396319389,0.0906209647655487,87723.19160052342,20363.0,0.0019419670104980468,0.001051616668701172,0.000890350341796875,2036.3,0.5318899809991879,0.468110019000812,154.8,1.0,0.0,158.2,1.0,0.0
11534336,0.3293611705303192,503.781,168.3104753509611,-9.23208682206436,-0.24614558481639698,0.1338730752468109,0.007620790973305702,0.08993575721979141,87680.93168844475,22316.0,0.0019347450949928977,0.0010542436079545455,0.0008805014870383523,2028.7272727272727,0.5362757216829187,0.46372427831708135,154.0909090909091,1.0,0.0,158.63636363636363,1.0,0.0
12582912,0.3383476138114929,544.711,183.96416365830228,-9.20253197309561,-0.22427836900381892,0.10419527441263199,0.008741764351725578,0.0891299694776535,87455.21693196225,23991.0,0.0019066333770751953,0.0010360876719156902,0.0008705457051595052,1999.25,0.535217919005362,0.46478208099463797,150.83333333333334,1.0,0.0,155.58333333333334,1.0,0.0
13631488,0.3454500734806061,574.205,195.04617512837797,-8.045594162986614,-0.2148090247691677,0.08551782369613647,0.00992206484079361,0.08848616480827332,87597.71505637026,25312.0,0.0018568772536057692,0.0010027518639197717,0.0008541253896859976,1947.076923076923,0.5308492664108193,0.46915073358918075,144.84615384615384,1.0,0.0,149.84615384615384,1.0,0.0
14680064,0.3495495021343231,602.616,205.05715387173927,-8.52842948828824,-0.1761945079724829,0.07259584963321686,0.010158614255487919,0.08781810849905014,87419.77732291352,26551.0,0.0018086433410644531,0.0009697505405970982,0.0008388928004673549,1896.5,0.5256191129989084,0.4743808870010916,140.85714285714286,1.0,0.0,144.71428571428572,1.0,0.0
15728640,0.34917473793029785,639.527,218.62093579680194,-8.661797553972342,-0.18525148098428232,0.07933427393436432,0.00942879170179367,0.08752793073654175,87468.86189385546,27804.0,0.001767730712890625,0.0009373346964518229,0.0008303960164388021,1853.6,0.5175530981764752,0.4824469018235248,136.2,1.0,0.0,139.4,1.0,0.0
16777216,0.3505391776561737,615.731,209.88428895208983,-8.55011102131754,-0.17738550215061125,0.07150006294250488,0.009510643780231476,0.08706539869308472,87758.77787723977,28911.0,0.0017232298851013184,0.0009081363677978516,0.0008150935173034668,1806.9375,0.5130402662161455,0.48695973378385443,133.1875,1.0,0.0,135.125,1.0,0.0
17825792,0.33745670318603516,764.981,266.03794752994924,-7.887344654604792,-0.21062835219203202,0.07941607385873795,0.008537771180272102,0.08669118583202362,87456.35080610418,31099.0,0.0017446069156422334,0.0008834390079273897,0.0008611679077148438,1829.3529411764705,0.49662634798620336,0.5033736520137966,130.8235294117647,1.0,0.0,132.52941176470588,1.0,0.0
18874368,0.3273429274559021,665.001,228.30330003616214,-8.488693713668741,-0.1773199552100243,0.09509706497192383,0.00664632860571146,0.08633972704410553,87561.86178329095,33258.0,0.001762072245279948,0.0008747842576768664,0.0008872879876030816,1847.6666666666667,0.4886695705351661,0.5113304294648339,132.5,1.0,0.0,133.77777777777777,1.0,0.0
19922944,0.33531397581100464,652.069,222.64403559158742,-8.714472214150708,-0.1808477888131402,0.08502888679504395,0.007638413924723864,0.0856807604432106,87592.0747398261,34881.0,0.001750795464766653,0.0008608667474043997,0.0008899287173622533,1835.842105263158,0.483704408133552,0.5162955918664479,130.8421052631579,1.0,0.0,134.0,1.0,0.0
20971520,0.3407266139984131,677.468,232.2635301096011,-7.744232964374591,-0.18681357005989876,0.07748326659202576,0.007087173871695995,0.08499139547348022,87857.97473296891,36367.0,0.0017341136932373046,0.0008450508117675781,0.0008890628814697266,1818.35,0.4787318391400642,0.5212681608599358,129.25,1.0,0.0,132.15,1.0,0.0
22020096,0.34568995237350464,620.887,211.10910439485437,-7.891869723132811,-0.16615200901108212,0.07036513090133667,0.0076728640124201775,0.08428725600242615,87394.23801662405,37634.0,0.001709075201125372,0.0008291971115838914,0.0008798780895414806,1792.095238095238,0.4761177435941379,0.5238822564058621,126.80952380952381,1.0,0.0,130.42857142857142,1.0,0.0
23068672,0.347107470035553,646.664,220.27342972006974,-7.345161636827513,-0.1551920692424281,0.07525794208049774,0.006849560420960188,0.08358137309551239,87721.88807706999,38942.0,0.0016880902377041903,0.0008142644708806819,0.0008738257668235085,1770.090909090909,0.472720398284813,0.527279601715187,124.5909090909091,1.0,0.0,128.27272727272728,1.0,0.0
24117248,0.3443755507469177,608.362,205.854151212479,-7.36165264278627,-0.16629566088538958,0.08226519823074341,0.006796410772949457,0.08312907069921494,87498.89232117802,40336.0,0.0016724959663722825,0.0008056474768597146,0.0008668484895125679,1753.7391304347825,0.4723157998440099,0.52768420015599,122.52173913043478,1.0,0.0,126.17391304347827,1.0,0.0
25165824,0.3437601327896118,640.327,217.89207938048338,-7.413040044872091,-0.13897445267295255,0.08488087356090546,0.0051321471109986305,0.08252599835395813,87390.74754192775,41888.0,0.0016644795735677083,0.0007988214492797852,0.0008656581242879232,1745.3333333333333,0.4707040590429494,0.5292959409570507,120.875,1.0,0.0,124.08333333333333,1.0,0.0
26214400,0.33033719658851624,623.723,211.8702401218824,-7.892563345683157,-0.21696598858468583,0.10926542431116104,0.005494476296007633,0.08228799700737,87626.97331155288,44209.0,0.0016864395141601562,0.0008016586303710938,0.0008847808837890625,1768.36,0.46759325988674627,0.5324067401132537,120.52,1.0,0.0,122.84,1.0,0.0
27262976,0.3189551532268524,551.83,184.91157881484926,-7.594308209725306,-0.19942475857645062,0.14585529267787933,0.0036556837148964405,0.0824122428894043,87568.96453132064,46697.0,0.0017128357520470251,0.0008144378662109375,0.0008983978858360877,1796.0384615384614,0.46798943799399606,0.5320105620060039,120.53846153846153,1.0,0.0,122.57692307692308,1.0,0.0
28311552,0.32082459330558777,531.898,176.25471679243165,-8.446169963242486,-0.19121112577047625,0.1475205421447754,0.003318436909466982,0.08199566602706909,87440.02029159607,48970.0,0.0017296826397931134,0.000827789306640625,0.0009018933331524884,1813.7037037037037,0.4707311239277376,0.5292688760722625,121.0,1.0,0.0,123.14814814814815,1.0,0.0
29360128,0.3267534375190735,509.464,167.8431821968071,-8.932860360112041,-0.21228719863767145,0.1240583211183548,0.004199650138616562,0.08113905787467957,87429.9471697309,50926.0,0.0017345292227608816,0.0008342606680733817,0.0009002685546875,1818.7857142857142,0.47323714791249777,0.5267628520875023,121.46428571428571,1.0,0.0,122.85714285714286,1.0,0.0
30408704,0.3360600471496582,530.66,175.31752164341975,-8.464749812754919,-0.18693039033461153,0.10789251327514648,0.006345216650515795,0.08041466772556305,87642.60352182837,52460.0,0.0017251639530576509,0.000832623448865167,0.0008925405041924838,1808.9655172413793,0.4754637858458302,0.5245362141541697,119.96551724137932,1.0,0.0,121.86206896551724,1.0,0.0
31457280,0.34016257524490356,576.119,192.5844082266984,-8.656150068871211,-0.2310816826051073,0.09917719662189484,0.00592302531003952,0.07982321828603745,87828.34279922344,53950.0,0.0017150243123372395,0.0008290290832519531,0.0008859952290852864,1798.3333333333333,0.4766172301207679,0.523382769879232,118.63333333333334,1.0,0.0,120.33333333333333,1.0,0.0
32505856,0.3406812250614166,567.718,189.33057359351963,-9.156641826754436,-0.21217967253241604,0.09416787326335907,0.00576444435864687,0.07927163690328598,87586.55899297632,55408.0,0.0017045544039818547,0.0008244053010017642,0.0008801491029800907,1787.3548387096773,0.4771502642922782,0.5228497357077219,117.45161290322581,1.0,0.0,119.96774193548387,1.0,0.0
33554432,0.34010863304138184,636.701,215.0026479018554,-8.55452799321178,-0.22120555455392524,0.0837630182504654,0.005285067018121481,0.07866153120994568,87415.98074642639,56894.0,0.0016955733299255371,0.0008184313774108887,0.0008771419525146484,1777.9375,0.4762029793675993,0.5237970206324007,116.65625,1.0,0.0,118.9375,1.0,0.0
34603008,0.33412837982177734,657.998,223.1956552556511,-9.215246662780643,-0.241783951722184,0.09181594103574753,0.004400908015668392,0.07848387956619263,87463.74953494855,58812.0,0.0016996210271661932,0.0008142066724372633,0.0008854143547289299,1782.1818181818182,0.473021677594492,0.5269783224055081,116.21212121212122,1.0,0.0,118.51515151515152,1.0,0.0
35651584,0.32721731066703796,631.964,213.01918773761764,-8.137512983776512,-0.18010120638781738,0.1027776449918747,0.00430186465382576,0.0782683938741684,87850.81800679029,60826.0,0.0017061233520507812,0.0008135402903837316,0.0008925830616670497,1789.0,0.47123031041949187,0.5287696895805082,116.17647058823529,1.0,0.0,118.70588235294117,1.0,0.0
36700160,0.32605698704719543,618.752,206.9269720964618,-8.98678651087312,-0.2245759934708833,0.09975633025169373,0.004390440881252289,0.07795579731464386,87150.91821386974,62768.0,0.0017102922712053572,0.0008125032697405134,0.0008977890014648437,1793.3714285714286,0.4697571713458616,0.5302428286541385,117.0,1.0,0.0,118.71428571428571,1.0,0.0
37748736,0.3301894962787628,633.291,212.93035445224493,-8.377727719827321,-0.21929685866050352,0.09486858546733856,0.005871551111340523,0.07751895487308502,87741.17192804557,64479.0,0.0017081101735432942,0.0008087158203125,0.0008993943532307943,1791.0833333333333,0.4682188487247049,0.5317811512752952,116.47222222222223,1.0,0.0,118.52777777777777,0.9997519841269842,0.000248015873015873
38797312,0.3376848101615906,627.402,210.4227878630061,-8.299266490319802,-0.18708018274677524,0.08000160753726959,0.005568267777562141,0.07679402828216553,87777.3298922376,65873.0,0.0016978753579629433,0.0008026586996542441,0.0008952166583086993,1780.3513513513512,0.46744919741751506,0.532550802582485,116.1891891891892,1.0,0.0,118.08108108108108,0.9989637746990688,0.0010362253009311834
39845888,0.34246349334716797,645.138,216.35222852516173,-7.910689783785725,-0.1613135677282907,0.07286374270915985,0.0055754464119672775,0.07629237323999405,87469.27591845547,67130.0,0.0016847409700092516,0.0007944608989514803,0.0008902800710577713,1766.578947368421,0.4659296303372945,0.5340703696627056,115.1842105263158,1.0,0.0,116.63157894736842,0.9989910437859354,0.0010089562140645732
40894464,0.34345293045043945,655.198,220.77331095288508,-7.927364308101125,-0.19244919003000222,0.06708718836307526,0.006163420155644417,0.07576410472393036,87425.47367495354,68466.0,0.001674211942232572,0.0007868057642227564,0.0008874061780098157,1755.5384615384614,0.463962756659062,0.536037243340938,114.17948717948718,1.0,0.0,115.74358974358974,0.9990169144580909,0.0009830855419090713
41943040,0.3402782380580902,660.954,223.29939728593942,-7.081336444235705,-0.16577125515880847,0.07720979303121567,0.0059306141920387745,0.07545637339353561,87358.70551387897,69900.0,0.0016665458679199219,0.0007805585861206055,0.0008859872817993164,1747.5,0.46217888997410556,0.5378211100258945,113.425,1.0,0.0,114.7,0.9990414915966387,0.0009585084033613446
42991616,0.3354704976081848,695.092,235.3296970892772,-7.515205665446818,-0.18480905469050923,0.07637596130371094,0.004910686984658241,0.07526449114084244,87490.19796097079,71637.0,0.0016663016342535252,0.0007756396037776296,0.0008906620304758955,1747.2439024390244,0.4594294799752988,0.5405705200247012,113.17073170731707,0.9997632015155102,0.00023679848448969923,113.70731707317073,0.9990648698503792,0.000935130149620824
44040192,0.3286559581756592,659.825,222.4094140144852,-7.352036220001988,-0.18273873320244577,0.08946458250284195,0.004196970723569393,0.07529918849468231,87493.28909108286,73569.0,0.0016704968043736049,0.000774292718796503,0.0008962040855771019,1751.642857142857,0.4577828054791897,0.5422171945208103,113.38095238095238,0.9997688395746648,0.0002311604253351826,113.19047619047619,0.9990871348539416,0.0009128651460584234
45088768,0.32452067732810974,619.743,207.15219725860118,-7.148304814256899,-0.18605226344375655,0.10878495126962662,0.0031381265725940466,0.07519073784351349,87560.93610498394,75603.0,0.0016767590544944585,0.000775448111600654,0.0009013109428938045,1758.2093023255813,0.45701526956250965,0.5429847304374903,113.13953488372093,0.9997742153985097,0.00022578460149017836,113.06976744186046,0.999108364275943,0.0008916357240570647
46137344,0.3260481357574463,578.081,191.36837332007138,-7.645881361988723,-0.15575648591318275,0.10562217235565186,0.0021739238873124123,0.0745709240436554,87777.78188018699,77499.0,0.0016797455874356356,0.0007769628004594283,0.0009027827869762074,1761.340909090909,0.457213042971954,0.542786957028046,113.52272727272727,0.9997793468667254,0.00022065313327449248,112.5909090909091,0.9991286287242169,0.0008713712757830405
47185920,0.3303818702697754,569.309,188.89554614908994,-7.674914429544937,-0.20329890010054072,0.10529625415802002,0.0028247921727597713,0.07376508414745331,87649.30189412563,79193.0,0.0016783184475368924,0.0007770750257703993,0.0009012434217664931,1759.8444444444444,0.4578096729759617,0.5421903270240382,113.2,0.9997842502696871,0.00021574973031283708,112.24444444444444,0.9991479925303455,0.0008520074696545285
48234496,0.3353389501571655,553.672,181.89195670461677,-8.00463430185546,-0.20235128173591813,0.09413716197013855,0.003172899130731821,0.0732044130563736,87185.79272583994,80693.0,0.0016729313394297724,0.0007759799127993376,0.0008969514266304348,1754.195652173913,0.4589007670417017,0.5410992329582983,112.78260869565217,0.9997889404812156,0.00021105951878429716,111.52173913043478,0.9991665144318597,0.0008334855681402997
49283072,0.3373256027698517,597.941,198.50543187000275,-7.690706835810095,-0.19165780572997662,0.08949098736047745,0.003971516154706478,0.07257312536239624,87613.27897882643,82235.0,0.0016686256895674036,0.0007740385988925366,0.000894587090674867,1749.6808510638298,0.45904392206587163,0.5409560779341284,112.25531914893617,0.9997934311092749,0.0002065688907250568,110.61702127659575,0.9991842481673521,0.0008157518326479528
50331648,0.335788369178772,604.716,201.20903355317913,-8.186316385866608,-0.21151931311220903,0.09999989718198776,0.004060526844114065,0.07203128933906555,87748.18124672008,83839.0,0.0016657312711079915,0.0007727940877278646,0.000892937183380127,1746.6458333333333,0.4592087904808542,0.5407912095191457,111.41666666666667,0.9997977346278318,0.00020226537216828477,109.97916666666667,0.9992012429971989,0.0007987570028011205
51380224,0.3322252929210663,620.506,207.3031270289868,-7.45789221023492,-0.20034648560023946,0.09186258912086487,0.0036153760738670826,0.07172848284244537,87266.54681838425,85634.0,0.0016666723757374044,0.0007723399571010045,0.0008943324186363999,1747.6326530612246,0.45878493988778807,0.541215060112212,111.0204081632653,0.99980186249257,0.00019813750743015652,109.44897959183673,0.9989745898359345,0.0010254101640656264
52428800,0.3278186619281769,627.114,209.62520148865505,-8.11717968698917,-0.1854655033543807,0.10776787996292114,0.0035600296687334776,0.07167939096689224,87516.27577778272,87579.0,0.0016704368591308593,0.0007730674743652344,0.000897369384765625,1751.58,0.45832903543450526,0.5416709645654947,110.6,0.9998058252427185,0.00019417475728155338,109.4,0.9989950980392157,0.0010049019607843138
53477376,0.32466399669647217,612.831,204.0387200769633,-8.81168691268051,-0.18941424560169537,0.1105537861585617,0.0032415781170129776,0.07156028598546982,87571.56253501182,89575.0,0.0016750073900409772,0.0007744583429074755,0.0009005490471335018,1756.3725490196077,0.4580360499073011,0.5419639500926989,110.7843137254902,0.9998096325909005,0.00019036740909956213,109.15686274509804,0.9990148019992311,0.0009851980007689351
54525952,0.32608240842819214,613.218,204.00774457729563,-8.307836458208039,-0.1912950039650864,0.104900062084198,0.003148909192532301,0.0709698498249054,87319.22126500349,91405.0,0.001676357709444486,0.0007744569044846755,0.0009019008049598107,1757.7884615384614,0.4577606613897479,0.5422393386102521,110.59615384615384,0.9998132935026139,0.00018670649738610902,108.71153846153847,0.9990337481146305,0.0009662518853695325
55574528,0.3286849856376648,583.699,192.12841368740192,-9.63006726350519,-0.22626833040315836,0.09510109573602676,0.00320676201954484,0.07013209164142609,87831.83849912752,93035.0,0.0016740583023934993,0.0007740776493864239,0.0008999806530070755,1755.377358490566,0.4582798201110665,0.5417201798889335,110.35849056603773,0.9998168162667156,0.00018318373328448433,108.30188679245283,0.999051979282279,0.0009480207177210507
56623104,0.3335965871810913,602.612,198.60258731720492,-8.366286970196903,-0.18043166667620344,0.08573553711175919,0.003333219327032566,0.06941357254981995,87347.91729761033,94518.0,0.0016692479451497395,0.0007715578432436343,0.0008976901019061053,1750.3333333333333,0.4581470939900317,0.5418529060099684,109.75925925925925,0.9995827916539892,0.000417208346010935,108.03703703703704,0.9986755241891871,0.001324475810812899
57671680,0.3357715606689453,635.288,211.26127129546367,-8.58718412907049,-0.17092790320725812,0.08309914171695709,0.0037144983652979136,0.0684802234172821,87580.96720234999,95907.0,0.0016629825938831676,0.0007680372758345171,0.0008949453180486505,1743.7636363636364,0.45774960313916246,0.5422503968608375,109.23636363636363,0.9995903772602803,0.00040962273971982706,107.38181818181818,0.9986996055675655,0.0013003944324344826
58720256,0.33659809827804565,648.724,216.36507626850903,-7.938483684510924,-0.18283566897086947,0.07695309817790985,0.004348869435489178,0.06788958609104156,87193.84066495326,97316.0,0.0016572816031319754,0.0007640463965279716,0.0008932352066040039,1737.7857142857142,0.4568121450784422,0.5431878549215579,108.48214285714286,0.9995976919520609,0.0004023080479391159,106.85714285714286,0.9984938891677784,0.0015061108322215954
59768832,0.33394116163253784,692.0,232.42051463654428,-8.126583434234838,-0.15789725416206776,0.07777175307273865,0.0036554140970110893,0.06739763915538788,87642.44109683175,98893.0,0.0016545914767081278,0.0007603293971011514,0.0008942620796069764,1734.9649122807018,0.4552391744948479,0.544760825505152,107.85964912280701,0.9996047499879898,0.00039525001201035943,106.6842105263158,0.9985203121648349,0.0014796878351650761
60817408,0.32982832193374634,681.971,228.01505013463367,-7.661172471804639,-0.1766305748342441,0.08676639944314957,0.003234454896301031,0.06743144989013672,87402.33838139099,100600.0,0.001654131659146013,0.000757562703099744,0.0008965689560462689,1734.4827586206898,0.4537433735245764,0.5462566264754236,107.63793103448276,0.9996115646433692,0.0003884353566308705,106.13793103448276,0.9983159389665905,0.0016840610334093566
61865984,0.327059805393219,653.484,217.53054514448252,-7.828962338766607,-0.16601699726549327,0.08731188625097275,0.003014598973095417,0.06722044944763184,87690.38259228333,102386.0,0.0016549643823655985,0.000756005109366724,0.0008989592729988744,1735.3559322033898,0.4526768327733959,0.5473231672266041,107.62711864406779,0.9996181482934816,0.0003818517065184829,105.67796610169492,0.9983444823739365,0.0016555176260634353
62914560,0.32640302181243896,620.471,204.73275836520642,-7.830821917933412,-0.18432904072409007,0.09054489433765411,0.0029336102306842804,0.06679800152778625,87412.9628337051,104218.0,0.001656500498453776,0.0007557551066080729,0.0009007453918457031,1736.9666666666667,0.4522009961864157,0.5477990038135843,107.4,0.9996245124885903,0.0003754875114098415,105.55,0.99820200630716,0.001797993692839929
63963136,0.32866060733795166,609.004,201.03224397689104,-7.908451930915937,-0.1887357753875637,0.08871642500162125,0.0030593876726925373,0.06637241691350937,87655.78815171354,105839.0,0.0016546874749855916,0.0007547628684122054,0.0008999246065733862,1735.0655737704917,0.45216036335687126,0.5478396366431286,107.21311475409836,0.9996306680215642,0.00036933197843590964,105.21311475409836,0.9978457535518835,0.00215424644811642
65011712,0.33172306418418884,607.33,199.31187756201066,-7.628712147145984,-0.1710220958970668,0.08818686008453369,0.003154620761051774,0.0657607689499855,87322.99036947599,107396.0,0.001651948498141381,0.0007534796191800026,0.0008984688789613785,1732.1935483870968,0.45220165776353993,0.5477983422364601,106.70967741935483,0.9996366249889583,0.0003633750110417821,104.7258064516129,0.997880499462337,0.0021195005376629292
66060288,0.3330591917037964,633.13,209.62720007967764,-7.735911272994708,-0.16469057670053008,0.08851715177297592,0.0037689185701310635,0.06536868214607239,87744.1337712407,108899.0,0.0016484790378146702,0.000751586187453497,0.0008968928503611731,1728.5555555555557,0.45204684472698237,0.5479531552730177,106.11111111111111,0.9996423928462764,0.00035760715372365855,104.14285714285714,0.9979141423280142,0.00208585767198574
67108864,0.3338777422904968,633.092,208.82881672532298,-7.552499123565075,-0.16526215878117143,0.08282504230737686,0.0034125058446079493,0.06482788920402527,87579.67836621619,110406.0,0.0016451776027679443,0.0007496029138565063,0.000895574688911438,1725.09375,0.4517748370647855,0.5482251629352144,105.546875,0.9996479804580534,0.0003520195419467264,103.59375,0.997946733854139,0.002053266145860963
68157440,0.33137694001197815,644.147,213.7700376140289,-7.7983414221533165,-0.19426834440478366,0.08844392001628876,0.002549460157752037,0.06477263569831848,87784.29242454917,112087.0,0.0016445306631234977,0.0007485316349909856,0.000895999028132512,1724.4153846153847,0.45134987480691785,0.548650125193082,105.04615384615384,0.999653396143314,0.0003466038566860075,103.1076923076923,0.9975509721367251,0.002449027863275068
69206016,0.3268115520477295,629.473,209.27110917069484,-8.072449535345193,-0.21420812198551578,0.09433462470769882,0.003407946787774563,0.06480295956134796,87576.83399202111,113937.0,0.0016463453119451349,0.0007484175942160866,0.0008979277177290483,1726.3181818181818,0.4508748767037828,0.5491251232962171,105.06060606060606,0.9996586477169003,0.0003413522830998559,102.71212121212122,0.9971945327714107,0.0028054672285894758
70254592,0.3249169588088989,616.79,204.40082886073412,-7.247555928307586,-0.1745928570696094,0.09763982892036438,0.002384481020271778,0.06469433009624481,87615.28791127005,115737.0,0.0016473940948941814,0.0007485347007637593,0.0008988593941304221,1727.4179104477612,0.4507208569851525,0.5492791430148474,105.07462686567165,0.9996637425270958,0.00033625747290433566,102.31343283582089,0.9966472459507848,0.003352754049215399
71303168,0.3225635886192322,597.371,195.99918950300292,-8.079771155382971,-0.2086465649241719,0.11279243230819702,0.0014687799848616123,0.06448110193014145,87428.87481011308,117704.0,0.0016507541432100184,0.0007506258347455193,0.0009001283084644991,1730.9411764705883,0.45107547340841725,0.5489245265915826,104.91176470588235,0.9996686874899325,0.00033131251006750717,102.1470588235294,0.9965349480546114,0.0034650519453888634
72351744,0.3219279944896698,550.498,178.0881360986973,-8.37456534727104,-0.18604613814756282,0.11426441371440887,0.002284916117787361,0.06432660669088364,87537.4938567959,119534.0,0.0016521232715551405,0.0007529880689538044,0.000899135202601336,1732.376811594203,0.45212506463089763,0.5478749353691021,104.65217391304348,0.9996734891205132,0.0003265108794868187,102.20289855072464,0.9964484421079626,0.003551557892037589
73400320,0.3248301148414612,584.235,191.47517880956434,-7.891340788408183,-0.182443251727081,0.10937077552080154,0.002268883865326643,0.06375429034233093,87715.6824369273,121266.0,0.001652118137904576,0.0007538931710379464,0.0008982249668666295,1732.3714285714286,0.45272651124966445,0.5472734887503354,104.54285714285714,0.9996781535616488,0.0003218464383512927,101.95714285714286,0.9963311114223866,0.0036688885776135225
74448896,0.32472848892211914,579.827,188.06964586762246,-8.699162974528969,-0.19444602911419184,0.10824999958276749,0.002218727022409439,0.06336982548236847,87596.4100252573,123014.0,0.0016523280613858935,0.0007555384031483825,0.000896789658237511,1732.5915492957747,0.45370657746888954,0.5462934225311104,104.64788732394366,0.9996826866100763,0.0003173133899238097,102.04225352112677,0.9962523738071523,0.0037476261928479694
75497472,0.3263532519340515,588.476,192.00932487414406,-7.9346812376938765,-0.20091213776900602,0.09537504613399506,0.002662471029907465,0.06274557113647461,87624.96209740461,124590.0,0.0016502539316813152,0.000755204094780816,0.0008950498369004992,1730.4166666666667,0.4541644739888155,0.5458355260111846,104.48611111111111,0.9996870937404919,0.0003129062595082012,101.63888888888889,0.9961141654190391,0.0038858345809610014
76546048,0.32564085721969604,616.428,201.97323607040943,-8.77500378976576,-0.2080733085187777,0.09613146632909775,0.0025261705741286278,0.06250831484794617,87688.10971385168,126303.0,0.0016500263997953231,0.0007548136253879494,0.0008952127744073737,1730.1780821917807,0.45403665414265243,0.5459633458573476,104.0958904109589,0.9996913801276084,0.00030861987239165056,101.58904109589041,0.9956082682690438,0.004391731730956224
77594624,0.3245909512042999,629.428,206.65445861050765,-8.520337697827257,-0.19804256167637674,0.0973183810710907,0.0021956907585263252,0.062487080693244934,87673.36334377967,128027.0,0.0016499467798181482,0.0007542532843512458,0.0008956934954669025,1730.0945945945946,0.45376419543770846,0.5462358045622916,103.91891891891892,0.9996955506664246,0.00030444933357554716,101.36486486486487,0.9951906684593668,0.0048093315406332856
78643200,0.32716038823127747,636.705,209.10101488045416,-8.50891992643848,-0.2072603426668885,0.08882305026054382,0.0030778776854276657,0.06172303482890129,87753.33741695296,129593.0,0.0016478602091471355,0.0007529067993164063,0.0008949534098307291,1727.9066666666668,0.45354627521586555,0.5464537247841345,103.84,0.9996996099908722,0.0003003900091278732,101.05333333333333,0.9950838527089684,0.00491614729103168
79691776,0.3277915120124817,679.208,224.74711369510368,-8.851499528861066,-0.17830324056392632,0.08281368017196655,0.0030363677069544792,0.06120865046977997,87575.56445974264,131171.0,0.001645979128385845,0.0007507173638594778,0.0008952617645263672,1725.9342105263158,0.452706637914396,0.547293362085604,103.71052631578948,0.9997035624909923,0.0002964375090077696,100.61842105263158,0.9945680435014974,0.005431956498502625
80740352,0.3275088667869568,627.018,204.74154098191718,-9.289133975774515,-0.1735087749428953,0.08200428634881973,0.002368529327213764,0.0609017089009285,87441.70487619335,132771.0,0.0016444193852412235,0.0007496499395989752,0.0008947694456422484,1724.2987012987012,0.45251726599342984,0.5474827340065702,103.54545454545455,0.9997074123287716,0.0002925876712284479,100.50649350649351,0.9943562620218055,0.005643737978194573
81788928,0.3289896845817566,657.907,216.33910568789858,-8.607168341496028,-0.1541486347145822,0.08419916033744812,0.0023730697575956583,0.060449227690696716,87508.892536615,134280.0,0.0016417870154747595,0.0007476562108748999,0.0008941308045998598,1721.5384615384614,0.45200879073910893,0.5479912092608911,103.38461538461539,0.9997111634527618,0.0002888365472383396,100.35897435897436,0.9939964655193652,0.006003534480634891
82837504,0.3290286064147949,667.739,219.09988670377433,-8.728262901421637,-0.19773814466308504,0.08070655167102814,0.0022778278216719627,0.06031208485364914,87489.34167302042,135822.0,0.0016396196582649327,0.0007457129562957377,0.000893906701969195,1719.26582278481,0.4514013472141807,0.5485986527858193,103.49367088607595,0.9997148196115876,0.0002851803884125378,100.07594936708861,0.9935856047094804,0.006414395290519746
83886080,0.33124491572380066,665.73,218.65445906962455,-9.371192917490378,-0.19901570491379209,0.08295576274394989,0.002567768096923828,0.059510063380002975,87350.9636837343,137305.0,0.001636803150177002,0.0007436513900756836,0.0008931517601013184,1716.3125,0.45089200636860893,0.5491079936313911,103.3625,0.9995839757642921,0.0004160242357079187,99.8375,0.9933571426753032,0.006642857324696891
84934656,0.3307484984397888,676.01,223.66453109309637,-8.667339634038507,-0.18635154964323675,0.085490383207798,0.002730898093432188,0.059166133403778076,87580.36550822978,138905.0,0.001635433715066792,0.0007418644281081212,0.0008935692869586709,1714.8765432098764,0.4501711174010952,0.5498288825989048,103.28395061728395,0.9995891118659676,0.0004108881340325123,99.45679012345678,0.9932602303753219,0.006739769624678267
85983232,0.32896754145622253,672.78,223.27395117240877,-7.977441548342554,-0.18433945023185427,0.08305645734071732,0.00304671423509717,0.05890107527375221,87484.27042498406,140481.0,0.0016338185566227611,0.0007400280091820694,0.0008937905474406917,1713.1829268292684,0.44947879908191635,0.5505212009180837,103.0609756097561,0.9995941226968703,0.0004058773031296768,99.14634146341463,0.992683226906671,0.007316773093329191
87031808,0.32943862676620483,646.686,213.2377762894202,-8.356701920324937,-0.1805942237673591,0.08718574047088623,0.001828265842050314,0.058524198830127716,87497.54845531356,142060.0,0.0016322767878153238,0.0007387184234986823,0.0008935583643166416,1711.566265060241,0.44911462911197697,0.550885370888023,102.7710843373494,0.9995990127848599,0.00040098721514016263,98.72289156626506,0.9923948747752652,0.0076051252247348634
88080384,0.329227477312088,651.942,215.1815502135204,-8.022234950988786,-0.19970815523592736,0.08312096446752548,0.002569318749010563,0.05803725868463516,87634.18965133259,143637.0,0.001630749021257673,0.0007373605455671038,0.0008933884756905692,1709.9642857142858,0.4487126167760952,0.5512873832239048,102.5,0.999603786442183,0.00039621355781706546,98.4047619047619,0.9919893802342898,0.008010619765710242
89128960,0.32827895879745483,654.582,216.52762303190678,-7.497579918237403,-0.17565858228554818,0.08874845504760742,0.0022237487137317657,0.05805111676454544,87402.25500806843,145216.0,0.0016292796415441177,0.0007359897389131434,0.0008932899026309742,1708.4235294117648,0.44828407136843246,0.5517159286315676,102.15294117647059,0.9996084477781573,0.000391552221842747,98.03529411764706,0.991908030194659,0.008091969805341043
90177536,0.3270837366580963,645.318,211.74578580797092,-8.494126401648616,-0.20904434473638736,0.09594099223613739,0.00211367872543633,0.05756600946187973,87476.8595245291,146866.0,0.0016286317692246549,0.000735526861146439,0.0008931049080782158,1707.7441860465117,0.4482159338225698,0.5517840661774301,102.22093023255815,0.9996130007109694,0.00038699928903062204,97.76744186046511,0.9915370065877442,0.008462993412255683
91226112,0.32604193687438965,627.49,204.9674656344913,-8.67942647956498,-0.18778865676557818,0.08916813880205154,0.0016310132341459394,0.057121921330690384,87531.43099646654,148565.0,0.0016285359174355693,0.0007354254010079921,0.0008931105164275773,1707.6436781609195,0.4482191888030888,0.5517808111969111,102.14942528735632,0.9996174489786595,0.0003825510213406149,97.59770114942529,0.9909418575021907,0.009058142497809315
92274688,0.32607799768447876,590.519,191.38773611703795,-8.172011130359024,-0.17080359857711042,0.1004600077867508,0.001569906948134303,0.05700105056166649,87445.93661648328,150193.0,0.0016276728023182261,0.0007356188514015892,0.0008920539509166371,1706.7386363636363,0.4486331040967325,0.5513668959032675,102.27272727272727,0.9996217961493564,0.00037820385064356245,97.36363636363636,0.9907496315535973,0.009250368446402686
93323264,0.3257584273815155,639.722,209.59021979241632,-8.491492410691455,-0.19924910805259105,0.09932012856006622,0.0016578682698309422,0.05674102157354355,87622.84099501438,151938.0,0.0016280827897318293,0.0007355614994349104,0.0008925212902969188,1707.1685393258426,0.4485245128302002,0.5514754871697999,102.28089887640449,0.9995169586885314,0.00048304131146866474,97.07865168539325,0.9903854034837066,0.009614596516293292
94371840,0.325852632522583,637.049,208.78883037385344,-8.524549269950016,-0.18617874891955086,0.09683534502983093,0.0015913360984995961,0.05635073035955429,87665.63029972797,153577.0,0.0016273604498969183,0.0007351027594672309,0.0008922576904296875,1706.411111111111,0.44847616575862065,0.5515238342413794,102.0111111111111,0.9995223258142144,0.00047767418578567957,96.86666666666666,0.9896375314791868,0.010362468520813111
95420416,0.32670605182647705,635.642,208.50759631436736,-8.62041965264827,-0.22345009396749277,0.09175417572259903,0.0022479048930108547,0.05596594512462616,87645.83817509026,155212.0,0.001626612065912603,0.0007345702621962998,0.0008920418037163032,1705.6263736263736,0.44838705374453763,0.5516129462554624,102.0,0.9995275749810911,0.0004724250189089139,96.5934065934066,0.9888356538438844,0.01116434615611553
96468992,0.3266066908836365,638.588,209.90170091731287,-8.208829111419618,-0.21682280843024546,0.09197131544351578,0.0018474526004865766,0.05587095022201538,87713.0408887028,156816.0,0.0016255586043648098,0.0007340078768522843,0.0008915507275125254,1704.5217391304348,0.4483652818549258,0.5516347181450741,101.70652173913044,0.9995327100356445,0.0004672899643555561,96.31521739130434,0.9883446355611356,0.011655364438864427
97517568,0.32698512077331543,634.439,207.6557663809287,-8.78994962772727,-0.2166771993186892,0.08974484354257584,0.002345956163480878,0.05537217855453491,87118.96376959096,158342.0,0.0016237279420257896,0.0007329551122521841,0.0008907728297736055,1702.6021505376343,0.4482440469156608,0.5517559530843392,101.52688172043011,0.9995377346589172,0.0004622653410829157,95.9247311827957,0.9870362703042057,0.0129637296957942
98566144,0.3278353214263916,686.588,225.5478324996531,-8.872874834105227,-0.17078420497631042,0.09020555019378662,0.0016243623103946447,0.05483059957623482,87809.50799411463,159866.0,0.0016219159390063996,0.0007313667459690824,0.0008905491930373172,1700.7021276595744,0.4477475655990006,0.5522524344009994,101.2127659574468,0.9995426523753116,0.00045734762468841665,95.51063829787235,0.9860543614935787,0.01394563850642125
99614720,0.3279360830783844,677.676,223.40087283919507,-8.460586815690156,-0.1825294572646851,0.09137417376041412,0.0020879979711025953,0.05444660410284996,87696.61962625604,161373.0,0.001619971425909745,0.0007299925151624178,0.0008899789107473273,1698.6631578947367,0.4474349502156479,0.5525650497843522,100.87368421052632,0.9993949112595379,0.0006050887404621008,95.3157894736842,0.9855176306890666,0.014482369310933288
100663296,0.3279073238372803,691.748,228.15585011077545,-8.673373490042984,-0.19569513004382574,0.08888334035873413,0.002166446764022112,0.05432632565498352,87813.30201127073,162854.0,0.0016178091367085774,0.000728150208791097,0.0008896589279174805,1696.3958333333333,0.4468536203057519,0.5531463796942482,100.55208333333333,0.9992524047434416,0.0007475952565584778,94.97916666666667,0.9848417691260026,0.015158230873997309
101711872,0.3259192705154419,674.661,220.03220571054146,-10.12127991513285,-0.2277975488963447,0.08664096146821976,0.0017733911518007517,0.053925786167383194,87678.33068730851,164445.0,0.001616772917128101,0.0007270439383909874,0.0008897289787371134,1695.3092783505156,0.44646519760650644,0.5535348023934936,100.50515463917526,0.9992601119110349,0.0007398880889650914,94.85567010309278,0.9842527905099973,0.015747209490002554
102760448,0.32572299242019653,660.082,214.94738634335528,-8.935211242476013,-0.17683744656011413,0.08907036483287811,0.001135377213358879,0.05367622524499893,87855.34566765661,165945.0,0.001614872290163624,0.0007256488410794005,0.0008892234490842236,1693.3163265306123,0.4461203146377326,0.5538796853622675,100.25510204081633,0.9992676617894938,0.0007323382105062639,94.76530612244898,0.9837015636490742,0.01629843635092564
103809024,0.3286920487880707,727.385,241.2182147469111,-9.169348117419519,-0.18029072249481728,0.08166701346635818,0.002361317165195942,0.05290449038147926,87544.32080645341,167364.0,0.0016122297807173295,0.0007233667855310921,0.0008888629951862374,1690.5454545454545,0.4453440906183211,0.554655909381679,99.84848484848484,0.9992750591451555,0.0007249408548445845,94.57575757575758,0.9825371140428368,0.017462885957162968
104857600,0.3296671509742737,704.409,231.60149887735025,-8.975821864441969,-0.1722314263750518,0.08778281509876251,0.002221072558313608,0.052295051515102386,87616.14492091013,168862.0,0.0016103935241699218,0.0007216358184814454,0.0008887577056884765,1688.62,0.4447424521153422,0.5552575478846579,99.58,0.9992823085537039,0.0007176914462961387,94.32,0.9819871052212491,0.01801289477875076
105906176,0.3293038606643677,671.632,220.14819956507102,-8.853558729670942,-0.19244680142937118,0.09041482210159302,0.0016910901758819818,0.05196382850408554,87671.10532866241,170336.0,0.0016083670134591584,0.0007203262631255801,0.0008880407503335782,1686.4950495049504,0.444490222885134,0.555509777114866,99.31683168316832,0.9992894144096078,0.0007105855903922165,93.95049504950495,0.9807758380686329,0.019224161931366914
106954752,0.3277224898338318,676.129,221.72186963950097,-8.947664254956878,-0.1911664942250487,0.08568209409713745,0.001425315160304308,0.051563382148742676,87703.45043230084,171807.0,0.0016063521890079275,0.000718836690865311,0.0008875154981426164,1684.3823529411766,0.44410469671336855,0.5558953032866315,99.06862745098039,0.9992963809350038,0.0007036190649962144,93.70588235294117,0.9801117953254196,0.019888204674580284
108003328,0.32792145013809204,671.942,219.97301544787408,-8.846767305254005,-0.20618048716341347,0.08644971251487732,0.0016333593521267176,0.05115257203578949,87493.97487815529,173340.0,0.0016049505437462075,0.0007178204730876441,0.0008871300706585634,1682.9126213592233,0.4438715571744126,0.5561284428255875,98.85436893203884,0.9993032121880621,0.0006967878119379987,93.41747572815534,0.9789395934290563,0.02106040657094358
109051904,0.32695960998535156,664.992,217.67916572457412,-8.743906726554036,-0.19314833646179586,0.09500038623809814,0.0011732943821698427,0.050887610763311386,87754.88701266747,174870.0,0.001603548343365009,0.0007168237979595477,0.0008867245454054612,1681.4423076923076,0.4436508213619638,0.5563491786380362,98.61538461538461,0.999309912070869,0.0006900879291309026,93.1923076923077,0.9776311083274034,0.0223688916725966
110100480,0.32512325048446655,694.649,229.45137057034717,-8.92942556127999,-0.18744633512773268,0.09583675861358643,0.0011580624850466847,0.05107683315873146,87479.97407262611,176461.0,0.0016027268909272693,0.0007158642723446801,0.0008868626185825893,1680.5809523809523,0.44329256535773237,0.5567074346422677,98.29523809523809,0.9993164843368608,0.0006835156631391797,92.92380952380952,0.9766719842187908,0.023328015781209233
111149056,0.32463204860687256,627.462,204.1695913548041,-9.046736024784623,-0.19579352863479194,0.10047145187854767,0.0010772306704893708,0.05107028782367706,87902.6911730702,178075.0,0.0016021278669249336,0.0007154536697099793,0.0008866741972149543,1679.9528301886792,0.44323134279754334,0.5567686572024567,98.11320754716981,0.9993229325978339,0.0006770674021661686,92.78301886792453,0.975924473966122,0.02407552603387804
112197632,0.3237598240375519,622.027,200.84957111937706,-8.737456342935563,-0.20058709308471465,0.10371716320514679,0.0014703755732625723,0.05074214190244675,87619.01628720277,179683.0,0.0016014865625684506,0.0007151755217079804,0.0008863110408604703,1679.2803738317757,0.4432678657945998,0.5567321342054002,97.99065420560747,0.9993292603305644,0.0006707396694356436,92.50467289719626,0.9751110572831572,0.024888942716842836
113246208,0.32311612367630005,633.29,205.28543491659406,-8.874590023320168,-0.18372768104365003,0.10185772180557251,0.0013918662443757057,0.05045352503657341,87571.5416108764,181317.0,0.0016010867224799262,0.000715352870799877,0.0008857338516800492,1678.861111111111,0.443526832130855,0.556473167869145,97.76851851851852,0.9993354708830592,0.0006645291169408692,92.44444444444444,0.974264852403059,0.025735147596940976
114294784,0.32521623373031616,671.912,219.69979600964348,-9.052173689033836,-0.18593823732396736,0.0914488285779953,0.001557371811941266,0.05004912242293358,87646.18051737682,182828.0,0.00159961805431121,0.0007145470435466242,0.0008850710107645857,1677.3211009174313,0.44345294556597165,0.5565470544340284,97.53211009174312,0.9992141464814817,0.000785853518518374,92.23853211009174,0.9730592770861239,0.026940722913875986
115343360,0.3249586820602417,678.018,220.60710749432567,-10.844930081482977,-0.17123254439732494,0.10521509498357773,0.000757979869376868,0.04963458701968193,87553.11656045307,184412.0,0.0015988089821555398,0.0007142760536887429,0.0008845329284667969,1676.4727272727273,0.4435423081361249,0.5564576918638752,97.54545454545455,0.9992212906043773,0.0007787093956227524,92.11818181818182,0.9712328463738336,0.02876715362616641
116391936,0.3243138790130615,663.274,215.16963396098836,-10.001262643450872,-0.19327476422729728,0.09649650752544403,0.0010078130289912224,0.04920182749629021,87415.59502575941,185969.0,0.001597782513042828,0.0007138123383393158,0.0008839701747035121,1675.3963963963963,0.4435677938891152,0.5564322061108848,97.6036036036036,0.9991416809177127,0.0008583190822872736,91.98198198198199,0.9703220087500141,0.029677991249985897
117440512,0.3255261182785034,663.051,215.5437252139314,-9.981349208479747,-0.17469376943444437,0.09884010255336761,0.001340999617241323,0.04877360910177231,87274.87638281491,187599.0,0.001597395965031215,0.0007138081959315709,0.0008835877690996442,1674.9910714285713,0.4437046502429755,0.5562953497570245,97.61607142857143,0.9991493444809473,0.0008506555190525659,91.96428571428571,0.9697933400210953,0.030206659978904673
118489088,0.3244333267211914,652.976,212.47145403000118,-10.855841374495999,-0.2449756342909644,0.096221923828125,0.0016992460004985332,0.04867253452539444,87588.22480787752,189158.0,0.0015964170472811809,0.0007132724323103913,0.0008831446149707896,1673.9646017699115,0.44366641635280996,0.5563335836471901,97.57522123893806,0.9991568724058947,0.000843127594105198,91.89380530973452,0.9693231924692863,0.030676807530713775
119537664,0.3268958330154419,669.163,218.3108515668041,-9.692493168115616,-0.19663912742570747,0.0944056510925293,0.0012894135434180498,0.04798020422458649,87372.30648816151,190648.0,0.00159487807959841,0.0007123277898420367,0.0008825502897563734,1672.3508771929824,0.44351297846063004,0.55648702153937,97.45614035087719,0.9991642682619833,0.0008357317380165559,91.66666666666667,0.968794839106318,0.031205160893681996
120586240,0.3278881013393402,694.662,227.8305906986762,-9.561652421001344,-0.19471211453170717,0.08145949244499207,0.001321692019701004,0.04713142663240433,87546.43113828405,192092.0,0.0015929844068444294,0.0007110263990319294,0.0008819580078125,1670.3652173913044,0.44320927654025694,0.5567907234597431,97.26086956521739,0.9989396514365168,0.0010603485634830786,91.4695652173913,0.9679319728305352,0.032068027169464726
121634816,0.32691144943237305,662.253,215.89155143427104,-10.28644655429013,-0.24722955589860532,0.0908011645078659,0.0014959560940042138,0.04660910367965698,87331.38273671817,193585.0,0.001591526228806068,0.0007100845205372777,0.0008814417082687904,1668.8362068965516,0.4430319464141823,0.5569680535858176,97.10344827586206,0.9989487923724089,0.001051207627590983,91.21551724137932,0.9669570309068015,0.03304296909319848
122683392,0.3271614611148834,701.421,228.59738382746653,-10.078553686190396,-0.1840209786064108,0.08394890278577805,0.0017289879033342004,0.04609759524464607,87550.34711024404,195063.0,0.00158997071095002,0.0007089060595911792,0.0008810646513588408,1667.2051282051282,0.44271504081988095,0.557284959180119,97.05982905982906,0.9989577770529866,0.0010422229470132824,91.03418803418803,0.9656521478587581,0.03434785214124196
123731968,0.32719936966896057,698.227,228.924092075672,-9.719221895828843,-0.1878083024763481,0.08738062530755997,0.0016186696011573076,0.045374248176813126,87452.75798691448,196557.0,0.0015885708695751125,0.0007078607203596729,0.0008807101492154396,1665.7372881355932,0.44244607642566625,0.5575539235743336,96.85593220338983,0.9989666094508426,0.0010333905491572376,90.95762711864407,0.964496352475912,0.03550364752408799
124780544,0.3272581696510315,663.547,215.92292509781663,-10.027720907796175,-0.17255305390226985,0.08779901266098022,0.0016765226610004902,0.04464094340801239,87774.74944553609,198035.0,0.0015870663298278296,0.0007068650061342897,0.0008802013236935399,1664.1596638655462,0.44224176159551226,0.5577582384044876,96.6890756302521,0.9989752934050372,0.001024706594962639,90.77310924369748,0.9634550361538029,0.0365449638461971
125829120,0.3262544274330139,739.66,243.4660832756385,-9.969309463753365,-0.15878944932505348,0.08636453747749329,0.0011265015928074718,0.044427379965782166,87517.09950433768,199604.0,0.001586310068766276,0.0007057507832845052,0.0008805592854817709,1663.3666666666666,0.44174846796929945,0.5582515320307005,96.5,0.9988712200140495,0.001128779985950563,90.56666666666666,0.9614868502464606,0.038513149753539394
126877696,0.3239639401435852,698.854,227.62534421070012,-9.722076823513955,-0.17661876911397364,0.08744663000106812,0.0006180701311677694,0.044447220861911774,87629.35127238744,201187.0,0.001585676650370448,0.0007051278736965715,0.0008805487766738766,1662.702479338843,0.4415485764316531,0.5584514235683469,96.47107438016529,0.9987916835827595,0.001208316417240583,90.44628099173553,0.9600652538329405,0.03993474616705951
127926272,0.32349079847335815,672.254,219.30302774600497,-9.235545474808664,-0.17505907424343517,0.10419397801160812,0.0013778822030872107,0.0441720187664032,87353.90618095045,202752.0,0.0015849129098360656,0.0007047496858190317,0.0008801632240170338,1661.9016393442623,0.4415484532340648,0.5584515467659351,96.31147540983606,0.9986951368895646,0.0013048631104354389,90.24590163934427,0.9585296966107628,0.04147030338923712
128974848,0.3246793746948242,669.119,216.5188911640579,-10.255860641167828,-0.2142735095225471,0.09225354343652725,0.0011743421200662851,0.04368220269680023,87633.88756440066,204261.0,0.0015837273946622524,0.0007042458386925178,0.0008794815559697345,1660.658536585366,0.44158995697083003,0.5584100430291699,96.17886178861788,0.9987057455327389,0.0012942544672611671,90.04878048780488,0.9573886569487389,0.04261134305126106
130023424,0.3254939019680023,714.986,236.56838216432743,-8.562350546113215,-0.16376038141709415,0.08355625718832016,0.0014756834134459496,0.04330511391162872,87654.56000395418,205782.0,0.0015826532917637979,0.0007031886808333859,0.000879464610930412,1659.532258064516,0.44121531844485695,0.5587846815551429,95.98387096774194,0.9987161830687652,0.0012838169312348673,89.80645161290323,0.9557161677797974,0.044283832220202504
131072000,0.3254213333129883,718.314,234.7937507353276,-9.786639887666912,-0.2049721340907935,0.09139718115329742,0.0013111361768096685,0.0429387092590332,87582.24561179355,207301.0,0.0015815811157226562,0.0007025299072265625,0.0008790512084960937,1658.408,0.4411141673258695,0.5588858326741304,95.912,0.9987264536042151,0.0012735463957849883,89.688,0.9536171051042256,0.04638289489577421
132120576,0.3257855772972107,695.016,229.0306704906202,-8.96409401352331,-0.19055503512357366,0.09253206104040146,0.0007781836320646107,0.04263431578874588,87403.14259473179,208796.0,0.0015803443060980903,0.0007015788365924169,0.0008787654695056734,1657.111111111111,0.4408568775230762,0.5591431224769237,95.73015873015873,0.9986278418284913,0.0013721581715088083,89.46031746031746,0.952033623005428,0.047966376994571736
133169152,0.32660967111587524,676.643,221.8621991186767,-9.083392203275114,-0.18922176930266488,0.08829089999198914,0.0015840556006878614,0.04215904325246811,87646.91237031613,210267.0,0.0015789467518723857,0.0007007178359144316,0.000878228915957954,1655.6456692913387,0.44070967214649676,0.5592903278535031,95.5275590551181,0.9985261602842849,0.0014738397157151508,89.18897637795276,0.9504070160955786,0.04959298390442121
134217728,0.32560914754867554,704.766,230.990160492721,-9.591630349740953,-0.2284476648272273,0.09175515174865723,0.0012497645802795887,0.04212898761034012,87723.7515151086,211801.0,0.0015780404210090637,0.0006998181343078613,0.0008782222867012024,1654.6953125,0.4403936649906097,0.5596063350093903,95.390625,0.9985376746570639,0.001462325342936126,88.9921875,0.9485971956573321,0.05140280434266792
135266304,0.32294780015945435,657.962,214.3439278663071,-9.90165611692192,-0.202219155025257,0.09636756032705307,0.0007665975717827678,0.04211883619427681,87595.33532294931,213361.0,0.0015773403552151466,0.0006995607716168544,0.0008777795835982922,1653.9612403100775,0.44045322513081364,0.5595467748691862,95.21705426356588,0.9985490105124354,0.0014509894875645282,88.83720930232558,0.9470857692445296,0.05291423075547052
136314880,0.32187020778656006,673.383,219.03123372949753,-9.81135811176896,-0.2044167149629202,0.09558653831481934,0.00043598757474683225,0.042126283049583435,87649.85737227151,214971.0,0.0015770178574782152,0.0006992413447453426,0.0008777765127328726,1653.623076923077,0.4403618266957414,0.5596381733042585,95.0,0.9984453614074604,0.0015546385925396344,88.56923076923077,0.9456409499369505,0.054359050063049516
137363456,0.3229699730873108,656.058,212.58039995571175,-9.926435913218185,-0.18085030338506963,0.0988425612449646,0.00042581584420986474,0.04141134396195412,87437.4891905404,216526.0,0.0015762998857570968,0.0006991815931014432,0.0008771182926556536,1652.8702290076335,0.4405593542944166,0.5594406457055834,94.87022900763358,0.9984572288776326,0.0015427711223675762,88.45801526717557,0.9450243386005223,0.05497566139947765
138412032,0.32351505756378174,688.002,226.08798820495048,-8.974536529524253,-0.1683588965402942,0.09213007986545563,0.001280380878597498,0.04120103269815445,87600.41073171364,218062.0,0.0015754555210922704,0.0006985881111838601,0.0008768674099084103,1651.9848484848485,0.44043260255733774,0.5595673974426623,94.79545454545455,0.9984689165376505,0.00153108346234964,88.22727272727273,0.9434815732349489,0.056518426765051095
139460608,0.32310980558395386,705.173,231.14331482408568,-9.753388285830617,-0.1974655135933993,0.09454333782196045,0.0009623224614188075,0.04102468490600586,87307.59353047649,219608.0,0.0015746955584762688,0.0006978458031675869,0.0008768497553086819,1651.187969924812,0.44018014993376564,0.5598198500662344,94.67669172932331,0.9983852537979077,0.0016147462020921336,87.99248120300751,0.9417959843054683,0.05820401569453165
140509184,0.32437989115715027,682.816,221.1410345907472,-11.199788145803847,-0.21579458222586106,0.09212934970855713,0.0007793684490025043,0.04055333137512207,87730.57429853285,221125.0,0.0015737405463830748,0.0006972142119905842,0.0008765263343924907,1650.186567164179,0.440058379316928,0.559941620683072,94.55223880597015,0.9983973041426994,0.0016026958573004011,87.7910447761194,0.9410069513910281,0.058993048608971775
141557760,0.3252938687801361,701.98,229.22460111989827,-10.546030073144474,-0.19755625460412665,0.08382682502269745,0.0010112747550010681,0.03979067504405975,87490.31457058595,222565.0,0.001572255735044126,0.0006962952790436921,0.000875960456000434,1648.6296296296296,0.43989025140429233,0.5601097485957077,94.39259259259259,0.9983077046295168,0.0016922953704832596,87.6,0.9394128736148939,0.060587126385106035
142606336,0.3260701596736908,719.999,235.352518447116,-11.185310873027658,-0.18101337302850407,0.08304222673177719,0.001504057552665472,0.03905831649899483,87432.12673047381,223962.0,0.0015704912297865923,0.0006951163796817555,0.0008753748501048368,1646.7794117647059,0.4396137835466362,0.5603862164533637,94.25735294117646,0.998223398751823,0.0017766012481770746,87.3529411764706,0.9383605458404926,0.061639454159507494
143654912,0.3254079818725586,720.044,234.04514355052822,-10.376391587710415,-0.1793909964590772,0.07658746838569641,0.0015630759298801422,0.038706615567207336,87667.31135619339,225363.0,0.001568780328235487,0.0006937737012431569,0.00087500662699233,1644.985401459854,0.43919750679567715,0.560802493204323,94.15328467153284,0.9982363666441454,0.0017636333558546143,87.07299270072993,0.9371718572145153,0.06282814278548457
144703488,0.3265390396118164,730.801,238.51011687384172,-9.82546624594787,-0.15251521677996654,0.07620765268802643,0.0023102781269699335,0.03818875551223755,87406.62711119403,226720.0,0.0015667901522871377,0.0006922500720922498,0.0008745400801948879,1642.8985507246377,0.43872229497547627,0.5612777050245237,94.10144927536231,0.9982491465959994,0.0017508534040005953,86.83333333333333,0.936285211979735,0.063714788020265
145752064,0.32645687460899353,747.563,244.54545253760043,-10.100329892673065,-0.1755657292377856,0.0774044394493103,0.001557291834615171,0.037650808691978455,87805.17963833392,228050.0,0.0015646433658737073,0.0006904670660444301,0.0008741762998292772,1640.6474820143885,0.43808670968680113,0.5619132903131989,93.89928057553956,0.9982617426636541,0.0017382573363459149,86.57553956834532,0.9356150827921249,0.0643849172078749
146800640,0.3240508735179901,725.748,235.5220995162502,-10.469189457254208,-0.19009101324396205,0.0863800197839737,0.0010462547652423382,0.03791746869683266,87546.42416757379,229556.0,0.0015637261526925223,0.0006893089839390345,0.0008744171687534877,1639.6857142857143,0.4375851038018252,0.5624148961981748,93.85,0.9981920569812454,0.0018079430187546096,86.42857142857143,0.9351009490838695,0.06489905091613034
147849216,0.3214811682701111,698.822,225.86646599110355,-10.297523896952276,-0.2074028285954953,0.08443501591682434,0.0010272194631397724,0.038003548979759216,87609.23870296989,231012.0,0.0015624837672456782,0.0006883296560733877,0.0008741541111722906,1638.3829787234042,0.4372971103137131,0.5627028896862869,93.822695035461,0.9981260770656968,0.001873922934303237,86.20567375886525,0.9342717353895288,0.06572826461047113
148897792,0.3216795325279236,701.121,226.11771806933405,-9.863032547951189,-0.2107787348492274,0.08910071849822998,0.00034668485750444233,0.038014255464076996,87718.92948503808,232513.0,0.0015615611009194817,0.0006876260461941571,0.0008739350547253246,1637.4154929577464,0.43711233695801177,0.5628876630419882,93.82394366197182,0.9981392737060792,0.00186072629392082,86.05633802816901,0.9334345021500576,0.06656549784994234
149946368,0.3227262794971466,716.682,232.5589081103811,-9.9774322787188,-0.19745261416462234,0.09264066070318222,0.0011358917690813541,0.037373147904872894,87543.2961733554,234026.0,0.001560731367631392,0.0006871323485474486,0.0008735990190839434,1636.5454545454545,0.4370460075433932,0.5629539924566068,93.92307692307692,0.9979580355838146,0.002041964416185554,85.86013986013987,0.9320914588507203,0.06790854114927962
150994944,0.3232092261314392,715.753,232.16566761505044,-10.366105691276491,-0.20588307347646276,0.08955548703670502,0.0014007419813424349,0.03687185049057007,87312.91992427799,235505.0,0.0015596879853142633,0.0006865130530463324,0.0008731749322679308,1635.451388888889,0.4369549595137716,0.5630450404862284,93.80555555555556,0.9978820283020726,0.002117971697927412,85.6875,0.9309692390203591,0.06903076097964095
152043520,0.32157593965530396,694.85,224.49826362544485,-9.235278355476359,-0.1765010488741445,0.092657670378685,0.001337211113423109,0.03681297227740288,87351.69755451995,237050.0,0.0015590930807179418,0.0006861456509294181,0.0008729474297885237,1634.8275862068965,0.43690543195011233,0.5630945680498877,93.71724137931035,0.9978966350034376,0.002103364996562395,85.50344827586207,0.9302764061621239,0.06972359383787605
153092096,0.3224450945854187,678.821,219.72420868082625,-10.379163016101113,-0.23141997354343738,0.08925586193799973,0.0006617411272600293,0.03634503483772278,87533.18182246815,238475.0,0.0015577224835957566,0.0006855024050359857,0.0008722200785597709,1633.390410958904,0.4368977884003459,0.5631022115996541,93.63698630136986,0.9978275133804604,0.0021724866195394986,85.41780821917808,0.9291589190491726,0.07084108095082735
154140672,0.32290786504745483,703.975,226.89347929879278,-10.093798893211234,-0.16505493050069014,0.09629853069782257,0.000495013315230608,0.03622441738843918,87287.09479913344,239950.0,0.0015566949130726509,0.0006848938611088966,0.0008718010519637542,1632.312925170068,0.43680820353748173,0.5631917964625183,93.54421768707483,0.9978422922010015,0.0021577077989984135,85.29931972789116,0.9278401108763692,0.07215988912363085
155189248,0.32301217317581177,691.076,223.62421020478754,-8.766795047003775,-0.17635454360706576,0.08943065255880356,0.001119340187869966,0.036424823105335236,87546.53047102601,241410.0,0.0015555845724569786,0.0006842162158038165,0.0008713683566531619,1631.1486486486488,0.4366937090115436,0.5633062909884564,93.51351351351352,0.997780952692507,0.0022190473074928823,85.08108108108108,0.9271803039058889,0.07281969609411117
156237824,0.32215428352355957,672.007,216.4665641104877,-8.996121775402221,-0.2110967972276709,0.09158176183700562,0.0007929800194688141,0.03625824302434921,87460.85702906207,242906.0,0.0015547195536978293,0.0006837780843645134,0.0008709414693333159,1630.241610738255,0.43667444606120953,0.5633255539387905,93.46308724832215,0.9977958456274566,0.0022041543725432656,84.81879194630872,0.9266477252686449,0.07335227473135524
157286400,0.3224164843559265,726.183,235.2301019531712,-9.903904855247587,-0.1901744011385836,0.08540920168161392,0.0012197868200019002,0.03642509505152702,87364.17003851452,244398.0,0.0015538406372070312,0.0006829071044921875,0.0008709335327148438,1629.32,0.4363548827300061,0.5636451172699939,93.48,0.9977410955454958,0.0022589044545040884,84.61333333333333,0.9254083453717922,0.07459165462820794
158334976,0.32408154010772705,716.659,231.64981010660807,-9.806136837014929,-0.1582000888230389,0.08598946779966354,0.0009212769800797105,0.03590213134884834,87418.00844212898,245811.0,0.00155247441980223,0.0006820350293292115,0.0008704393904730184,1627.887417218543,0.43617411357463476,0.5638258864253652,93.43046357615894,0.9976020431647079,0.002397956835292064,84.52980132450331,0.9249825358733771,0.07501746412662304
159383552,0.3254203200340271,716.983,231.70402183787803,-10.53823275266448,-0.22108950609682568,0.07615222781896591,0.0012795402435585856,0.0346732959151268,87995.16738180492,247214.0,0.001551063437210886,0.0006811430579737613,0.0008699203792371248,1626.407894736842,0.43599145854338023,0.5640085414566197,93.38157894736842,0.997617819196519,0.0023821808034809313,84.46052631578948,0.9240535967148928,0.0759464032851072
160432128,0.3243061304092407,744.01,241.93960475182905,-11.339581211991607,-0.1988908766647121,0.07970993220806122,0.0008621533052064478,0.03453347459435463,87722.65443918611,248657.0,0.001549920225455091,0.0006802378137127247,0.0008696824117423662,1625.2091503267975,0.43571907903863527,0.5642809209613647,93.33986928104575,0.9974831373341423,0.0025168626658576996,84.43137254901961,0.9229976908540113,0.07700230914598886
161480704,0.32419389486312866,736.617,236.65989368962775,-11.111815051639452,-0.2011342410053267,0.07445943355560303,0.0017128207255154848,0.03386136144399643,87622.72054042923,250014.0,0.0015482592892337155,0.0006792576282055347,0.0008690016610281808,1623.4675324675325,0.4355455163178922,0.5644544836821078,93.36363636363636,0.9974325372322939,0.002567462767706127,84.29220779220779,0.9217454898105355,0.07825451018946472
162529280,0.32340800762176514,719.588,233.99577850520984,-10.710281486030668,-0.2021922185093073,0.07865530252456665,0.0006293900078162551,0.03384264558553696,87465.36371641372,251446.0,0.0015470812397618448,0.0006784008395287299,0.0008686804002331149,1622.2322580645161,0.4353170914694185,0.5646829085305815,93.4258064516129,0.9972611904527808,0.0027388095472192036,84.16129032258064,0.9207382608440159,0.07926173915598429
163577856,0.325283408164978,743.672,243.26388476070204,-10.91822483753733,-0.18675090825332705,0.08061965554952621,0.0009531922405585647,0.0335644893348217,87342.61265174352,252849.0,0.0015457410078782302,0.0006774144294934395,0.0008683265783847907,1620.826923076923,0.4350395274612876,0.5649604725387124,93.33333333333333,0.9971976044380315,0.0028023955619684475,84.0,0.9199425679507306,0.08005743204926949
164626432,0.32445502281188965,707.994,229.26449718836696,-10.502400281773996,-0.18010013440007283,0.07596203684806824,0.0009454250102862716,0.03286091983318329,87390.74406895744,254307.0,0.0015447519387409186,0.0006766410390282892,0.0008681108997126293,1619.7898089171974,0.43481547203662174,0.5651845279633783,93.3312101910828,0.9971469656315978,0.002853034368402043,83.94904458598727,0.9194467889393112,0.08055321106068881
165675008,0.3236563503742218,732.709,238.46856564214693,-12.1676447599791,-0.21372348033704688,0.08466649055480957,0.0008440661476925015,0.03229457885026932,87652.52131971573,255801.0,0.0015439926823483238,0.0006759921206703669,0.0008680005616779569,1618.993670886076,0.434613760908469,0.565386239091531,93.27848101265823,0.99701610248352,0.002983897516479916,83.89873417721519,0.9185408965376302,0.08145910346237
166723584,0.32352322340011597,741.159,241.4100187807195,-11.63747518791072,-0.1706064391610056,0.0903308093547821,0.0005502733984030783,0.031695134937763214,87708.37046100272,257279.0,0.0015431470091237963,0.0006753333709524863,0.0008678136381713099,1618.1069182389938,0.4344292555058652,0.5655707444941348,93.18867924528301,0.9970348691345671,0.0029651308654328724,83.84905660377359,0.9175636449539772,0.08243635504602274
167772160,0.3242042660713196,724.327,235.77359704476595,-11.588786520009918,-0.19292296031220973,0.08507040143013,0.0009550329996272922,0.03105384297668934,87739.6228166571,258690.0,0.00154191255569458,0.0006745576858520508,0.0008673548698425293,1616.8125,0.4342743136228089,0.5657256863771911,93.09375,0.996973272997348,0.0030267270026521215,83.73125,0.9164442567883995,0.0835557432116005
168820736,0.3249395489692688,742.564,240.49667621622422,-11.122679872389883,-0.2131712524110856,0.07926555722951889,0.0012253513559699059,0.03038456104695797,87588.31028071756,260086.0,0.001540604585446186,0.0006735843160878057,0.0008670202693583802,1615.44099378882,0.4339929109380422,0.5660070890619578,93.0,0.9969920725439483,0.0030079274560517975,83.58385093167702,0.9153069218601073,0.08469307813989284
169869312,0.32394903898239136,755.277,246.37661515316367,-11.365659891542425,-0.19795597030796075,0.08544238656759262,0.0013273947406560183,0.030407777056097984,87876.7232308113,261530.0,0.0015395953331464602,0.0006729349677945361,0.0008666603653519242,1614.3827160493827,0.43386173483516205,0.5661382651648379,92.93827160493827,0.99686189687675,0.0031381031232500505,83.53703703703704,0.914124065617306,0.08587593438269403
170917888,0.32263660430908203,676.742,220.42913747333571,-8.954903062725371,-0.17242532982753034,0.091520756483078,0.00018437649123370647,0.030839763581752777,87509.01267844546,263031.0,0.0015389319577831433,0.000672474960607985,0.0008664569971751581,1613.6871165644172,0.43376271510603437,0.5662372848939657,92.85889570552148,0.9968044619265859,0.0031955380734141605,83.39877300613497,0.9134440326290071,0.08655596737099289
171966464,0.3231375217437744,708.077,230.50807012413722,-9.394033346040581,-0.196084216470558,0.08687669038772583,0.0012762530241161585,0.030660685151815414,87709.90622466314,264466.0,0.0015378928766018006,0.0006718926313446789,0.0008660002452571218,1612.5975609756097,0.43368856920573196,0.566311430794268,92.76219512195122,0.996744757811259,0.003255242188740982,83.23780487804878,0.9125811411163998,0.08741885888360022
173015040,0.32318079471588135,734.157,238.88515441087634,-9.773797103566118,-0.16179818643219146,0.08426333218812943,0.0007535327458754182,0.030399352312088013,87573.82763179915,265934.0,0.0015370571252071496,0.0006712595621744792,0.0008657975630326705,1611.7212121212121,0.4335165981893253,0.5664834018106748,92.6969696969697,0.9966905767217895,0.003309423278210549,83.04848484848485,0.9108965001679087,0.08910349983209122
174063616,0.3223997950553894,735.675,239.78291943065125,-9.92978964624484,-0.1759185424890804,0.08392821252346039,0.00023928841983433813,0.030265819281339645,87696.4867281405,267370.0,0.0015360476022743318,0.0006705594350056475,0.0008654881672686841,1610.6626506024097,0.4333465733755862,0.5666534266244138,92.56024096385542,0.996710513006598,0.0032894869934020515,82.87951807228916,0.9088045716345862,0.09119542836541378
175112192,0.3228670358657837,736.699,239.81165638673957,-9.715686916238162,-0.17728146157591218,0.08995269984006882,0.0005419226363301277,0.02978084422647953,87648.25558806026,268849.0,0.0015352957262964307,0.0006698505607193816,0.000865445165577049,1609.874251497006,0.4330958797040146,0.5669041202959855,92.41916167664671,0.9966434275776771,0.0033565724223229283,82.67664670658682,0.9075175834871959,0.09248241651280406
176160768,0.32171398401260376,732.969,238.2814719893986,-9.560087328283116,-0.1741852202384399,0.08782292902469635,0.000816297484561801,0.029609007760882378,87625.29554753247,270315.0,0.0015344790049961635,0.0006692523048037575,0.0008652267001924061,1609.017857142857,0.43294191946378324,0.5670580805362168,92.30357142857143,0.996663407175429,0.003336592824571006,82.56547619047619,0.9063009609664389,0.0936990390335612
177209344,0.32221752405166626,714.29,232.77332760807872,-9.924585642768418,-0.15649927223422166,0.09221099317073822,0.0006621782667934895,0.028955310583114624,87421.85732637408,271780.0,0.0015336663059934356,0.0006688868505714913,0.0008647794554219444,1608.1656804733727,0.4329529867254735,0.5670470132745266,92.28402366863905,0.9966831503282372,0.0033168496717628938,82.46745562130178,0.9051519683697216,0.09484803163027851
178257920,0.32128632068634033,750.964,242.1846936521679,-10.849818459816655,-0.1389372048435495,0.08806297183036804,0.00051162950694561,0.028521372005343437,87565.73380620984,273230.0,0.0015327790204216452,0.0006683798397288603,0.0008643991806927849,1607.235294117647,0.43288490627617554,0.5671150937238245,92.34117647058824,0.9965873209549106,0.003412679045089318,82.4,0.9036386469319211,0.09636135306807884
179306496,0.3220243453979492,768.403,249.28440272440318,-11.710660303543321,-0.20215450664157844,0.08252637088298798,0.0008533630170859396,0.028281692415475845,87665.68971226703,274666.0,0.0015318240338598776,0.000667694716425667,0.0008641293174342105,1606.233918128655,0.4327072574896967,0.5672927425103033,92.42105263157895,0.9964969394023773,0.003503060597622725,82.36842105263158,0.9023794249516859,0.09762057504831412
180355072,0.32317593693733215,750.118,241.09469587042742,-11.550147893704475,-0.19351899388918672,0.08318685740232468,6.504578050225973e-05,0.027338728308677673,87279.00712038741,276103.0,0.0015308856964111328,0.0006672005320704261,0.0008636851643407067,1605.25,0.4326635604747079,0.5673364395252921,92.43023255813954,0.9965173060337588,0.0034826939662411975,82.37209302325581,0.9013358908895545,0.09866410911044568
181403648,0.3226235508918762,713.943,231.88536784113012,-10.677050396703184,-0.19444792556793977,0.0848495289683342,0.0008189473301172256,0.026762254536151886,87671.5509803282,277593.0,0.0015302503729142205,0.0006666514225777863,0.0008635989503364343,1604.5838150289017,0.43249027147634767,0.5675097285236523,92.54335260115607,0.9964342167338114,0.0035657832661886053,82.2485549132948,0.9007690862516067,0.09923091374839345
182452224,0.32199692726135254,706.602,228.64319282625522,-10.798705884361175,-0.17742341510166423,0.08268509805202484,0.0008994987001642585,0.0264610406011343,87773.87181290465,279094.0,0.0015296826417418733,0.0006662949748422908,0.0008633876668995824,1603.9885057471265,0.4324321956438146,0.5675678043561854,92.50574712643679,0.9963878826894979,0.0036121173105021433,82.13793103448276,0.8995148942762508,0.10048510572374933
183500800,0.3219777047634125,743.678,241.49631378457323,-11.92375470608892,-0.22465653301604518,0.08472970128059387,-0.00010651312913978472,0.026282697916030884,87579.94519927085,280569.0,0.0015289797101702008,0.000665773664202009,0.000863206045968192,1603.2514285714285,0.4322972320076901,0.5677027679923099,92.53142857142858,0.9963496131978407,0.003650386802159362,82.06285714285714,0.8982671487106141,0.10173285128938588
184549376,0.32325658202171326,754.643,242.61949188727326,-12.450914235301315,-0.21564575347990741,0.0813126415014267,0.0009926097700372338,0.025902576744556427,87600.64453920626,281967.0,0.0015278675339438698,0.0006651011380282315,0.0008627663959156383,1602.0852272727273,0.4321738758725184,0.5678261241274817,92.53977272727273,0.9962494642833946,0.0037505357166055064,81.93181818181819,0.8973043442254518,0.10269565577454828
185597952,0.3252769410610199,745.739,239.9561582732955,-11.653640026703476,-0.20202813785340393,0.0840846598148346,0.000615387165453285,0.025335151702165604,87743.23399394698,283426.0,0.0015270965921003266,0.0006645278068585584,0.0008625687852417682,1601.276836158192,0.43202075774386434,0.5679792422561357,92.54802259887006,0.99627065375072,0.0037293462492800516,81.87570621468926,0.896550584590782,0.10344941540921812
186646528,0.3250577747821808,753.208,245.86024670371228,-10.486464175836183,-0.1771922452682022,0.0802682414650917,0.0008070515468716621,0.025282396003603935,87520.41198204254,284842.0,0.0015261039305269049,0.0006635590885462386,0.0008625448419806662,1600.2359550561798,0.43164090393441007,0.5683590960655899,92.42696629213484,0.9962124786900852,0.003787521309914734,81.7247191011236,0.8957017304383312,0.10429826956166889
187695104,0.32487332820892334,742.076,242.8855281819547,-11.653483635683545,-0.1954811355172057,0.08355174958705902,0.00028364546597003937,0.02468825876712799,87655.88074461826,286245.0,0.0015250530988810448,0.0006627823387444353,0.0008622707601366096,1599.1340782122904,0.4314195419358994,0.5685804580641006,92.40782122905028,0.9962336380270121,0.003766361972987836,81.64804469273743,0.8943948196866218,0.10560518031337827
188743680,0.32578495144844055,743.656,239.01159666141868,-12.308983844685368,-0.21452433012626135,0.08720943331718445,0.0014609966892749071,0.023940183222293854,87499.64956947962,287627.0,0.0015239026811387803,0.0006620460086398654,0.0008618566724989149,1597.9277777777777,0.4312578527296146,0.5687421472703854,92.39444444444445,0.9961928338651338,0.0038071661348662985,81.51666666666667,0.8937363044048379,0.10626369559516219
189792256,0.32425808906555176,704.95,227.58465015146137,-11.961696955569089,-0.18916593381514213,0.09106533229351044,0.000749042839743197,0.02389710210263729,87631.15490730971,289106.0,0.0015232760603256647,0.0006616181431554299,0.0008616579171702348,1597.2707182320441,0.43116509794088886,0.5688349020591111,92.39779005524862,0.9962138679321773,0.0037861320678228383,81.3646408839779,0.8928910250475777,0.1071089749524224
190840832,0.3225293755531311,714.66,230.87281963215023,-12.024440355300904,-0.21468532634673057,0.08653025329113007,0.0002480014518368989,0.02351321652531624,87728.2993361643,290653.0,0.0015230126433320099,0.000661278818989848,0.0008617338243421617,1596.9945054945056,0.43103008864777087,0.5689699113522292,92.41758241758242,0.9961202019911579,0.003879798008842126,81.22527472527473,0.8915172125080699,0.10848278749193029
191889408,0.32103055715560913,692.954,224.80402609833888,-10.86968351303041,-0.17032504278420493,0.09155309200286865,0.00028420938178896904,0.023640286177396774,87568.02649806741,292162.0,0.001522554074480234,0.0006609119352747183,0.0008616421392055157,1596.5136612021859,0.4309307777598398,0.5690692222401602,92.39344262295081,0.9961414030731734,0.0038585969268265957,81.10382513661202,0.890998594786668,0.10900140521333217
192937984,0.31993067264556885,693.752,222.88866943922451,-11.680357343432494,-0.2217458052740862,0.09143853187561035,0.0006906814523972571,0.02351963333785534,87250.57616619984,293691.0,0.0015222041503242824,0.0006607200788414997,0.0008614840714827827,1596.1467391304348,0.43092049411610134,0.5690795058838987,92.33152173913044,0.9960952776270566,0.0039047223729435474,80.96739130434783,0.8898440993181068,0.11015590068189321
193986560,0.32047152519226074,677.792,218.68447117404827,-9.645274870255962,-0.17065454756468554,0.09742683172225952,0.0005206642672419548,0.023365164175629616,87820.73144997863,295234.0,0.0015219301790804476,0.0006603911116316512,0.0008615390674487965,1595.8594594594595,0.4307946938238621,0.5692053061761378,92.24324324324324,0.995903012968475,0.004096987031525076,80.75675675675676,0.8892812354607889,0.11071876453921117
195035136,0.3209153413772583,699.932,226.80683147364576,-10.238101555799133,-0.18389663250894092,0.09514115750789642,0.0001925302785821259,0.023096168413758278,87915.82061452269,296767.0,0.0015216078809512559,0.000660209245579217,0.0008613986353720388,1595.521505376344,0.4307827407848706,0.5692172592151294,92.18817204301075,0.9959250397804725,0.0040749602195276294,80.61827956989248,0.8884102219759069,0.11158977802409323
196083712,0.32335638999938965,697.712,223.64306818459275,-10.33665408555651,-0.1595829080062891,0.08929886668920517,0.000774462940171361,0.02267870493233204,87675.2054948927,298134.0,0.0015204424526602189,0.0006595856365673045,0.0008608568160929144,1594.2994652406417,0.43070888372384497,0.5692911162761551,92.09625668449198,0.9958042285160491,0.004195771483950833,80.50267379679144,0.8881005869630746,0.11189941303692551
197132288,0.3245112895965576,737.891,241.7776480050236,-10.258935252449476,-0.18870631571071567,0.08684246242046356,0.001247988548129797,0.022124718874692917,87574.49724405096,299545.0,0.0015195126229144158,0.0006589432980151886,0.000860569324899227,1593.3244680851064,0.4305478004611282,0.5694521995388718,91.95212765957447,0.9957447133889179,0.004255286611082027,80.38829787234043,0.8868926952725932,0.11310730472740706
198180864,0.32512664794921875,720.101,232.9856726052314,-11.529124792940914,-0.19760701449787355,0.08751505613327026,0.0005662741023115814,0.021736005321145058,87568.98894137618,300937.0,0.0015184967606155962,0.0006583481238632606,0.0008601486367523355,1592.2592592592594,0.43044774824193965,0.5695522517580605,91.7936507936508,0.9956818893378758,0.004318110662124262,80.33862433862434,0.8861497649972854,0.11385023500271477
199229440,0.3239884376525879,747.001,242.95665893422068,-10.85265037249634,-0.1871649607144789,0.08729180693626404,0.0008442922262474895,0.02141336351633072,87583.36359661681,302428.0,0.001517988506116365,0.0006578947368421052,0.0008600937692742599,1591.7263157894736,0.43030020476130587,0.5696997952386942,91.75263157894737,0.9956419595944935,0.004358040405506565,80.27894736842106,0.8848420354942487,0.1151579645057516
200278016,0.3233058750629425,751.105,242.68773896864337,-10.945241235017777,-0.193324817901347,0.08037663996219635,0.00018804871069733053,0.021385446190834045,87556.03608879099,303868.0,0.0015172309276321172,0.000657276333314586,0.0008599545943175311,1590.931937172775,0.430105206597925,0.569894793402075,91.71204188481676,0.9956024479636073,0.004397552036392719,80.13089005235602,0.8837333176281893,0.11626668237181088
201326592,0.3233375549316406,726.868,234.83805560781062,-10.75912410274963,-0.20411035766230518,0.08560768514871597,5.219333979766816e-05,0.021133536472916603,87500.53565367391,305277.0,0.0015163272619247437,0.0006566147009531657,0.000859712560971578,1589.984375,0.42992031543657944,0.5700796845634205,91.69791666666667,0.9956253518804635,0.0043746481195365075,80.015625,0.8827224939551975,0.11727750604480253
202375168,0.32318609952926636,740.015,241.7363880684008,-10.415035781934858,-0.17280643417123043,0.08616647124290466,1.637791865505278e-05,0.020679548382759094,87542.11125342138,306783.0,0.0015159122684458995,0.0006560982817812905,0.0008598139866646089,1589.5492227979275,0.4297019832556401,0.57029801674436,91.73056994818653,0.9955951475617427,0.004404852438257319,79.85492227979275,0.8818497645268581,0.11815023547314181
203423744,0.3214643597602844,703.16,228.11799521854428,-10.532090497257071,-0.20259095951150236,0.08600381016731262,0.00022221340623218566,0.02082931622862816,87314.64295158807,308266.0,0.0015153884887695312,0.000655601934059379,0.0008597865547101522,1589.0,0.42952733017304734,0.5704726698269528,91.72164948453609,0.9956178529866823,0.004382147013317849,79.73195876288659,0.8811701265653795,0.11882987343462047
204472320,0.3230218291282654,724.115,235.3960405209793,-11.05217305220943,-0.21293157209909896,0.07981052994728088,0.0002204001066274941,0.020199615508317947,87772.09558020683,309694.0,0.001514601096128806,0.0006550666613456531,0.0008595344347831531,1588.174358974359,0.42940032799145167,0.5705996720085483,91.6923076923077,0.9955806952432801,0.004419304756720035,79.67692307692307,0.8803673960761181,0.11963260392388178
205520896,0.3220604658126831,695.411,225.6976404568795,-10.840634634666145,-0.17610634063075167,0.09256798028945923,0.0002184436598327011,0.019808143377304077,88067.48836029643,311154.0,0.001513977440036073,0.0006548190603450853,0.0008591583796909877,1587.5204081632653,0.4294320428402512,0.5705679571597487,91.70918367346938,0.9956032427165287,0.004396757283471464,79.60714285714286,0.8798955154220502,0.1201044845779498
206569472,0.32332220673561096,674.278,213.67888034227119,-10.514333244971233,-0.19971393920531122,0.08613190054893494,0.00040318764513358474,0.019421352073550224,87646.71499588546,312577.0,0.0015131809989813016,0.0006543948565642845,0.0008587861424170169,1586.6852791878173,0.4293889445137669,0.5706110554862331,91.6751269035533,0.99544640332382,0.004553596676180028,79.5228426395939,0.8798605933793792,0.12013940662062074
207618048,0.3234995901584625,724.669,234.5461957285777,-10.681322020954708,-0.17813496607202467,0.07831747084856033,0.0005294415168464184,0.01900237239897251,87619.78958092982,314008.0,0.0015124311350812815,0.000653652229694405,0.0008587789053868766,1585.8989898989898,0.4290979296142504,0.5709020703857497,91.61616161616162,0.9954694012868309,0.004530598713169018,79.3989898989899,0.8793654296846257,0.12063457031537426
208666624,0.3241947591304779,716.371,232.3807702728583,-10.665544781271368,-0.2009139290734385,0.08403292298316956,0.0005021194228902459,0.0185689777135849,87566.36668177592,315467.0,0.0015118229928328165,0.0006530991750745917,0.0008587238177582247,1585.2613065326634,0.4289048673898067,0.5710951326101933,91.52763819095478,0.9954921681145353,0.004507831885464651,79.26130653266331,0.8791019002737637,0.12089809972623632
209715200,0.3236314356327057,744.931,241.7670454131225,-11.698648231476545,-0.22299951698352644,0.08132144063711166,0.000614665390457958,0.0182960107922554,87544.91503493568,316795.0,0.0015105962753295898,0.0006522607803344727,0.0008583354949951172,1583.975,0.42867675871550837,0.5713232412844917,91.405,0.9955147072739626,0.004485292726037328,79.105,0.8779355574390615,0.12206444256093847
210763776,0.3253088593482971,767.448,251.14258797418606,-10.878236483044457,-0.1762722911672909,0.07210138440132141,0.0008289255783893168,0.017906397581100464,87548.32895544561,318149.0,0.0015095051248275226,0.0006511507935784942,0.0008583543312490283,1582.8308457711444,0.4281975141286172,0.5718024858713829,91.2587064676617,0.9954567782215645,0.004543221778435472,78.91542288557214,0.8767226757675408,0.12327732423245912
211812352,0.32594943046569824,762.716,246.88333664493263,-12.448946352575906,-0.1999781998313523,0.08536170423030853,0.0005540332058444619,0.017821423709392548,87474.44285761623,319485.0,0.001508339796916093,0.0006502548066696318,0.0008580849902464612,1581.6089108910892,0.4279045164153462,0.5720954835846538,91.16336633663366,0.9954105125428,0.0045894874572000935,78.83663366336634,0.8756827945343684,0.12431720546563176
212860928,0.3265606164932251,747.839,242.15519090035355,-11.218826576039428,-0.18795627890386538,0.0771702453494072,0.0003602651704568416,0.017244458198547363,87670.41151920412,320824.0,0.0015072000437769397,0.0006494287199574738,0.0008577713238194658,1580.4137931034484,0.4276581589488149,0.5723418410511851,91.13793103448276,0.9953185601955277,0.0046814398044724495,78.67980295566502,0.8752470863965299,0.12475291360347006
213909504,0.3255968689918518,737.941,241.7740488225571,-11.405804713917895,-0.2113491740504685,0.08088035136461258,0.0004946418921463192,0.017168765887618065,87706.65284827533,322248.0,0.0015064688289866729,0.0006487369537353516,0.0008577318752513212,1579.6470588235295,0.42739658833048244,0.5726034116695177,90.99509803921569,0.9952624445462452,0.004737555453754764,78.58823529411765,0.8746331300906646,0.1253668699093354
214958080,0.3239860236644745,745.834,244.3218580482076,-11.102067064047791,-0.18836028795600743,0.08190742135047913,0.0005082646384835243,0.01695939153432846,87597.13755785946,323643.0,0.00150560983797399,0.0006479681991949315,0.0008576416387790586,1578.7463414634146,0.4271125836422369,0.5728874163577632,90.94146341463414,0.9952245789630929,0.004775421036907179,78.52195121951219,0.8744942067543875,0.12550579324561256
216006656,0.3218807876110077,743.078,238.06474181160144,-12.215163966916501,-0.1825060698047988,0.08484892547130585,-5.547022010432556e-05,0.017501452937722206,87683.8055546246,325126.0,0.0015051665815334877,0.000647568008274708,0.0008575985732587795,1578.2815533980583,0.4269803144897664,0.5730196855102337,90.97572815533981,0.9952477606186119,0.004752239381388212,78.5,0.8739882653151442,0.12601173468485585
217055232,0.3212832808494568,707.165,228.21525722445827,-9.686576334315985,-0.1534395567298865,0.08723585307598114,0.0011781926732510328,0.017732754349708557,87687.8072550665,326634.0,0.0015048427858214447,0.000647277647746358,0.0008575651380750868,1577.9420289855072,0.4268909799446973,0.5731090200553027,90.95169082125604,0.9952707182967828,0.0047292817032172545,78.3913043478261,0.8739931529223174,0.12600684707768264
218103808,0.32083481550216675,699.148,224.8134267931301,-10.489549216747633,-0.17294430279710418,0.08473040908575058,0.0006291194586083293,0.018103906884789467,87509.7927377748,328070.0,0.001504191985497108,0.0006468983796926645,0.0008572936058044434,1577.2596153846155,0.42683401265039494,0.5731659873496051,90.9951923076923,0.9952934552280482,0.004706544771951788,78.3076923076923,0.8735743649077949,0.1264256350922051
219152384,0.3200913667678833,708.032,228.63325927691812,-10.938231830846751,-0.1750074975261815,0.09075140953063965,-0.00018916744738817215,0.01773245632648468,87831.16669977442,329550.0,0.001503748186467367,0.0006465546822433837,0.0008571935042239832,1576.7942583732058,0.42674118212303624,0.5732588178769638,90.95215311004785,0.9952576247152287,0.004742375284771251,78.18181818181819,0.8727070602542059,0.12729293974579411
220200960,0.32135605812072754,724.867,234.5359070378244,-11.127861466022209,-0.21442043468908112,0.08044712245464325,0.0008209904190152884,0.017680076882243156,87734.06046979237,330960.0,0.00150299072265625,0.0006459781101771764,0.0008570126124790736,1576.0,0.4265699390740883,0.5734300609259118,90.91428571428571,0.9951080904150932,0.004891909584906879,78.04761904761905,0.8717894075863287,0.1282105924136713
221249536,0.32167935371398926,719.404,233.90996425033268,-10.867132054787223,-0.1631544792365822,0.08226533979177475,0.0011085672304034233,0.017320550978183746,87667.85133499603,332351.0,0.0015021545627105857,0.0006454657604344083,0.0008566888022761774,1575.1232227488151,0.42646990948218894,0.5735300905178111,90.81990521327015,0.995064523602499,0.004935476397500939,77.95260663507109,0.8709262121589707,0.1290737878410293
222298112,0.32230889797210693,760.754,244.90839934721822,-12.39163833384507,-0.19423268066270452,0.07579628378152847,0.0008370612049475312,0.016967102885246277,87873.31876580411,333734.0,0.0015012903033562426,0.0006448277887308373,0.0008564625146254053,1574.2169811320755,0.42628297690188816,0.5737170230981119,90.80660377358491,0.9949806000349057,0.0050193999650942015,77.81132075471699,0.8692748306550763,0.13072516934492381
223346688,0.32333773374557495,731.943,235.2780565736047,-10.539980351038277,-0.17782919646779147,0.07733054459095001,1.6903330106288195e-05,0.016106493771076202,87626.29765900194,335105.0,0.001500380430982706,0.0006442137167487346,0.0008561667142339716,1573.262910798122,0.42612739339876515,0.573872606601235,90.84976525821597,0.9949572169361504,0.005042783063849628,77.69953051643192,0.8684105600190674,0.13158943998093267
224395264,0.32281094789505005,727.802,234.32127467527846,-11.392257973247208,-0.19552164568019015,0.08268363028764725,0.0009306815918534994,0.015952948480844498,87693.92676936678,336472.0,0.001499461236401139,0.0006436588608215902,0.0008558023755795488,1572.2990654205607,0.42601965988456836,0.5739803401154318,90.8177570093458,0.9949251516144638,0.005074848385536133,77.60747663551402,0.8674946872764709,0.13250531272352903
225443840,0.32329264283180237,780.455,255.47698892163112,-9.874050320681185,-0.16435005372622197,0.07792691886425018,0.00023455939663108438,0.015771064907312393,87480.41778328,337855.0,0.0014986215635787608,0.0006428341532862463,0.0008557874102925146,1571.4186046511627,0.4256827274000121,0.5743172725999879,90.73488372093023,0.9948213264428898,0.005178673557110256,77.50232558139535,0.8665887923250793,0.13341120767492065
226492416,0.3241668939590454,776.132,253.09247646532208,-11.539631555918954,-0.17616911650609526,0.08243902027606964,0.00046706979628652334,0.01527937687933445,87343.62565402515,339219.0,0.0014977057774861653,0.0006420877244737414,0.000855618053012424,1570.4583333333333,0.42542602312550093,0.5745739768744991,90.65277777777777,0.9947184626154969,0.005281537384503138,77.41666666666667,0.8654801342312957,0.13451986576870437
227540992,0.32239583134651184,752.656,242.8327447550213,-12.188745937637984,-0.18875242369415354,0.07921838760375977,0.000556312152184546,0.015304134227335453,87629.29540104882,340640.0,0.0014970489361319124,0.0006414184921897502,0.0008556304439421623,1569.7695852534562,0.4251551345811795,0.5748448654188205,90.57603686635944,0.9946182529858077,0.0053817470141921874,77.32718894009217,0.8645904275901536,0.13540957240984652
228589568,0.3227871060371399,700.529,224.55337849072552,-11.767742598773912,-0.1941834051424613,0.08568521589040756,0.0002100714627886191,0.01515411026775837,87747.2656302703,342030.0,0.0014962625066074755,0.000641044126738102,0.0008552183798693735,1568.9449541284403,0.42514204753389595,0.574857952466104,90.62385321100918,0.9945975225129418,0.005402477487058324,77.23394495412845,0.8640044261115893,0.13599557388841071
229638144,0.32232755422592163,743.813,238.97099938662723,-11.564069271847606,-0.19493697332562898,0.08062155544757843,0.0005187784554436803,0.014428666792809963,87560.17430908128,343440.0,0.0014955703526327055,0.0006404293182233697,0.0008551410344093357,1568.2191780821918,0.4249203749181286,0.5750796250818713,90.60730593607306,0.9945697061869758,0.0054302938130241,77.15525114155251,0.8633316509543065,0.1366683490456935
230686720,0.3216542899608612,739.637,240.1793225579709,-10.610493169126102,-0.21045622180501425,0.07862352579832077,6.199276685947552e-05,0.014575023204088211,87721.75860168767,344840.0,0.001494841142134233,0.0006398807872425426,0.0008549603548916903,1567.4545454545455,0.42475839918798125,0.5752416008120186,90.51818181818182,0.9943383073944487,0.005661692605551327,77.03181818181818,0.862861961631787,0.13713803836821306
231735296,0.3206835091114044,721.854,233.11690518086837,-12.418637499049305,-0.2448948148989707,0.08807603269815445,-8.46701004775241e-05,0.014022001065313816,87699.7568382255,346276.0,0.001494273880488193,0.0006395357226893913,0.0008547381577988017,1566.8597285067874,0.42469867742052164,0.5753013225794783,90.49773755656109,0.9943113109493302,0.005688689050669847,76.92307692307692,0.861945741708071,0.13805425829192897
232783872,0.3190857172012329,716.636,230.99645073175802,-12.21331950592809,-0.20405924978063622,0.09082359075546265,-0.00041919382056221366,0.014572440646588802,87856.02661206413,347784.0,0.0014940210290857263,0.0006393441208848008,0.0008546769082009256,1566.5945945945946,0.4246555273573446,0.5753444726426553,90.48198198198199,0.9943369356747837,0.00566306432521638,76.79729729729729,0.8614644637761262,0.13853553622387377
233832448,0.3193952143192291,720.06,230.50065846346553,-13.071142065336927,-0.19331748406940844,0.08837001025676727,-0.0002778759226202965,0.01436433382332325,87648.06868793703,349312.0,0.001493855976737668,0.0006393338532725792,0.000854522123465089,1566.421524663677,0.42471165851210585,0.5752883414878941,90.5201793721973,0.9943623305820717,0.005637669417928414,76.7847533632287,0.8605707314818933,0.1394292685181068
234881024,0.3220022916793823,742.759,242.59633348859708,-11.79775575307582,-0.18750134737188268,0.0830758661031723,0.0002630130620673299,0.013596815057098866,87857.92032481596,350742.0,0.0014932751655578613,0.0006389447620936803,0.000854330403464181,1565.8125,0.42462319175488705,0.575376808245113,90.47767857142857,0.9943323841106678,0.005667615889332062,76.70982142857143,0.8596306835734919,0.1403693164265081
235929600,0.3226446509361267,763.055,246.24075450739917,-13.429397671948886,-0.16955875985803354,0.08906779438257217,-0.00043105531949549913,0.012881243601441383,87651.3631377501,352139.0,0.0014925596449110244,0.0006384192572699653,0.000854140387641059,1565.0622222222223,0.42447303316463314,0.575526966835367,90.44,0.9941949718886043,0.005805028111395736,76.63111111111111,0.8586726262980993,0.14132737370190065
236978176,0.32280802726745605,715.434,231.08398181773816,-11.526620214176365,-0.21476167309759198,0.08129625022411346,0.0010936949402093887,0.012651517987251282,87589.85230917808,353539.0,0.0014918631156988903,0.0006380545354522435,0.0008538085802466468,1564.3318584070796,0.4244374382011992,0.5755625617988008,90.32743362831859,0.994152584334298,0.005847415665702017,76.5,0.8577916609962719,0.14220833900372803
238026752,0.32254257798194885,727.384,234.57257258680207,-13.476900544416624,-0.20917501945004113,0.0801641121506691,0.0008675245335325599,0.012598570436239243,87742.02440024432,354976.0,0.0014913281680203744,0.0006376594173750688,0.0008536687506453056,1563.770925110132,0.42433039741108297,0.5756696025889171,90.22026431718062,0.9940448503491114,0.005955149650888485,76.44933920704845,0.8567915621846992,0.1432084378153009
239075328,0.3229037821292877,725.129,233.51654993158579,-12.360276942256839,-0.17285148933143876,0.08639438450336456,-1.2644261005334556e-05,0.012233909219503403,87732.21934482559,356395.0,0.0014907226227877433,0.0006374267109653406,0.0008532959118224026,1563.1359649122808,0.42436401129185425,0.5756359887081459,90.1359649122807,0.9939474211191395,0.006052578880860496,76.36842105263158,0.8560585078435987,0.14394149215640137
240123904,0.32257595658302307,729.867,232.5228300133813,-12.344695725776255,-0.1912592721311159,0.0910753384232521,0.00037638898356817663,0.012267316691577435,87753.63507516005,357864.0,0.0014903305919930403,0.0006372085304759996,0.0008531220615170408,1562.7248908296942,0.42434204128407266,0.5756579587159274,90.10917030567686,0.9939738515946018,0.006026148405398223,76.32314410480349,0.8553637968790838,0.14463620312091624
241172480,0.32165980339050293,746.322,241.1090168471278,-12.628762701584957,-0.1937772935138633,0.08417128771543503,0.0003126708324998617,0.012728262692689896,87790.81620170962,359349.0,0.001490008312722911,0.0006369217582370924,0.0008530865544858187,1562.3869565217392,0.4242508454670419,0.5757491545329582,90.07826086956521,0.9938429018993502,0.006157098100649766,76.2304347826087,0.8541744681179495,0.1458255318820506
242221056,0.3208392262458801,724.409,236.83081944707524,-11.200799406402744,-0.159954709872836,0.08734575659036636,-0.00011713872663676739,0.012869436293840408,87469.92827609355,360866.0,0.0014898209344773065,0.0006366003127325149,0.0008532206217447916,1562.1904761904761,0.4240979219406769,0.5759020780593231,90.01298701298701,0.993811835945962,0.006188164054038007,76.14718614718615,0.8534386934781134,0.14656130652188676
243269632,0.3210645914077759,733.863,238.71234427640866,-11.99369797613127,-0.20700447067916533,0.08779336512088776,0.00036785443080589175,0.012542350217700005,87587.77651428513,362310.0,0.0014893350930049501,0.0006362816383098734,0.0008530534546950768,1561.6810344827586,0.42403106562894005,0.5759689343710599,89.96120689655173,0.9938385090668845,0.00616149093311543,76.09051724137932,0.8529073143258744,0.1470926856741255
244318208,0.3216424584388733,691.737,223.13621533170064,-10.062171459278092,-0.19010203885222163,0.08962614834308624,-0.00025896879378706217,0.012136152945458889,87334.87540781163,363764.0,0.0014888943520738331,0.0006360352806778937,0.0008528590713959395,1561.2188841201717,0.4240029024755716,0.5759970975244284,89.95708154506438,0.9938167302509058,0.0061832697490942475,75.96995708154506,0.852733892375978,0.14726610762402195
245366784,0.3231179118156433,711.06,227.86516044526454,-11.44827063865494,-0.1751404045522171,0.07918119430541992,5.940512346569449e-05,0.011403867974877357,87647.07830525983,365154.0,0.001488196544158153,0.000635632082947299,0.000852564461210854,1560.4871794871794,0.42393721953133917,0.5760627804686608,89.96581196581197,0.9937967033471952,0.006203296652804918,75.83333333333333,0.8519063582593752,0.14809364174062484
246415360,0.32525205612182617,723.391,234.11778313986025,-11.938572537437082,-0.16972819232619588,0.08580592274665833,-0.0003516579745337367,0.010683489963412285,87417.93372673637,366471.0,0.0014872084272668717,0.0006351430365379821,0.0008520653907288896,1559.4510638297872,0.4238973955660965,0.5761026044339036,89.91914893617022,0.9937153707555211,0.006284629244478951,75.73191489361702,0.8510635488788934,0.14893645112110662
247463936,0.32453247904777527,774.132,251.27855795124358,-13.272328243974597,-0.18658511581867743,0.08168409764766693,-0.00013871410919819027,0.010591198690235615,87586.92529238897,367848.0,0.001486471143819518,0.0006346056016825013,0.0008518655421370166,1558.677966101695,0.423741361465637,0.576258638534363,89.88559322033899,0.9936386520493432,0.006361347950656748,75.67796610169492,0.849945913448481,0.15005408655151894
248512512,0.3243798613548279,732.875,236.8529904987607,-11.230077857907862,-0.19408997293462965,0.07778623700141907,-0.00031573575688526034,0.010147297754883766,87365.09156112398,369264.0,0.0014858970159216773,0.0006340646542577301,0.0008518323616639471,1558.0759493670887,0.42353570171261745,0.5764642982873825,89.86497890295358,0.9936654931799367,0.006334506820063259,75.54008438818565,0.8488127887032858,0.15118721129671417
249561088,0.3234747648239136,755.544,246.53479012393976,-11.777471147147939,-0.17073073633817631,0.08702470362186432,-8.744703518459573e-05,0.010045057162642479,87502.92416646637,370721.0,0.0014854920010606782,0.0006336604847627528,0.0008518315162979255,1557.6512605042017,0.4233825969751424,0.5766174030248576,89.7983193277311,0.9936353292862667,0.006364670713733219,75.52521008403362,0.8478723988347846,0.15212760116521537
250609664,0.32213926315307617,741.767,239.47952525071426,-11.768087996275193,-0.17828101964402437,0.08735466003417969,0.0003964743227697909,0.01011393591761589,87627.57215443577,372217.0,0.0014852459959405237,0.0006333913763197895,0.0008518546196207341,1557.3933054393306,0.42328084623935935,0.5767191537606406,89.81589958158996,0.9935729362945055,0.006427063705494505,75.40167364016736,0.8464168657852668,0.1535831342147333
251658240,0.32061904668807983,696.172,222.73601484700478,-11.916338560270146,-0.22169966834738364,0.09541444480419159,-0.0001654561929171905,0.010345792397856712,87664.77931131492,373775.0,0.0014852484067281087,0.0006335020065307617,0.000851746400197347,1557.3958333333333,0.42336783929016986,0.57663216070983,89.85416666666667,0.9934734531003492,0.0065265468996509035,75.30416666666666,0.8456144878188536,0.1543855121811463
252706816,0.3218001127243042,689.614,223.70726438772377,-11.93005608240096,-0.2182195050644598,0.09051039069890976,0.00010394940909463912,0.010258758440613747,87585.55604597814,375239.0,0.0014848788249542109,0.0006333268035002269,0.0008515520214539841,1557.0082987551866,0.42336837633776075,0.5766316236622393,89.80497925311204,0.9934473370591836,0.006552662940816306,75.17842323651452,0.8447797573484204,0.15522024265157952
253755392,0.3228982388973236,715.317,231.1990571350311,-12.714188727788628,-0.21128367523065034,0.0899241492152214,-0.00022902971250005066,0.009780746884644032,87809.9147307261,376696.0,0.0014844847119544163,0.0006331451668227015,0.0008513395451317148,1556.595041322314,0.42337164433346086,0.5766283556665392,89.84297520661157,0.9934326744676127,0.0065673255323873535,75.0702479338843,0.8440718632591919,0.1559281367408081
254803968,0.3236638605594635,714.966,231.25558555088168,-12.460964579063468,-0.1850964390099492,0.09034991264343262,-0.00041564961429685354,0.009513625875115395,87666.18248995955,378120.0,0.0014839643313560957,0.00063288653338397,0.0008510777979721258,1556.0493827160494,0.4233575380614084,0.5766424619385917,89.79012345679013,0.9932459225070545,0.006754077492945644,75.00411522633745,0.8433883004544007,0.15661169954559934
255852544,0.3239139914512634,731.889,235.87552346055955,-12.682844598852098,-0.20370826535034892,0.0876474529504776,0.00011915779759874567,0.009467439725995064,87566.83393462056,379559.0,0.0014835068436919667,0.0006325792093745998,0.0008509276343173668,1555.5696721311476,0.42328858222552973,0.5767114177744703,89.75,0.9931711441361238,0.0068288558638761945,74.90573770491804,0.8426640314634672,0.1573359685365327
256901120,0.32457759976387024,750.33,242.18166497863282,-14.070035831175744,-0.21520118832569796,0.08364076912403107,-0.00012548413360491395,0.009008960798382759,87506.25472303947,380946.0,0.001482850678113042,0.0006321225847516741,0.000850728093361368,1554.8816326530612,0.4231676303442214,0.5768323696557787,89.73469387755102,0.9931515561723978,0.0068484438276021865,74.78367346938775,0.8417642689767684,0.15823573102323168
257949696,0.32448750734329224,740.833,241.29389181706682,-13.56331050925143,-0.19063231075926484,0.08198772370815277,-0.0001091540907509625,0.008831961080431938,87615.66666906388,382371.0,0.0014823471627584317,0.0006316851794235105,0.0008506619833349213,1554.3536585365853,0.4230163997829875,0.5769836002170126,89.71951219512195,0.9930375916313302,0.00696240836866979,74.65853658536585,0.8409293070555769,0.15907069294442325
258998272,0.32577747106552124,759.874,248.25648835342022,-13.947076898468659,-0.17627063987358263,0.08186891674995422,0.00010100590588990599,0.008598851971328259,87329.75789011948,383728.0,0.0014815851744369938,0.0006311007356836728,0.0008504844387533211,1553.5546558704452,0.4228283412992952,0.577171658700705,89.65182186234817,0.9930657795194625,0.0069342204805375235,74.5910931174089,0.8402470580112362,0.15975294198876386
260046848,0.32424861192703247,747.269,243.3998750185899,-13.210815153837205,-0.1905872578497915,0.08329117298126221,-0.0003362448187544942,0.008497582748532295,87818.70081062113,385190.0,0.0014812331045827559,0.0006308055693103422,0.0008504275352724137,1553.1854838709678,0.42273684314448196,0.5772631568555181,89.66935483870968,0.9930508437235278,0.006949156276472214,74.50806451612904,0.8395471370783951,0.16045286292160485
261095424,0.3225875496864319,689.576,223.0276997779119,-12.369655931977555,-0.20328382997376537,0.09015113115310669,-1.0342097084503621e-05,0.00849384069442749,87549.22125420996,386655.0,0.0014808953526508377,0.0006306506543753138,0.000850244698275524,1552.8313253012047,0.42274147744905405,0.5772585225509459,89.59839357429719,0.9930787519816663,0.006921248018333771,74.44979919678715,0.8390536412132878,0.16094635878671218
262144000,0.3224503695964813,734.065,235.5508550219126,-13.368213434591889,-0.207458166374138,0.09029130637645721,-3.810246562352404e-05,0.008145621046423912,87558.60369163316,388091.0,0.001480449676513672,0.0006303939819335937,0.0008500556945800781,1552.364,0.4227051076395364,0.5772948923604636,89.56,0.9929564369737396,0.007043563026260437,74.396,0.8386482463205659,0.16135175367943425
263192576,0.321432888507843,732.937,236.4692050230354,-14.675651619705372,-0.18806236026833423,0.08012360334396362,0.0007556007476523519,0.008281460963189602,87776.69045987235,389562.0,0.0014801405340551855,0.0006302381416715949,0.0008499023923835906,1552.0398406374502,0.4227002346411486,0.5772997653588514,89.61752988047809,0.9929461906725877,0.007053809327412325,74.38247011952191,0.8377760154980104,0.1622239845019896
264241152,0.3215208351612091,731.855,238.862650628265,-11.512212379422039,-0.16575915022594054,0.08833425492048264,-9.322156256530434e-05,0.008450822904706001,87638.42257975496,390994.0,0.0014796862526545449,0.0006298110598609561,0.0008498751927935888,1551.563492063492,0.42254143039354797,0.5774585696064519,89.55952380952381,0.9928683618736225,0.007131638126377619,74.2420634920635,0.8371987602472551,0.16280123975274485
265289728,0.3201976418495178,740.543,238.66294510922208,-13.25535773734469,-0.16797466302984135,0.09615106135606766,-9.61496407398954e-05,0.008552305400371552,87412.46073718453,392503.0,0.0014795258111162148,0.0006297228364605206,0.0008498029746556941,1551.395256916996,0.4225398194571535,0.5774601805428464,89.59683794466403,0.9927767753432799,0.00722322465672012,74.17391304347827,0.8363860337141373,0.1636139662858628
266338304,0.32133767008781433,728.892,235.16758718076906,-12.767087243073387,-0.2233532978934984,0.08257399499416351,0.0003190644783899188,0.008124938234686852,87770.78534811754,393981.0,0.0014792502395750032,0.0006295151597871555,0.0008497350797878476,1551.1062992125985,0.4224878396239099,0.5775121603760901,89.56299212598425,0.9927566082001477,0.007243391799852504,74.08661417322834,0.8358187961495449,0.1641812038504551
267386880,0.3240047097206116,727.714,234.5873620790951,-11.871465014941641,-0.2096001512948949,0.08220016956329346,0.0006117300945334136,0.006964367814362049,87329.86019991456,395347.0,0.00147855796065985,0.0006290547987994026,0.0008495031618604473,1550.3803921568629,0.42237266611337027,0.5776273338866297,89.49411764705883,0.9926760811963127,0.007323918803687505,73.92156862745098,0.8349920557724879,0.16500794422751214
268435456,0.3251456618309021,758.652,247.67952432461828,-11.504655833624303,-0.16777134406485913,0.08017311990261078,9.910761582432315e-05,0.0064340499229729176,87767.77966936164,396602.0,0.001477457582950592,0.0006283260881900787,0.0008491314947605133,1549.2265625,0.4221669959939346,0.5778330040060653,89.4140625,0.9926480779352989,0.007351922064701181,73.82421875,0.834361107850545,0.165638892149455
269484032,0.3249572217464447,772.28,249.45666826969293,-12.222212896753103,-0.1795374390022945,0.07061817497015,0.0005947684985585511,0.0061224959790706635,87442.2959738915,397902.0,0.0014765327542672361,0.0006275585189403727,0.0008489742353268634,1548.2568093385214,0.42187721121455085,0.5781227887854492,89.3579766536965,0.992572923287042,0.007427076712957855,73.72762645914396,0.8332586148556529,0.16674138514434717
270532608,0.32535701990127563,754.587,245.53812336445878,-12.687292915899306,-0.19111352656201164,0.07331892848014832,0.00015661171346437186,0.006045886315405369,87709.05437644607,399201.0,0.0014756113983864008,0.0006269225778505784,0.0008486888205358225,1547.2906976744187,0.42169215981136143,0.5783078401886386,89.2984496124031,0.9925493324467299,0.007450667553270087,73.63178294573643,0.8321646683180854,0.16783533168191458
271581184,0.32434266805648804,764.55,248.3410938204527,-13.550260326188058,-0.19929861127771284,0.08009527623653412,0.00012546998914331198,0.006183020304888487,87497.79563997804,400577.0,0.0014749806820195614,0.0006263025939234435,0.0008486780880961179,1546.6293436293436,0.42143612022512744,0.5785638797748727,89.25482625482626,0.9925285994534202,0.007471400546579904,73.53667953667954,0.8313155572356188,0.16868444276438138
272629760,0.3238387107849121,725.033,233.52318218430668,-12.394421048308722,-0.1990291266578759,0.07910105586051941,0.0005182528984732926,0.006058407016098499,87633.97312638385,401991.0,0.0014744942004864033,0.0006259441375732422,0.000848550062913161,1546.1192307692309,0.42133572126419194,0.5786642787358082,89.27307692307693,0.9925164190790902,0.007483580920909754,73.47307692307692,0.8308172450384236,0.1691827549615764
273678336,0.3202732503414154,749.69,244.4576200347934,-12.226847346551716,-0.16672593368734984,0.08406323194503784,0.000261229753959924,0.006988163571804762,87674.23721985582,403504.0,0.0014743731853148947,0.0006257053536016823,0.0008486678317132124,1545.992337164751,0.4212180160977982,0.5787819839022019,89.29885057471265,0.9924652706024143,0.007534729397585704,73.42528735632185,0.8298323915777527,0.17016760842224746
274726912,0.317926287651062,691.715,220.82179723949358,-13.344971771275624,-0.2205655338355127,0.09146849811077118,-0.00028155287145636976,0.0074096135795116425,87448.85769505224,405089.0,0.0014745151723614175,0.0006257996304344585,0.0008487155419269591,1546.1412213740457,0.4212526187526613,0.5787473812473388,89.30152671755725,0.9923243938274263,0.0076756061725737155,73.35114503816794,0.8292096216353438,0.17079037836465616
275775488,0.31902095675468445,716.111,231.2606949016582,-12.151024931956083,-0.2108424447942788,0.08242420107126236,0.0004390740941744298,0.006924943532794714,87545.30015506381,406506.0,0.0014740468884602246,0.0006255450810769665,0.0008485018073832581,1545.6501901140684,0.4212233302897207,0.5787766697102794,89.30418250950571,0.992311331071006,0.007688668928994009,73.22813688212928,0.8280042433095487,0.1719957566904513
276824064,0.32136332988739014,761.231,245.08263951424138,-14.1958785455022,-0.20638403575789027,0.07524442672729492,-0.00022909486142452806,0.0063057527877390385,87718.18068322087,407903.0,0.0014735099041100705,0.0006252093748612838,0.0008483005292487867,1545.0871212121212,0.4211543269264131,0.5788456730735869,89.38636363636364,0.992238079714574,0.007761920285425953,73.14015151515152,0.8267618029939822,0.17323819700601778
277872640,0.32145315408706665,700.147,224.2630582655333,-11.168286188193598,-0.17970824265806448,0.08120708167552948,-0.00011274106509517878,0.005836425814777613,87595.38766173656,409288.0,0.0014729337872199293,0.0006249157887584758,0.0008480179984614534,1544.4830188679246,0.4211289914784379,0.578871008521562,89.30943396226415,0.9922126803434881,0.00778731965651185,73.03018867924528,0.8262148459329414,0.17378515406705855
278921216,0.32228609919548035,758.734,241.53515889716522,-13.07730299798213,-0.18903455758189983,0.08202753961086273,4.595873178914189e-06,0.005683730356395245,87675.74032745765,410672.0,0.001472358416793938,0.0006245706314431097,0.0008477877853508282,1543.8796992481202,0.4210642273529703,0.5789357726470298,89.31954887218045,0.9921193668998953,0.007880633100104563,72.89097744360902,0.8253017575397098,0.17469824246029014
279969792,0.3234257996082306,735.09,239.23517510522436,-12.152683207512833,-0.1852694935874428,0.08434104919433594,0.0003045230987481773,0.005703715607523918,87456.32471971221,412005.0,0.0014716051937489027,0.0006241101897164677,0.0008474950040324351,1543.0898876404494,0.420965105339148,0.5790348946608519,89.23970037453184,0.9920387259575517,0.007961274042448301,72.79775280898876,0.8247076186225824,0.17529238137741768
281018368,0.325322687625885,764.942,248.1061386214122,-13.991340928546677,-0.20234508030331064,0.07974837720394135,-0.00015435823297593743,0.0048718638718128204,87780.67786692095,413271.0,0.0014706191731922661,0.0006235001692131384,0.0008471190039791278,1542.0559701492537,0.4208179093777248,0.5791820906222752,89.16791044776119,0.9920684322039788,0.007931567796021255,72.69029850746269,0.8240896458258224,0.17591035417417764
282066944,0.3252977132797241,780.732,252.0330997407809,-12.800731917466969,-0.18975270752537046,0.07328930497169495,-5.652403342537582e-05,0.004719654563814402,87442.90446516365,414610.0,0.0014698992874542577,0.0006228379600553265,0.0008470613273989312,1541.3011152416357,0.4205500648711803,0.5794499351288198,89.1263940520446,0.992002597788198,0.00799740221180194,72.57620817843866,0.8228848516034216,0.17711514839657846
283115520,0.32369542121887207,789.493,259.00484268912675,-12.994312321633101,-0.1749918338908483,0.07686514407396317,-6.004844908602536e-05,0.004926442168653011,87714.82697773204,416003.0,0.0014693754690664786,0.0006222724914550781,0.0008471029776114004,1540.7518518518518,0.42030325877624647,0.5796967412237535,89.1037037037037,0.9919875948602006,0.008012405139799283,72.5037037037037,0.8219335659895164,0.1780664340104835
284164096,0.323481947183609,757.832,246.3370573252924,-13.373870709021576,-0.18839878403031457,0.07994783669710159,-0.0002738735929597169,0.005019433796405792,87814.10153175484,417394.0,0.0014688484783102226,0.0006218273261376412,0.0008470211521725813,1540.19926199262,0.42014769405480906,0.5798523059451909,89.07380073800738,0.9919716049197115,0.008028395080288384,72.45018450184502,0.8213818325102321,0.1786181674897679
285212672,0.3236561715602875,773.424,251.95045418780484,-12.871939494834223,-0.19770680404140267,0.08503840863704681,-0.0003613652952481061,0.004611442796885967,87587.76953698922,418760.0,0.0014682377085966222,0.0006213258294498219,0.0008469118791468003,1539.5588235294117,0.4199729627922163,0.5800270372077837,88.99632352941177,0.9920011210780949,0.00799887892190497,72.4154411764706,0.8208130267534542,0.17918697324654573
286261248,0.3234997093677521,745.748,240.83652853325196,-13.52879234576726,-0.20911587193397618,0.0846395343542099,0.0008573415689170361,0.004601300694048405,87793.7148011212,420125.0,0.001467627920073904,0.0006209328061058408,0.0008466951139680631,1538.919413919414,0.4198810171221781,0.5801189828778218,88.95604395604396,0.9920304210008858,0.00796957899911411,72.32600732600733,0.8200957629191925,0.17990423708080747
287309824,0.3233112394809723,742.91,240.6761990817003,-11.779744116777554,-0.19659030032895256,0.081488698720932,-0.00014629990619141608,0.004096236079931259,87584.07521492672,421540.0,0.0014671966107222285,0.0006205600543613851,0.0008466365563608434,1538.4671532846714,0.41975171522326427,0.5802482847767356,88.91240875912409,0.9919647113403935,0.008035288659606489,72.21897810218978,0.8194792192249535,0.18052078077504655
288358400,0.32274240255355835,728.163,236.79899261968023,-12.016360381147825,-0.180395798595286,0.08523036539554596,-0.000372240727301687,0.004468009807169437,87622.17238896358,422938.0,0.0014667094837535512,0.0006202732432972301,0.000846436240456321,1537.9563636363637,0.4197027806469029,0.580297219353097,88.85090909090908,0.991943425521378,0.00805657447862206,72.14545454545454,0.8186671269592404,0.18133287304075968
289406976,0.323038250207901,713.893,229.757372768478,-11.780657029498368,-0.18445841226634258,0.08537054061889648,-0.0001808023953344673,0.0042201802134513855,87685.80198861241,424316.0,0.0014661567798559217,0.0006200265193331069,0.0008461302605228148,1537.376811594203,0.4197044885628822,0.5802955114371178,88.80434782608695,0.9918772689453087,0.008122731054691128,72.06159420289855,0.8181410481940079,0.18185895180599207
290455552,0.32251793146133423,772.876,249.91217745365202,-13.280522876904985,-0.17930432506073263,0.08974537253379822,-0.00044392753625288606,0.004059839993715286,87520.63665443705,425787.0,0.001465928253284,0.0006197712481667419,0.000846157005117258,1537.1371841155235,0.4196029213128325,0.5803970786871675,88.7870036101083,0.9918206379245332,0.008179362075466696,72.02527075812274,0.8176912551936569,0.1823087448063431
291504128,0.32132571935653687,749.645,240.4340174746798,-13.41149992835149,-0.18239481828075121,0.09328896552324295,-0.00016936683095991611,0.004597585182636976,87390.80831895265,427239.0,0.0014656361916082369,0.0006195967145960965,0.0008460394770121403,1536.8309352517986,0.41957749510401554,0.5804225048959845,88.79496402877697,0.9917314736407506,0.00826852635924931,71.9748201438849,0.8169826163446596,0.1830173836553404
292552704,0.3221610188484192,730.603,237.2342581338836,-12.333480881186436,-0.20047062745487024,0.08960174024105072,-0.00017746214871294796,0.0042538391426205635,87771.098889402,428690.0,0.001465342805377044,0.0006194234321621584,0.0008459193732148857,1536.5232974910393,0.41955327019573097,0.580446729804269,88.7168458781362,0.9917611099359451,0.008238890064054868,71.88172043010752,0.816158150055751,0.18384184994424907
293601280,0.32199424505233765,787.159,254.48714713907427,-14.868886313339695,-0.18502109807731837,0.0913580134510994,0.00012846931349486113,0.003945721313357353,87558.62635274955,430173.0,0.0014651605061122349,0.000619333130972726,0.0008458273751395089,1536.3321428571428,0.4195552028137343,0.5804447971862655,88.71785714285714,0.9916701493105722,0.008329850689428027,71.84285714285714,0.8149411917915004,0.1850588082084997
294649856,0.32233166694641113,725.244,233.94082266730442,-13.816208787117736,-0.1918443902197277,0.09481684863567352,-0.0004348944057710469,0.00367188872769475,87798.65372637063,431624.0,0.001464870900870218,0.0006192298970612767,0.0008456410038089413,1536.0284697508896,0.4195802816051858,0.5804197183948141,88.66192170818505,0.9916997929073317,0.008300207092668497,71.81494661921708,0.8139316145965128,0.18606838540348727
295698432,0.32271212339401245,703.874,227.40790329636448,-12.05527772212401,-0.21742593978828018,0.0877806693315506,7.86386663094163e-05,0.0033433460630476475,87659.01329530803,433056.0,0.0014645190949135638,0.0006190124132954483,0.0008455066816181156,1535.659574468085,0.4195410591635809,0.580458940836419,88.59219858156028,0.9915750480357822,0.008424951964217775,71.74113475177305,0.8135484611863875,0.1864515388136126
296747008,0.32184430956840515,708.697,229.14496000798115,-13.025756504585967,-0.2222220277322216,0.08954440802335739,-9.471014345763251e-05,0.0033904954325407743,87481.12598960982,434539.0,0.0014643416387874753,0.0006190323576910335,0.0008453092810964416,1535.4734982332157,0.4196192613782218,0.5803807386217782,88.57950530035336,0.9915216753863106,0.008478324613689463,71.65017667844523,0.8127477829551251,0.18725221704487494
297795584,0.322604238986969,717.461,229.2433472122103,-12.706434856606647,-0.18409811003215218,0.08762520551681519,0.0007088447455316782,0.0035153008066117764,87635.16926547959,435924.0,0.001463836347553092,0.0006188137430540273,0.0008450226044990647,1534.943661971831,0.41962644936569105,0.5803735506343088,88.53521126760563,0.9915051980267219,0.008494801973278029,71.57042253521126,0.8119699271513884,0.18803007284861176
298844160,0.32187122106552124,734.337,237.6765606132783,-12.679114630185067,-0.1829998946641063,0.08677277714014053,0.0003200772625859827,0.003584663150832057,87493.50318081674,437401.0,0.0014636424549838952,0.0006186133936831826,0.0008450290613007127,1534.740350877193,0.4195533085379983,0.5804466914620017,88.56140350877193,0.991498454641833,0.008501545358167113,71.47719298245615,0.8116940092783423,0.18830599072165755
299892736,0.3212604522705078,731.07,234.81994651931896,-12.286944393028506,-0.1749351393459699,0.08525092154741287,0.0003227737033739686,0.00388218741863966,87812.73393977388,438830.0,0.0014632898610788625,0.0006183710965243253,0.0008449187645545373,1534.3706293706293,0.4194957063272959,0.580504293672704,88.52447552447552,0.9914385263890958,0.00856147361090438,71.4020979020979,0.8110936805745721,0.188906319425428
300941312,0.32311317324638367,755.567,245.8660031888038,-12.922121972197404,-0.17124122532115935,0.08553498983383179,-0.0006491696694865823,0.003116794629022479,87420.71044505635,440200.0,0.0014627436727596907,0.0006180042173804306,0.0008447394553792601,1533.7979094076654,0.4194023440401869,0.5805976559598129,88.5226480836237,0.9913891682040215,0.008610831795978833,71.30313588850174,0.8098881844020814,0.19011181559791857
301989888,0.3222399055957794,729.719,234.17014367980929,-13.02444460199494,-0.1929448766306898,0.08831103891134262,-0.0003019756986759603,0.0034008617512881756,87625.66566268798,441629.0,0.0014623966481950548,0.0006177557839287652,0.0008446408642662896,1533.4340277777778,0.419338376547298,0.580661623452702,88.51736111111111,0.9913392457250241,0.008660754274975875,71.21875,0.8092923847074229,0.19070761529257713
303038464,0.322187602519989,773.319,251.14599822082278,-13.874886821779889,-0.1816026145562509,0.08894319087266922,-0.0003852914087474346,0.003634295193478465,87158.84226029541,443054.0,0.0014620388255399816,0.0006175156695619999,0.0008445231559779817,1533.0588235294117,0.4192836028288984,0.5807163971711016,88.49480968858131,0.9913270160790856,0.008672983920914434,71.15570934256056,0.8087118208640139,0.19128817913598595
304087040,0.3246934115886688,759.339,245.24365327030256,-14.027757730424405,-0.190423142092891,0.07882104814052582,9.884287283057347e-05,0.003045904915779829,87443.64857457226,444346.0,0.0014612460958546606,0.0006170733221646013,0.0008441727736900593,1532.2275862068966,0.4192069656589002,0.5807930343410997,88.43448275862069,0.9912112211232033,0.008788778876796664,71.07931034482759,0.8080343487160664,0.1919656512839337
305135616,0.3248187303543091,829.329,271.49854998480157,-14.892996228769421,-0.16345150951559415,0.08602388203144073,-0.000257717736531049,0.002709554973989725,87502.93461214396,445711.0,0.0014606980523702614,0.0006165356980156653,0.0008441623543545962,1531.6529209621992,0.41898235805816914,0.5810176419418308,88.38144329896907,0.9911002001213678,0.008899799878632271,71.03092783505154,0.8067045146365573,0.19329548536344265
306184192,0.32542353868484497,809.136,263.08906394000724,-14.796807642285247,-0.1947179256901295,0.07394412159919739,6.0784106608480215e-05,0.0024307076819241047,87651.58848297411,447019.0,0.0014599676001561832,0.0006160148202556453,0.0008439527799005377,1530.88698630137,0.41882256970530346,0.5811774302946964,88.33219178082192,0.9909918414204707,0.009008158579529217,70.95890410958904,0.8053116909562952,0.19468830904370485
307232768,0.32579630613327026,778.054,254.30654583489522,-11.595997114234487,-0.1968518811616916,0.07010336220264435,0.0006717430660501122,0.0021117401774972677,87569.90607189528,448364.0,0.0014593625638265253,0.0006153054611674754,0.0008440571026590497,1530.2525597269625,0.4184792012536912,0.5815207987463088,88.2764505119454,0.9910225859890015,0.0089774140109984,70.8532423208191,0.8044403199974,0.19555968000260007
308281344,0.3244706094264984,773.31,252.9150028781146,-12.617961057376117,-0.2226041649301465,0.08032961934804916,-0.00014494196511805058,0.002606636844575405,87508.86467768694,449682.0,0.0014586740610550862,0.0006147890674824617,0.0008438849935726244,1529.530612244898,0.41831002205192097,0.5816899779480791,88.22108843537416,0.9909586391734683,0.009041360826531663,70.75850340136054,0.8037607650409145,0.19623923495908543
309329920,0.32476723194122314,793.868,256.28407406599445,-13.29807284719497,-0.1740153900268413,0.07419942319393158,0.00022366242774296552,0.002446573693305254,87493.61805866685,451017.0,0.001458045183602026,0.000614295571537341,0.0008437496120646848,1528.871186440678,0.4181413078274829,0.5818586921725171,88.1864406779661,0.9908589097577564,0.009141090242243551,70.68135593220339,0.8032960392837137,0.19670396071628626
310378496,0.3227561414241791,754.065,243.24410399976804,-12.320146070323885,-0.18976165182368931,0.08097519725561142,-0.00017647218191996217,0.002814161591231823,88043.04092290552,452446.0,0.0014577234113538587,0.000613960059913429,0.0008437633514404297,1528.5337837837837,0.4180053123078285,0.5819946876921714,88.19932432432432,0.9908897918193855,0.00911020818061435,70.58445945945945,0.8027540159849753,0.1972459840150247
311427072,0.321912944316864,723.608,231.54063180182922,-12.51153779734578,-0.1716863302381289,0.08832553774118423,0.00046371514326892793,0.0025631804019212723,87695.48126202871,453903.0,0.0014574937146119397,0.0006138901116470697,0.00084360360296487,1528.2929292929293,0.418035276234368,0.581964723765632,88.21212121212122,0.9907740744702647,0.009225925529735396,70.51851851851852,0.8021637700738884,0.19783622992611163
312475648,0.3204275369644165,720.812,231.20005715278444,-13.36010780498013,-0.20265734455229795,0.0921112596988678,-0.0006691518356092274,0.0025636237114667892,87682.47523183675,455454.0,0.0014575663829009804,0.0006140734525334915,0.0008434929303674889,1528.3691275167785,0.4181491393115784,0.5818508606884216,88.24496644295301,0.9907365501825615,0.009263449817438655,70.52013422818791,0.8016460638788205,0.1983539361211795
313524224,0.319402277469635,702.11,226.41830229910462,-12.160289473187179,-0.18988334727016717,0.09269925206899643,-0.0003626514517236501,0.002850170945748687,87626.62238993526,456971.0,0.001457530120543413,0.0006140801420179896,0.0008434499785254233,1528.3311036789298,0.4181748628410412,0.5818251371589588,88.24080267558529,0.990767531620078,0.009232468379922138,70.43478260869566,0.8012689495811953,0.19873105041880465
314572800,0.3183786869049072,673.419,215.24367625313624,-13.086254518915784,-0.20303048143825098,0.10234972089529037,-0.000664754887111485,0.002592724282294512,86996.16192548203,458541.0,0.001457662582397461,0.000614325205485026,0.0008433373769124348,1528.47,0.4183117321942038,0.5816882678057962,88.28,0.9907983065146777,0.009201693485322397,70.37333333333333,0.800713437697976,0.19928656230202407
315621376,0.3186379671096802,672.999,213.5758409444578,-12.015791444386588,-0.19693526106456877,0.10325354337692261,-0.00072802125941962,0.002914920449256897,87486.06635224796,460128.0,0.0014578480261108805,0.0006146288393343802,0.0008432191867765002,1528.6644518272426,0.41847112376443235,0.5815288762355676,88.29235880398672,0.9907566539002276,0.009243346099772431,70.30564784053156,0.8007110674730658,0.19928893252693425
316669952,0.3201296925544739,700.053,223.01392029488028,-12.765619921170176,-0.210972045572583,0.09217073023319244,-0.0007186750881373882,0.0023802006617188454,87434.98083317459,461660.0,0.0014578585593116205,0.0006147157277492498,0.0008431428315623707,1528.6754966887418,0.41853791573094135,0.5814620842690587,88.37748344370861,0.9907582148812712,0.009241785118728687,70.21854304635761,0.7998658472014812,0.20013415279851876
317718528,0.32186412811279297,675.124,216.45069353498985,-12.000414661359041,-0.21386795758506671,0.09390914440155029,7.685824675718322e-05,0.00161332031711936,87217.49872901374,463122.0,0.0014576487021871133,0.0006147863054432885,0.0008428623967438247,1528.4554455445545,0.4186622934024735,0.5813377065975265,88.35643564356435,0.990667972040562,0.009332027959438025,70.16171617161716,0.7991564076410056,0.2008435923589944
318767104,0.32220467925071716,727.561,235.97880166105088,-12.548181046053767,-0.17664131525008356,0.09274275600910187,-0.0007857885793782771,0.0013235668884590268,87500.6401048596,464549.0,0.0014573304276717337,0.0006146525081835295,0.0008426779194882041,1528.1217105263158,0.41867282549804274,0.5813271745019573,88.30592105263158,0.9906536082176094,0.009346391782390486,70.09868421052632,0.7987205861246426,0.2012794138753574
319815680,0.3243749737739563,740.65,239.1507228778284,-12.854903053146787,-0.20800563898798344,0.0851198136806488,2.2315874957712367e-05,0.000504367402754724,87373.72809253586,465935.0,0.0014568860413598232,0.0006144320378538038,0.0008424540035060194,1527.655737704918,0.41865796841162756,0.5813420315883725,88.28196721311475,0.9906032968528805,0.00939670314711934,70.01639344262296,0.7976318847493705,0.20236811525062942
320864256,0.3246702551841736,714.76,231.34867005720642,-11.852912163196365,-0.18371012538898646,0.08799669146537781,-5.571401561610401e-05,9.239421342499554e-05,87063.9883081308,467337.0,0.0014564944248573453,0.0006141818426792918,0.0008423125821780535,1527.2450980392157,0.4186044536574643,0.5813955463425358,88.24509803921569,0.9906340050330998,0.009365994966899997,69.94771241830065,0.7973595116432802,0.20264048835671983
321912832,0.32503360509872437,742.764,241.03531711878423,-13.026178221527488,-0.21499541997031638,0.08293960988521576,-0.0002130510110873729,-0.00014600282884202898,87383.10246637292,468727.0,0.0014560680824304637,0.0006138556166658184,0.0008422124657646452,1526.798045602606,0.41850401499464734,0.5814959850053527,88.19543973941369,0.9906645131600279,0.009335486839971983,69.85667752442997,0.7963909138854846,0.20360908611451553
322961408,0.32430991530418396,772.955,254.52658464811557,-13.731501218548976,-0.17673748773772874,0.0865781158208847,4.816654836758971e-06,-0.00020449630392249674,87599.70408232612,470119.0,0.0014556507011512657,0.0006134912565157011,0.0008421594446355647,1526.3603896103896,0.4183720979434257,0.5816279020565742,88.1590909090909,0.9906526575556545,0.009347342444345492,69.8409090909091,0.7957033309982439,0.2042966690017561
324009984,0.3237738609313965,747.92,242.44313213534815,-12.7078455682341,-0.21449213637068737,0.07822061330080032,0.00015583359345328063,3.7434452679008245e-05,87386.06796485861,471542.0,0.001455331697433126,0.0006131323410083561,0.0008421993564247699,1526.0258899676376,0.4182166683155747,0.5817833316844253,88.13268608414239,0.9906424547803934,0.00935754521960651,69.7831715210356,0.7949330687868978,0.20506693121310218
325058560,0.32514065504074097,710.764,232.2037018819133,-12.263856879930943,-0.21740110576206895,0.0775037556886673,0.000801730202510953,-0.0005509296897798777,87493.1811763296,472880.0,0.0014547532604586694,0.0006128188102476059,0.0008419344502110635,1525.4193548387098,0.4181718881858524,0.5818281118141477,88.07096774193549,0.990672640410134,0.009327359589865844,69.68709677419355,0.7943042524359724,0.20569574756402767
326107136,0.3244718909263611,737.735,239.8837781664629,-12.252483799991198,-0.19587242394587753,0.07779158651828766,0.00011057828669436276,-0.0004647029854822904,87350.69650925243,474282.0,0.0014543747978578425,0.0006124735645159264,0.0008419012333419161,1525.022508038585,0.4180428190397163,0.5819571809602838,88.08038585209003,0.9906672974795903,0.009332702520409719,69.60771704180064,0.794179658555328,0.2058203414446721
327155712,0.32415834069252014,725.199,232.54002814015118,-12.591490302833728,-0.23844086783900886,0.07960217446088791,9.951783431461081e-05,-0.00020415392646100372,87584.87579934792,475699.0,0.0014540446110260792,0.0006122008348122621,0.0008418437762138171,1524.676282051282,0.41795377511661375,0.5820462248833862,88.06089743589743,0.9906581230583377,0.009341876941662315,69.53525641025641,0.7939528143141863,0.20604718568581368
328204288,0.3238510489463806,769.568,249.47745144528523,-12.976196828331332,-0.16629950501778967,0.08247343450784683,-6.038369610905647e-05,-0.00011757568427128717,87632.49938822283,477101.0,0.0014536708307723268,0.0006118810976656101,0.0008417897331067167,1524.2843450479234,0.41784217919314176,0.5821578208068582,88.03833865814697,0.9905696401187358,0.00943035988126415,69.47923322683707,0.7933208687290095,0.20667913127099044
329252864,0.3232700228691101,735.237,236.80598925560946,-12.826052953926846,-0.17670985260220087,0.07911249250173569,7.958940113894641e-05,0.00015702260134276003,87544.37831208302,478516.0,0.0014533389146160927,0.0006116393265450836,0.0008416995880710091,1523.936305732484,0.4177763542430883,0.5822236457569117,87.97133757961784,0.9904095409701495,0.009590459029850295,69.42038216560509,0.7922930577945034,0.2077069422054965
330301440,0.32409507036209106,725.401,235.92013119725638,-12.185240597803611,-0.20178919560555805,0.08211195468902588,-0.00016347711789421737,-0.00024779982049949467,87478.25669381593,479924.0,0.0014529879131014384,0.0006113718426416791,0.0008416160704597594,1523.5682539682539,0.4176969235369774,0.5823030764630226,87.94285714285714,0.9904399868718317,0.00956001312816823,69.38095238095238,0.7917271594768045,0.20827284052319558
331350016,0.3235643804073334,757.559,245.00471550986637,-12.515169148349203,-0.20357397194177626,0.08186405897140503,-0.0002998453564941883,0.00010982618550769985,87562.35513772858,481356.0,0.0014527115640760977,0.0006110577643672122,0.0008416537997088855,1523.2784810126582,0.41756180669034143,0.5824381933096586,87.89240506329114,0.9904262878979054,0.009573712102094562,69.31962025316456,0.7908672634025108,0.20913273659748924
332398592,0.3246871829032898,726.491,233.41318609765824,-11.573704217422753,-0.19314797710265547,0.08135636150836945,-0.0004712935187853873,-0.0003119696048088372,87424.28151545428,482716.0,0.001452220351162017,0.0006107577014044632,0.0008414626497575537,1522.763406940063,0.41749944804982636,0.5825005519501737,87.89589905362776,0.9903855995761065,0.009614400423893504,69.21135646687698,0.7902651584706417,0.20973484152935837
333447168,0.32495614886283875,742.369,238.3688626698898,-13.774806634981186,-0.2312152705446908,0.08651897311210632,-0.0001241366844624281,-0.0010840172180905938,87282.1491675052,484104.0,0.00145181619896079,0.0006104955133402123,0.0008413206856205778,1522.3396226415093,0.4174394340169363,0.5825605659830637,87.88679245283019,0.9903418416788082,0.009658158321191657,69.16037735849056,0.7895600407894418,0.21043995921055833
334495744,0.3245857357978821,722.7,236.4067163249813,-12.640495353827253,-0.21761931741790289,0.08348679542541504,1.8558086594566703e-05,-0.0012097618309780955,87408.17490926181,485510.0,0.0014514683929730359,0.0006102648648348721,0.0008412035281381637,1521.974921630094,0.4173861026956669,0.5826138973043331,87.82758620689656,0.9903721180371818,0.009627881962818016,69.07836990595611,0.7888345846580758,0.21116541534192423
335544320,0.32470056414604187,735.21,237.6359350238163,-12.91386492617242,-0.2189776318226484,0.09015757590532303,-0.0005011609173379838,-0.0009647131664678454,87332.50126284281,486913.0,0.0014511138200759889,0.0006100773811340332,0.0008410364389419556,1521.603125,0.4173669635695041,0.5826330364304958,87.859375,0.9904022051683159,0.00959779483168421,69.021875,0.7885753589339605,0.21142464106603956
336592896,0.32344168424606323,778.886,253.25126863782177,-13.649869651920163,-0.16632972439906063,0.08069166541099548,0.0004963328829035163,-0.0006805582670494914,87474.9822029476,488322.0,0.0014507792820440274,0.0006097395472066053,0.0008410397348374222,1521.252336448598,0.4172297281919702,0.5827702718080298,87.83489096573209,0.9903931640307199,0.00960683596928021,68.97819314641744,0.7877046908659135,0.21229530913408642
337641472,0.32358431816101074,771.395,248.24341135410918,-13.011725533135236,-0.19080052156720884,0.09047242999076843,-0.00031611090525984764,-0.0009147225064225495,87266.47063012313,489717.0,0.0014504053577873276,0.0006094867398279794,0.0008409186179593483,1520.8602484472049,0.4171673148015835,0.5828326851984165,87.82919254658385,0.9903507759003342,0.00964922409966595,68.8944099378882,0.7873287963808228,0.21267120361917724
338690048,0.3245924115180969,729.123,236.264840676018,-11.365725920380326,-0.17693619207147818,0.08226162195205688,0.00042166991624981165,-0.0010920888744294643,87309.38394439495,491112.0,0.001450033748851103,0.0006091587314664764,0.0008408750173846266,1520.4705882352941,0.417047585107634,0.5829524148923659,87.80495356037152,0.9903032502783516,0.009696749721648407,68.78637770897832,0.7872587563993123,0.21274124360068772
339738624,0.32458996772766113,750.489,244.94656751718372,-11.507455058977008,-0.15455493174869853,0.07522034645080566,0.00041023403173312545,-0.0010507800616323948,87739.33575569541,492485.0,0.0014495996781337408,0.0006086826324462891,0.0008409170456874518,1520.0154320987654,0.41683266793438817,0.5831673320656118,87.72839506172839,0.9902351969387702,0.009764803061229836,68.71604938271605,0.786908923952025,0.21309107604797492
340787200,0.3258172273635864,781.352,256.2684223092925,-13.531734948439524,-0.17750785965977203,0.0742737427353859,0.0004655919037759304,-0.0018909636419266462,87114.72392825808,493773.0,0.0014489188561072717,0.0006081801194411058,0.0008407387366661658,1519.3015384615385,0.4166657293861333,0.5833342706138667,87.68615384615384,0.9902652424866509,0.009734757513349129,68.67384615384616,0.7862778755146902,0.2137221244853098
341835776,0.3272996246814728,779.505,256.1740957103586,-13.572771676559467,-0.18425626158055916,0.07770391553640366,-0.00024045570171438158,-0.002688789740204811,87810.48451895367,495085.0,0.0014483124200551788,0.0006077508984899229,0.0008405615215652559,1518.6656441717791,0.4165355823784398,0.5834644176215601,87.59815950920246,0.9901911211750822,0.00980887882491783,68.62269938650307,0.7853407324326489,0.2146592675673511
342884352,0.3273237347602844,738.178,241.53850817185142,-12.015984217955731,-0.17996383074833544,0.08107945322990417,-0.00026673483080230653,-0.0029193509835749865,87556.70542899186,496418.0,0.0014477709382316752,0.0006073972136237934,0.0008403737246078818,1518.097859327217,0.4164455554420946,0.5835544445579054,87.54434250764525,0.9902211177464123,0.009778882253587806,68.54128440366972,0.7847593788020845,0.21524062119791545
343932928,0.32709217071533203,765.348,250.63773563689716,-11.979489911731333,-0.1520396585878043,0.07623332738876343,0.0004518328933045268,-0.0030523166060447693,87658.1432169429,497772.0,0.0014472938165432069,0.0006069904420433975,0.0008403033744998095,1517.5975609756097,0.4162949914355633,0.5837050085644366,87.47865853658537,0.9901585441243104,0.009841455875689768,68.46036585365853,0.7838186199526588,0.21618138004734114
344981504,0.3244839906692505,739.716,241.036807888519,-12.681571307796984,-0.2115453017560503,0.08440662920475006,-0.00019773808890022337,-0.0024058306589722633,87059.30402234475,499249.0,0.0014471761361443888,0.00060681224231662,0.0008403638938277689,1517.4741641337387,0.4162129478156603,0.5837870521843396,87.40729483282675,0.9901409649628383,0.009859035037161835,68.41033434650456,0.783248210305854,0.21675178969414605
346030080,0.32258254289627075,704.972,227.51310238294118,-11.241208637744188,-0.1886056430304542,0.088193878531456,0.0005434966296888888,-0.001426258822903037,87625.8262796717,500733.0,0.0014470793984153053,0.00060673915978634,0.0008403402386289654,1517.3727272727272,0.416199348177993,0.583800651822007,87.38181818181818,0.9900941242941745,0.009905875705825594,68.34545454545454,0.7825510687272355,0.21744893127276468
347078656,0.3218778669834137,730.886,235.88393819735666,-12.317373068027198,-0.14814139020964961,0.08289119601249695,0.0004751843516714871,-0.0011450073216110468,87757.5520950996,502269.0,0.0014471330671512108,0.0006067587169635692,0.0008403743501876416,1517.429003021148,0.41620666069608564,0.5837933393039143,87.41691842900302,0.9901240514111106,0.009875948588889565,68.29003021148036,0.7816974401208088,0.21830255987919137
348127232,0.3201497197151184,736.243,238.21741475291458,-13.897328660387545,-0.19903407858431355,0.09384127706289291,-0.0001857670722529292,-0.0008502822020091116,87462.42066302695,503857.0,0.0014473357832575418,0.0006069074194115328,0.000840428363846009,1517.6415662650602,0.416257994158679,0.583742005841321,87.41867469879519,0.9900853426034647,0.009914657396535298,68.28614457831326,0.7808264758837967,0.21917352411620333
349175808,0.32116347551345825,691.789,224.92312602479313,-11.976795519083273,-0.1833210414477507,0.09485577046871185,-0.0006885699694976211,-0.0008144049788825214,87453.15794734297,505327.0,0.0014471993432030664,0.0006069091705230621,0.0008402901726800042,1517.4984984984985,0.4163092714534978,0.5836907285465022,87.3903903903904,0.9900381162724002,0.009961883727599834,68.2012012012012,0.7802834534336951,0.21971654656630485
350224384,0.32361429929733276,721.83,233.04837817406656,-12.336919592509977,-0.18513367079070006,0.08573327958583832,-0.0004172667395323515,-0.0018244103994220495,87470.7685270695,506708.0,0.0014468095973580184,0.0006066910520999018,0.0008401185452581166,1517.0898203592815,0.41627691812132656,0.5837230818786734,87.3443113772455,0.9900263587719172,0.009973641228082733,68.11077844311377,0.7799958099393303,0.22000419006066982
351272960,0.3251945674419403,751.726,246.0093689023815,-12.972938834857196,-0.17999566170441536,0.07980892062187195,-0.0003150503907818347,-0.0020933947525918484,87470.56846584908,508075.0,0.0014463823233077774,0.0006063717514721316,0.000840010571835646,1516.641791044776,0.4161785426677856,0.5838214573322145,87.30746268656716,0.9900163298402599,0.009983670159740199,68.02388059701492,0.778968650613832,0.22103134938616803
352321536,0.3258759379386902,726.496,235.70782464784943,-12.257333457844332,-0.19208188554124897,0.08032466471195221,-0.00032171286875382066,-0.002322064246982336,87689.21117099289,509396.0,0.0014458270300002326,0.0006060855729239327,0.0008397414570762997,1516.0595238095239,0.4161452619306453,0.5838547380693546,87.26785714285714,0.9900058243540878,0.009994175645912142,67.93452380952381,0.7786083115847495,0.22139168841525053
353370112,0.32533353567123413,764.757,247.3754585085381,-13.653858826257288,-0.19624645314348488,0.08321629464626312,-0.0005720937624573708,-0.0025249586906284094,87606.74665815069,510771.0,0.0014454278464840853,0.0006058095824470859,0.0008396182640369993,1515.6409495548962,0.41607145618982067,0.5839285438101793,87.24925816023739,0.9898889444122378,0.010111055587762204,67.85756676557864,0.7779228835017652,0.2220771164982348
354418688,0.3252873420715332,769.619,249.3132259639092,-13.315206011053174,-0.19071834656160905,0.07882948964834213,-0.0007176860817708075,-0.00224623316898942,87449.66624235403,512134.0,0.0014449971667408238,0.0006054816161387065,0.0008395155506021173,1515.189349112426,0.4159670367817391,0.5840329632182608,87.24852071005917,0.9897828321166565,0.010217167883343536,67.78994082840237,0.7771992457793734,0.22280075422062662
355467264,0.3243480324745178,722.142,233.89500179501854,-13.018325541483703,-0.25302439701941754,0.08086656779050827,0.00027519697323441505,-0.002009767107665539,87446.52429399012,513564.0,0.0014447575121854259,0.0006053496954363707,0.0008394078167490551,1514.9380530973451,0.415952941720993,0.584047058279007,87.2330383480826,0.9898129712549555,0.010187028745044588,67.74926253687316,0.7769278178720159,0.22307218212798408
356515840,0.32213765382766724,757.169,247.77727301562018,-12.677723961748184,-0.23126830249276417,0.07957851886749268,-2.0491323084570467e-05,-0.001613161526620388,87652.23657530907,515068.0,0.0014447268317727482,0.0006050951340619256,0.0008396316977108226,1514.9058823529413,0.4157933805031652,0.5842066194968347,87.20588235294117,0.9896921035416113,0.010307896458388725,67.71470588235294,0.7765860133656697,0.22341398663433037
357564416,0.3204631209373474,719.76,232.2665928620277,-13.250974376507104,-0.20260385814959944,0.08342467993497849,-0.00014069941244088113,-0.001237247372046113,87805.39350413464,516559.0,0.0014446599742184635,0.0006050853785182025,0.0008395745957002612,1514.8357771260996,0.41581511810309485,0.5841848818969052,87.24926686217009,0.9896073299644379,0.010392670035562103,67.68328445747801,0.7760064278966239,0.22399357210337617
358612992,0.3204805254936218,715.91,232.8554030108936,-12.994543925330042,-0.22022553123049027,0.08811987936496735,-0.0004570285673253238,-0.0014616033295169473,87708.54362528562,518022.0,0.0014445154290450247,0.0006049892358612596,0.000839526193183765,1514.6842105263158,0.41579845459867026,0.5842015454013296,87.24853801169591,0.9896377178885185,0.010362282111481512,67.64619883040936,0.7753322995853897,0.22466770041461032
359661568,0.32185715436935425,757.01,247.87644940008224,-13.126701976481826,-0.22508691786858412,0.08096134662628174,-0.0005634016706608236,-0.001898162066936493,87567.29247490923,519401.0,0.0014441381738067717,0.0006047490734400624,0.0008393891003667091,1514.2886297376094,0.4157447839223413,0.5842552160776586,87.21282798833819,0.9896679286235374,0.010332071376462615,67.62973760932945,0.7746706517637826,0.2253293482362173
360710144,0.32219815254211426,745.825,240.93123549177312,-13.39205119714886,-0.2143089937390187,0.08562435209751129,-0.0006600873311981559,-0.002568898955360055,87685.26353686753,520841.0,0.0014439322227655456,0.0006046932797099269,0.0008392389430556187,1514.0726744186047,0.4157757260879417,0.5842242739120582,87.22674418604652,0.9896663661414418,0.010333633858558337,67.63662790697674,0.7739552470452004,0.2260447529547997
361758720,0.32297977805137634,713.135,227.32662890833618,-12.235945111423732,-0.18908559900765246,0.07781530916690826,-0.000590661948081106,-0.00304825184866786,87493.42311461475,522255.0,0.001443655594535496,0.0006046074024145154,0.0008390481921209805,1513.7826086956522,0.4158066653973561,0.5841933346026439,87.26666666666667,0.9896389216592982,0.010361078340701704,67.56521739130434,0.7735319187254871,0.2264680812745128
362807296,0.3237758278846741,733.767,237.6868462283863,-13.557414020840078,-0.20623727156270527,0.08220069110393524,0.00038011057768017054,-0.003267774824053049,87657.48455464748,523604.0,0.0014432014068427113,0.0006043676696071735,0.0008388337372355378,1513.3063583815028,0.4157768355691789,0.5842231644308211,87.27167630057804,0.989636393113878,0.010363606886122161,67.5028901734104,0.7729298536173336,0.22707014638266634
363855872,0.3249070644378662,746.526,241.18447942524963,-12.040505642216653,-0.2088241223439077,0.07850775122642517,-0.0002931649796664715,-0.003734355326741934,87363.08540874915,524990.0,0.0014428515255622974,0.0006040661067028211,0.0008387854188594763,1512.9394812680116,0.415668159899142,0.5843318401008579,87.2507204610951,0.9896302363613882,0.010369763638611723,67.39769452449568,0.7727475699451075,0.22725243005489257
364904448,0.32445064187049866,755.557,249.56530792176164,-11.772349708469585,-0.18220071135568128,0.07459897547960281,0.00029131368501111865,-0.003680848516523838,87553.71613725132,526358.0,0.0014424543271119568,0.0006037032467195358,0.000838751080392421,1512.5229885057472,0.41552609067579804,0.584473909324202,87.14655172413794,0.98949100140227,0.010508998597729979,67.32758620689656,0.7720640531375935,0.22793594686240654
365953024,0.3252832293510437,777.432,254.4552088688705,-12.419625119538978,-0.19312546066461048,0.0755545049905777,8.48683703225106e-05,-0.0034893134143203497,87607.67505043464,527739.0,0.001442094928555639,0.0006033588617100757,0.0008387360668455632,1512.1461318051577,0.41538740638028676,0.5846125936197133,87.08309455587393,0.989521113146103,0.01047888685389694,67.25787965616045,0.7712511821917072,0.2287488178082929
367001600,0.32542580366134644,783.604,255.9411321707666,-13.041739237938193,-0.17861805033786293,0.0784449577331543,-0.0005003164405934513,-0.0034484516363590956,87541.64426437712,529077.0,0.0014416204180036272,0.0006029537745884487,0.0008386666434151786,1511.6485714285714,0.41523411073703076,0.5847658892629692,87.04,0.9895113702831461,0.01048862971685406,67.19142857142857,0.7706709840088216,0.22932901599117828
368050176,0.3256258964538574,787.758,257.4954848342184,-13.887254505675285,-0.187070279299967,0.0797843486070633,-0.00017137688701041043,-0.003827348817139864,87538.50267281203,530409.0,0.001441132309090378,0.0006026352233017272,0.0008384970857886507,1511.1367521367522,0.4151526364518444,0.5848473635481556,87.01139601139602,0.9895042523820914,0.010495747617908644,67.14529914529915,0.7701512242085619,0.22984877579143806
369098752,0.3242586851119995,716.169,230.52643333498202,-13.471170836549252,-0.23806969379430254,0.0860682874917984,-0.00011241155152674764,-0.003539114026352763,87573.07607399437,531863.0,0.0014409775083715265,0.0006025406447323886,0.000838436863639138,1510.9744318181818,0.4151396785977253,0.5848603214022746,87.01420454545455,0.9895017867890638,0.01049821321093628,67.0909090909091,0.7695021203519089,0.23049787964809124
370147328,0.32390153408050537,765.662,249.91661137510556,-13.961394526931457,-0.22344125598331147,0.08325854688882828,-0.0006726048304699361,-0.003377308137714863,87404.33591480111,533298.0,0.0014407722537983579,0.0006022818027744888,0.0008384904510238691,1510.759206798867,0.41502177345655067,0.5849782265434493,86.96600566572238,0.9894505878786942,0.010549412121305946,67.06232294617564,0.7692605011053476,0.23073949889465245
371195904,0.3248292803764343,740.599,240.77586367560133,-13.857177933237516,-0.19626700869686325,0.08561746776103973,-0.0004912776057608426,-0.00364626944065094,87652.75540546016,534679.0,0.0014404226831123653,0.0006020513631529727,0.0008383713199593926,1510.3926553672316,0.4149662477604746,0.5850337522395255,86.909604519774,0.9894803884779069,0.010519611522093218,67.00564971751412,0.7684698265319643,0.23153017346803578
372244480,0.32350149750709534,798.306,260.7839655241122,-14.232504558338128,-0.20082192645030797,0.07989509403705597,-0.0007141735404729843,-0.0035675442777574062,87307.22089789584,536111.0,0.0014402120885714678,0.0006017899849045445,0.0008384221036669234,1510.1718309859154,0.41484776545110125,0.5851522345488988,86.88732394366197,0.9895100211864198,0.010489978813580278,66.97746478873239,0.7674911865461812,0.23250881345381894
373293056,0.32296356558799744,748.25,242.2180598541249,-13.125778602860867,-0.18118834727556682,0.0856809914112091,-0.0007074915338307619,-0.00348194339312613,87731.18155843839,537547.0,0.001440013392587726,0.0006016559815138913,0.0008383574110738347,1509.9634831460673,0.4148189686388189,0.5851810313611812,86.85112359550561,0.9895015281114199,0.010498471888580092,66.92696629213484,0.7671124277671876,0.23288757223281245
374341632,0.32276037335395813,702.809,225.8262831472205,-12.958799638075755,-0.18439054746441308,0.09445863962173462,-0.0007195447687990963,-0.0032973107881844044,87494.62412303135,539067.0,0.0014400402037035517,0.0006016669821004573,0.0008383732216030944,1509.9915966386554,0.41482721566754693,0.585172784332453,86.8375350140056,0.9894967755902361,0.010503224409763956,66.84593837535014,0.766659068467825,0.23334093153217506
375390208,0.322049617767334,722.767,232.84169994945825,-14.749118628903291,-0.20595103378211496,0.09073957055807114,-5.629914812743664e-05,-0.00334121473133564,87744.13202068329,540515.0,0.0014398750646154308,0.0006016379628101541,0.0008382371018052767,1509.81843575419,0.41486450499691163,0.5851354950030884,86.82122905027933,0.9894571439320938,0.010542856067906212,66.79888268156425,0.7663052721871886,0.23369472781281142
376438784,0.32343050837516785,687.529,221.81080923420748,-13.761034681856632,-0.21908681487036466,0.08694073557853699,-0.00024127699725795537,-0.003762635635212064,87708.49989686682,541952.0,0.0014396816243036211,0.0006016516087779095,0.0008380300155257116,1509.6155988857938,0.4149417312406906,0.5850582687593093,86.82172701949861,0.9894224763842409,0.010577523615759192,66.74930362116991,0.766160370911697,0.23383962908830297
377487360,0.32285836338996887,739.934,242.89769266501068,-14.524180877477862,-0.2194652774458706,0.08746915310621262,-8.221642929129303e-05,-0.0037668030709028244,87527.19968729359,543481.0,0.0014397329754299588,0.0006016519334581163,0.0008380810419718424,1509.6694444444445,0.4149354709633361,0.5850645290366638,86.80277777777778,0.9894171361720623,0.01058286382793764,66.70833333333333,0.7655278741548911,0.234472125845109
378535936,0.32157719135284424,687.204,222.79623471674697,-13.045838142763824,-0.20578570684925085,0.09266136586666107,-0.001054176245816052,-0.003162290435284376,87161.69582253353,544947.0,0.0014396176113646447,0.0006016205552542309,0.0008379970561104138,1509.5484764542937,0.41495569785991293,0.5850443021400871,86.74238227146814,0.9894038349212128,0.010596165078787162,66.62326869806094,0.7647923398774537,0.23520766012254635
379584512,0.3217393159866333,704.514,227.0827824039329,-13.924264145581052,-0.19798300800361926,0.08926185220479965,-0.0009998609311878681,-0.003759891726076603,87519.01172427942,546438.0,0.0014395687461557969,0.0006016657497342778,0.0008379029964215189,1509.4972375690609,0.41500998500912656,0.5849900149908734,86.75414364640883,0.9894331060954636,0.010566893904536368,66.59668508287292,0.7640851011756501,0.23591489882434993
380633088,0.32065898180007935,681.286,220.92753742157714,-13.186832498699427,-0.21149229338679779,0.09268628060817719,-0.0007034995360299945,-0.003656594781205058,87746.82270985858,547972.0,0.0014396331198616133,0.0006018052744799738,0.0008378278453816396,1509.564738292011,0.4150950624332361,0.5849049375667639,86.71349862258953,0.9894239545941294,0.010576045405870673,66.53719008264463,0.7634494213744316,0.23655057862556844
381681664,0.31999820470809937,692.446,220.48027927757056,-13.487820137878478,-0.1871130237677646,0.09664324671030045,-0.0003126290102954954,-0.0033947150222957134,87354.91944521593,549497.0,0.001439673560006278,0.0006019702324500451,0.0008377033275562329,1509.607142857143,0.41520491656724673,0.5847950834327532,86.72252747252747,0.9893919596028756,0.010608040397124385,66.46153846153847,0.76297220755127,0.2370277924487301
382730240,0.3204914927482605,712.986,231.30571240626276,-13.15019957135254,-0.2175494010523491,0.09688010811805725,-0.0013899077894166112,-0.0036713583394885063,87609.32072646283,551017.0,0.0014397007145293772,0.0006020376127060145,0.0008376631018233626,1509.6356164383562,0.4152515793769399,0.5847484206230601,86.7041095890411,0.989318283001224,0.0106817169987761,66.43013698630136,0.7621770159490125,0.2378229840509876
383778816,0.32133322954177856,689.712,220.30627927473188,-12.550624132482335,-0.2007660651719111,0.09109365940093994,-0.0005533508374355733,-0.003890099935233593,87502.07981577565,552493.0,0.001439613071295733,0.0006021098360989263,0.0008375032351968067,1509.5437158469945,0.41533689463757567,0.5846631053624243,86.74043715846994,0.9892928232116031,0.01070717678839693,66.3688524590164,0.7617711671722021,0.2382288328277981
384827392,0.322875052690506,735.809,237.23303213905567,-13.438655460514129,-0.1967850702729404,0.09030156582593918,-0.000566589820664376,-0.004364714026451111,87387.42924467877,553942.0,0.0014394557443561606,0.0006019841747647735,0.0008374715695913871,1509.3787465940054,0.41530149831928453,0.5846985016807155,86.7465940054496,0.9892913823988843,0.010708617601115685,66.33242506811989,0.7613406560488599,0.23865934395114016
385875968,0.3222935199737549,768.94,246.9141969051268,-14.696527983961627,-0.1860098981808119,0.09389732778072357,-0.0006107576773501933,-0.0043403590098023415,87696.0618066055,555402.0,0.0014393277790235436,0.0006018954774607782,0.0008374323015627654,1509.2445652173913,0.4152841141107784,0.5847158858892216,86.7445652173913,0.9893204819032353,0.010679518096764828,66.32065217391305,0.7607181490066514,0.23928185099334867
386924544,0.3236221969127655,725.419,232.9419636912403,-14.0546468123449,-0.24563690123828627,0.08856791257858276,-0.0008686487562954426,-0.004677233286201954,87397.17127289732,556815.0,0.0014390790365575775,0.0006018175988339473,0.0008372614377236302,1508.9837398373984,0.4153113554389055,0.5846886445610945,86.71815718157181,0.9892438382152562,0.010756161784743888,66.31165311653116,0.7604202506375103,0.2395797493624896
387973120,0.32407981157302856,761.482,245.7910764113851,-13.728248438000563,-0.2097492649257372,0.083846315741539,-0.0008244606433436275,-0.004889403469860554,87606.10447349727,558154.0,0.0014386409037822003,0.0006014720813648121,0.0008371688224173881,1508.5243243243244,0.4151920612804316,0.5848079387195684,86.71081081081081,0.9892085588584324,0.010791441141567618,66.24324324324324,0.7601448893800195,0.23985511061998058
389021696,0.32558831572532654,758.818,247.06472132904827,-13.205629838548601,-0.2116530229493297,0.07805045694112778,-6.121555634308606e-05,-0.005567481741309166,87523.13425315765,559496.0,0.0014382128445607312,0.0006011901197407766,0.0008370227248199545,1508.0754716981132,0.4151193779011603,0.5848806220988396,86.69811320754717,0.989204775352207,0.010795224647793096,66.21563342318059,0.7598287499015212,0.24017125009847892
390070272,0.32514676451683044,775.905,254.0256486770399,-14.227003345252946,-0.2140043910190779,0.08264584094285965,-0.0007123795221559703,-0.005526362452656031,87792.0394083478,560891.0,0.0014379229596866074,0.0006008840376330961,0.0008370389220535115,1507.771505376344,0.4149881651748874,0.5850118348251127,86.67204301075269,0.9891988834480694,0.010801116551930784,66.20161290322581,0.7593726616878778,0.24062733831212213
391118848,0.32483911514282227,734.967,239.04186371919232,-12.879858849633486,-0.18268065292635058,0.07902409881353378,0.0004083870444446802,-0.005205532535910606,87481.81158602191,562323.0,0.0014377292295563316,0.0006006741971177007,0.0008370550324386311,1507.56836461126,0.41490155230376385,0.5850984476962361,86.69436997319035,0.9892278408650987,0.010772159134901479,66.17962466487936,0.7591395279919411,0.240860472008059
392167424,0.3253718614578247,749.279,246.48816679242253,-13.132548431459814,-0.19509511860838785,0.07547242939472198,-9.833707008510828e-05,-0.005627424456179142,87834.12585127103,563712.0,0.001437426888368984,0.0006003405321090617,0.0008370863562599223,1507.2513368983957,0.4147527547304896,0.5852472452695104,86.63903743315508,0.9892566434296305,0.010743356570369657,66.11497326203208,0.75844664155346,0.2415533584465401
393216000,0.32586872577667236,743.432,241.99061025896108,-13.163434832788772,-0.1818806291772739,0.0885159969329834,8.847881690599024e-05,-0.006015811115503311,87567.4947223422,565104.0,0.0014371337890625,0.0006001358032226563,0.0008369979858398437,1506.944,0.41469847152247263,0.5853015284775274,86.62133333333334,0.9892519590471514,0.010748040952848668,66.04266666666666,0.758338647090514,0.24166135290948607
394264576,0.32399624586105347,711.793,232.44480672601284,-12.57944385946286,-0.2234808519609709,0.08648079633712769,-0.0005030313623137772,-0.005734605249017477,88009.82143808529,566583.0,0.0014370629127989424,0.0006000260089306121,0.0008370369038683303,1506.8696808510638,0.41464930978405373,0.5853506902159463,86.55585106382979,0.9892376479000631,0.01076235209993701,66.00265957446808,0.7584077297458323,0.24159227025416777
395313152,0.3238864839076996,716.081,229.25778889338136,-13.503718164328486,-0.2544501235476559,0.08272707462310791,3.864776954287663e-05,-0.005608041770756245,87507.01906321643,567976.0,0.001436774863488478,0.0005998712635799175,0.0008369035999085606,1506.5676392572943,0.41463101732035373,0.5853689826796463,86.55437665782493,0.9891119789802121,0.010888021019787896,65.93103448275862,0.7584364380733785,0.2415635619266215
396361728,0.3245788812637329,732.052,237.527299195465,-13.901608290921896,-0.20209916585854748,0.08617555350065231,-0.00021387757442425936,-0.0055618202313780785,87801.4932465235,569361.0,0.0014364681546650236,0.0005996719239250062,0.0008367962307400174,1506.2460317460318,0.41458467048447284,0.5854153295155272,86.51851851851852,0.9891407832686242,0.010859216731375758,65.89153439153439,0.7582974061021293,0.24170259389787077
397410304,0.323843777179718,661.57,215.40019849660194,-11.964303101577213,-0.16912794066837056,0.08179523050785065,-0.0003472510143183172,-0.00579677103087306,87465.52548572884,570764.0,0.0014362083575970893,0.0005995516412176369,0.0008366567163794525,1505.9736147757255,0.4145834249576622,0.5854165750423378,86.46174142480211,0.9891694355555144,0.010830564444485585,65.82849604221636,0.758181280266202,0.24181871973379795
398458880,0.322068452835083,691.539,224.91558539259202,-11.493554364915937,-0.14778837446129084,0.08722341060638428,-0.0006725376006215811,-0.005281444638967514,87542.14610354984,572305.0,0.001436296262239155,0.0005995499460320723,0.0008367463162070826,1506.0657894736842,0.4145648569432837,0.5854351430567163,86.43947368421053,0.9891979370408946,0.01080206295910536,65.76578947368421,0.757940452335677,0.24205954766432308
399507456,0.321241557598114,710.732,232.49008794827665,-12.775467549532651,-0.20211514475722706,0.0844668373465538,-0.0008829871076159179,-0.0051770578138530254,87289.53404204223,573807.0,0.0014362860852339136,0.0005995057073477998,0.0008367803778861139,1506.0551181102362,0.4145444529759946,0.5854555470240054,86.41732283464567,0.9891926392722296,0.01080736072777047,65.7244094488189,0.7575259104660296,0.24247408953397054
400556032,0.32122603058815,687.2,220.70596296357502,-13.281823290694504,-0.1732966912465019,0.09338565915822983,-0.0010576569475233555,-0.005123922601342201,87557.99881847722,575333.0,0.0014363358782224006,0.000599656429590355,0.0008366794486320456,1506.107329842932,0.41464121411581645,0.5853587858841836,86.41884816753927,0.9891306617908344,0.01086933820916555,65.68586387434554,0.7575447062039534,0.24245529379604663
401604608,0.3220099210739136,752.074,242.955446426671,-13.553764480203391,-0.19004737660200408,0.08506062626838684,-0.0007822879124432802,-0.005203877575695515,87445.6149620211,576784.0,0.0014361986603500325,0.0005995399335657026,0.0008366587267843301,1505.9634464751957,0.414605865483142,0.585394134516858,86.39164490861619,0.9891590412639655,0.01084095873603457,65.65274151436032,0.7569461609835577,0.24305383901644217
402653184,0.32098764181137085,711.958,233.05935515304282,-12.428839218566194,-0.1687518285266341,0.09474650770425797,-0.001146233407780528,-0.005058550275862217,87774.33077229118,578215.0,0.0014360124866167705,0.0005995060006777445,0.0008365064859390259,1505.7682291666667,0.41464535383353374,0.5853546461664664,86.33854166666667,0.9891083587859265,0.010891641214073619,65.61458333333333,0.7567110581337744,0.24328894186622577
403701760,0.3229483366012573,728.217,235.76220034674648,-12.677364021750428,-0.24352036113727962,0.08754290640354156,-0.0010032213758677244,-0.005278885364532471,87563.92763314121,579610.0,0.0014357381052785105,0.0005993483902572037,0.0008363897150213068,1505.4805194805194,0.41462034751486726,0.5853796524851328,86.32727272727273,0.9891366487631059,0.010863351236894206,65.54545454545455,0.7560775761978956,0.24392242380210438
404750336,0.3237612247467041,717.772,230.45739932930795,-12.615660064168274,-0.20207219204557228,0.08450254797935486,-0.0010277766268700361,-0.00597038958221674,87734.37199858062,580981.0,0.0014354058497927967,0.0005992088910829218,0.0008361969587098749,1505.1321243523316,0.4146270660773119,0.5853729339226881,86.36528497409327,0.9891134916932584,0.010886508306741682,65.51036269430051,0.7557130866621099,0.2442869133378901
405798912,0.3248072564601898,743.638,238.8963426436074,-13.477669827852399,-0.2070114196048505,0.08418460935354233,0.00014663705951534212,-0.006405547261238098,87540.12484196467,582399.0,0.001435191132301508,0.0005991021484059572,0.0008360889838955507,1504.906976744186,0.41462170645281327,0.5853782935471867,86.37467700258398,0.9891129113242549,0.01088708867574522,65.4625322997416,0.7554096881754907,0.24459031182450944
406847488,0.32272428274154663,747.436,242.5053408480808,-13.320779857220012,-0.1956426656833851,0.09264914691448212,-0.0006950214738026261,-0.0058194538578391075,87519.89123418358,583880.0,0.0014351323707816528,0.0005990352827249114,0.0008360970880567413,1504.8453608247423,0.41459898784659055,0.5854010121534096,86.3917525773196,0.9890855446034601,0.010914455396539914,65.4381443298969,0.7547514157832858,0.24524858421671433
407896064,0.3227913975715637,734.091,236.90783001347071,-13.83269841348508,-0.18404203938713737,0.09547187387943268,-0.001618275768123567,-0.005822448991239071,87356.45153154619,585367.0,0.0014350886210071398,0.0005990496637888617,0.000836038957218278,1504.7994858611826,0.4146292264441223,0.5853707735558776,86.41388174807199,0.9890865423916531,0.01091345760834694,65.41902313624679,0.7542738170723812,0.2457261829276189
408944640,0.3235204815864563,755.748,245.25346408860864,-12.884649133360014,-0.18132536333743962,0.09195755422115326,-0.0008647942449897528,-0.006043536122888327,87721.75510235832,586796.0,0.0014349032671023638,0.0005988732362404847,0.000836030030861879,1504.6051282051283,0.41456372400456687,0.5854362759954331,86.37179487179488,0.9890778955796599,0.01092210442034019,65.37435897435897,0.7538355081397169,0.24616449186028316
409993216,0.32491204142570496,758.726,247.84408449174742,-13.92049965763092,-0.2257625464553222,0.08851437270641327,-0.0011653131805360317,-0.00651989271864295,87429.02080242016,588190.0,0.001434633494033228,0.0005986928330053149,0.0008359406610279133,1504.322250639386,0.4145198717784345,0.5854801282215655,86.29411764705883,0.9890144884663762,0.01098551153362394,65.32992327365729,0.7535060055613545,0.2464939944386456
411041792,0.3242284655570984,728.518,237.9475639418536,-13.338206510068034,-0.20220262662245125,0.09188838303089142,-0.00041254429379478097,-0.006253806874155998,87777.377193084,589665.0,0.0014345621576114576,0.0005986422908549406,0.0008359198667565171,1504.2474489795918,0.41451223288034866,0.5854877671196513,86.27806122448979,0.9890106249753904,0.010989375024609591,65.29081632653062,0.7531144086083917,0.24688559139160826
412090368,0.3235076069831848,694.594,223.17326723815222,-13.81997820741497,-0.19918521454904534,0.09454669803380966,-0.0009295666241087019,-0.00620533199980855,87331.6081737867,591132.0,0.0014344717710072757,0.000598679365395893,0.0008357924056113828,1504.1526717557251,0.41457278565958267,0.5854272143404173,86.28753180661577,0.9889254975722865,0.011074502427713498,65.25445292620866,0.7530940107218963,0.24690598927810373
413138944,0.3224911689758301,689.34,219.26283737020847,-14.036857139190193,-0.193291302067114,0.09364242106676102,-0.0008993165101855993,-0.0060553401708602905,87694.47407039607,592593.0,0.0014343673202592104,0.0005987452976594722,0.0008356220225997382,1504.0431472081218,0.41465844627058085,0.5853415537294191,86.28934010152284,0.9888952589851814,0.011104741014818608,65.2005076142132,0.7529131076028514,0.24708689239714868
414187520,0.3239515721797943,744.737,243.46787831779056,-13.773848407511599,-0.18215361356033843,0.09121161699295044,9.0372035629116e-05,-0.006404071114957333,87315.53742718695,594039.0,0.0014342271828953223,0.000598644304879104,0.0008355828780162184,1503.8962025316455,0.4146346423009969,0.5853653576990031,86.2506329113924,0.9888520582938658,0.011147941706134272,65.18481012658228,0.7523371851249038,0.24766281487509623
415236096,0.3237467408180237,713.682,228.58068917262554,-12.117328204993857,-0.18549184771739927,0.09516406059265137,-0.000775533786509186,-0.006266131065785885,87756.68881479999,595510.0,0.0014341479600077929,0.0005986088454121291,0.0008355391145956636,1503.8131313131314,0.4146399167332447,0.5853600832667554,86.24242424242425,0.9888802096618106,0.011119790338189488,65.1489898989899,0.7523684192088129,0.24763158079118708
416284672,0.32326453924179077,762.132,249.12134712038375,-13.86738790525589,-0.15097538140911845,0.08678160607814789,0.00025785743491724133,-0.006209505721926689,87668.28472085332,596951.0,0.001433997070158759,0.0005984150192299177,0.0008355820509288413,1503.654911838791,0.4145516486853899,0.5854483513146101,86.18639798488665,0.9888688615266422,0.011131138473357777,65.09319899244332,0.7519963354394978,0.2480036645605022
417333248,0.3227840065956116,769.968,250.71377001087183,-15.823946952298284,-0.2058692088925448,0.08744575083255768,-0.000976485142018646,-0.006226720754057169,87757.95659942033,598378.0,0.0014338133922174349,0.0005982772788809772,0.0008355361133364576,1503.462311557789,0.41451367816940066,0.5854863218305995,86.17336683417085,0.9888347906232469,0.011165209376753088,65.07788944723617,0.7515974007750345,0.24840259922496563
418381824,0.32409536838531494,748.496,244.08300653870216,-15.037983397640287,-0.1811519695279431,0.08694581687450409,-0.00018519660807214677,-0.006660900544375181,87608.94551386785,599772.0,0.0014335517596481438,0.0005981091568643288,0.000835442602783815,1503.187969924812,0.41447622429912934,0.5855237757008707,86.16541353383458,0.9888325776322836,0.011167422367716324,65.07268170426065,0.7514641057816451,0.24853589421835498
419430400,0.3250933289527893,774.558,254.0892996033012,-15.476705003183335,-0.17918830767312427,0.08242486417293549,0.0005004959530197084,-0.007106982637196779,87562.37780078682,601105.0,0.0014331459999084473,0.0005978178977966308,0.0008353281021118164,1502.7625,0.414387145516326,0.585612854483674,86.0875,0.9888150416427485,0.011184958357251579,65.0625,0.751101838959814,0.24889816104018606
420478976,0.32623255252838135,743.674,242.17129298263265,-14.40023651669547,-0.18308824110790714,0.07696440815925598,0.0005759175983257592,-0.007491125725209713,87447.15023138255,602401.0,0.0014326542690210509,0.0005975257131524217,0.0008351285558686292,1502.2468827930174,0.4143235588414446,0.5856764411585554,86.07231920199501,0.9887805901673302,0.011219409832669907,65.00498753117208,0.7508912774328984,0.24910872256710168
421527552,0.3259961009025574,775.995,253.03149004125967,-15.820766383704031,-0.2037054645846039,0.07814686000347137,-6.704118277411908e-05,-0.007747509982436895,87475.85212878727,603750.0,0.0014322907177369986,0.0005972397268114992,0.0008350509909254995,1501.865671641791,0.414225969543905,0.585774030456095,86.04726368159204,0.9888084991470134,0.011191500852986647,64.97512437810946,0.750384507616699,0.24961549238330102
422576128,0.3241753578186035,730.09,239.99035859074445,-13.096590907089878,-0.19127989546508084,0.0841701328754425,-0.0006907300557941198,-0.007401410490274429,87326.94533166663,605161.0,0.001432075689803282,0.000597049817258016,0.000835025872545266,1501.6401985111663,0.4141583110664223,0.5858416889335778,85.99503722084367,0.988836269620594,0.011163730379406036,64.92059553349876,0.7497920594761531,0.2502079405238468
423624704,0.3223142623901367,729.03,237.63262356955465,-14.082950781562365,-0.1593881565813579,0.0918576717376709,-0.0005489927716553211,-0.006917573511600494,87768.39094749067,606641.0,0.001432024606383673,0.0005969717951104192,0.0008350528112732538,1501.5866336633662,0.41412493820654417,0.5858750617934558,85.93564356435644,0.9888239792694091,0.011176020730590833,64.89356435643565,0.7498154931389827,0.2501845068610174
424673280,0.3202674388885498,703.796,225.74168956223875,-13.21589478483051,-0.21883982281451,0.09277117252349854,-0.0010821886826306581,-0.006362084299325943,87358.17454221017,608147.0,0.0014320349987642265,0.0005969530270423418,0.0008350819717218846,1501.5975308641976,0.4141156385214343,0.5858843614785657,85.93827160493827,0.988766431768446,0.01123356823155404,64.8246913580247,0.7499660988616291,0.2500339011383709
425721856,0.3203014135360718,708.397,228.7127356211599,-12.475240020673722,-0.16345352413562148,0.0951308012008667,-0.00019904758664779365,-0.006204918492585421,87553.33617193191,609585.0,0.0014318856112475466,0.0005968615339307362,0.0008350240773168104,1501.4408866995075,0.4141010823710034,0.5858989176289967,85.92118226600985,0.9887941006557159,0.011205899344284202,64.78817733990148,0.7498922907363542,0.25010770926364584
426770432,0.32010525465011597,753.001,245.2788548235593,-14.134584028389305,-0.20428524084189859,0.09991879761219025,-0.0012339353561401367,-0.006585114635527134,87192.58221221935,611069.0,0.001431844744108233,0.0005968759335229672,0.0008349688105852656,1501.3980343980345,0.4141300133990394,0.5858699866009607,85.97051597051598,0.9888216335779377,0.011178366422062373,64.77149877149877,0.7496595637659776,0.25034043623402236
427819008,0.3206814229488373,710.411,230.6644267913606,-13.405517467461527,-0.18980054594107187,0.10009171813726425,-0.0011147105833515525,-0.006691038142889738,87426.99607167109,612545.0,0.0014317853778016334,0.000596929998958812,0.0008348553788428213,1501.3357843137255,0.4141926895843824,0.5858073104156176,85.98529411764706,0.9887957493524163,0.011204250647583748,64.7720588235294,0.74925504371904,0.25074495628096005
428867584,0.3224642872810364,734.58,236.626764056243,-14.087261591600255,-0.18699724939555978,0.09040667861700058,-0.0002883448905777186,-0.006982570048421621,87477.75558687147,613922.0,0.0014314954613123662,0.0005968532235814773,0.000834642237730889,1501.0317848410757,0.4142329185404282,0.5857670814595719,85.95843520782397,0.9887905437712774,0.011209456228722499,64.75061124694376,0.748907581160174,0.251092418839826
429916160,0.32411426305770874,726.302,234.72665610460845,-13.275348044786035,-0.22442749514882046,0.08290515840053558,4.0284532587975264e-05,-0.0076574175618588924,87462.41022701983,615270.0,0.0014311395040372524,0.000596655868902439,0.0008344836351348132,1500.658536585366,0.41420146096245813,0.585798539037542,85.90975609756097,0.9888178839084206,0.011182116091579273,64.6829268292683,0.7482675297097502,0.2517324702902497
430964736,0.32490238547325134,736.398,237.51634902730584,-14.122912540315184,-0.2139303313094797,0.08308285474777222,-0.0007882454665377736,-0.008133970201015472,87284.8289200516,616628.0,0.0014308084826689857,0.0005964339504566796,0.0008343745322123062,1500.3114355231144,0.4141432574644218,0.5858567425355783,85.87104622871047,0.988775574145696,0.011224425854303966,64.66666666666667,0.7479571212558882,0.2520428787441118
432013312,0.32424741983413696,722.107,232.127172774784,-14.756020570092224,-0.22761939458308686,0.08740361034870148,-8.80587103893049e-05,-0.007915589958429337,87515.01148346782,618050.0,0.0014306272117836961,0.0005963381054331956,0.0008342891063505006,1500.121359223301,0.41413487375742764,0.5858651262425725,85.87864077669903,0.9887755461621963,0.011224453837803666,64.62864077669903,0.7474295851482232,0.25257041485177667
433061888,0.3227301239967346,772.497,253.252324910881,-14.999354682753793,-0.21418288881149852,0.08627316355705261,0.00031632414902560413,-0.007800452411174774,87091.77003366266,619474.0,0.0014304514370010782,0.0005961919234970869,0.0008342595135039913,1499.9370460048426,0.4140877261729019,0.5859122738270981,85.81598062953995,0.9888027240165251,0.011197275983474843,64.62227602905568,0.746869535383356,0.2531304646166439
434110464,0.32316452264785767,775.013,252.7614138656474,-14.10262212367542,-0.17977744810744684,0.08372393250465393,-0.00010893488069996238,-0.007984457537531853,87714.78674182083,620842.0,0.001430147511947558,0.0005959520017467259,0.0008341955102008322,1499.6183574879226,0.4140074368662437,0.5859925631337565,85.77053140096618,0.9887576673250151,0.011242332674984945,64.59661835748793,0.7463626935999109,0.25363730640008914
435159040,0.3230172395706177,757.0,245.36756955596525,-14.96387979515642,-0.18253925650328237,0.08236856758594513,-0.0003414776874706149,-0.008229965344071388,87288.14809184728,622238.0,0.0014299093958843184,0.0005957568984433829,0.0008341524974409357,1499.368674698795,0.4139419237273869,0.5860580762726132,85.77831325301204,0.9886764589212809,0.011323541078719246,64.54939759036145,0.7459029173636593,0.25409708263634057
436207616,0.3226935863494873,744.207,237.76340254403277,-14.725459745228873,-0.19744456434797455,0.07783329486846924,7.178710802691057e-05,-0.008369787596166134,87579.14819294546,623652.0,0.0014297136893639197,0.0005956085828634409,0.0008341051065004789,1499.1634615384614,0.41389888930487007,0.5861011106951299,85.80288461538461,0.9885534385873355,0.01144656141266463,64.49759615384616,0.7457310800734851,0.2542689199265148
437256192,0.32215580344200134,703.065,224.7047182975351,-14.060760840311646,-0.19046150664575254,0.08618864417076111,-0.0003711481112986803,-0.00809500738978386,87169.59073029585,625104.0,0.0014296058270571043,0.0005955387362473303,0.0008340670908097741,1499.0503597122301,0.41388735937629945,0.5861126406237006,85.86810551558753,0.9885808883748958,0.011419111625104285,64.46043165467626,0.7457046119619205,0.2542953880380795
438304768,0.32232069969177246,727.664,232.9828750734497,-14.783704168826342,-0.17676282616473246,0.08423283696174622,-0.0007390840910375118,-0.008051653392612934,87481.15383087915,626504.0,0.0014293798419277063,0.000595462379273045,0.0008339174626546613,1498.8133971291866,0.41390710937095626,0.5860928906290438,85.89473684210526,0.9885835434784235,0.01141645652157656,64.43301435406698,0.7455907569274355,0.2544092430725646
439353344,0.32338887453079224,731.664,237.24140369486994,-14.25214906814418,-0.17953672856214478,0.08481976389884949,-0.0009821320418268442,-0.008422872051596642,87569.16329931153,627909.0,0.0014291663158480477,0.000595377282481774,0.0008337890333662739,1498.5894988066825,0.4139163849913264,0.5860836150086737,85.92840095465394,0.9885630576944654,0.01143694230553461,64.42959427207637,0.7452887446651925,0.25471125533480754
440401920,0.3233141005039215,737.697,238.51164015276638,-14.552755945469718,-0.21222553677574224,0.08318716287612915,-0.0008354276651516557,-0.008570391684770584,87950.53622770861,629337.0,0.0014290060315813337,0.0005952585311163039,0.0008337475004650298,1498.4214285714286,0.41388458460822714,0.5861154153917729,85.91190476190476,0.988560149871745,0.011439850128255007,64.4,0.7451625993024366,0.2548374006975635
441450496,0.3232911229133606,729.803,236.9802193715628,-14.309188335366548,-0.17855041975022035,0.08531750738620758,-0.001371879130601883,-0.008623402565717697,87359.81259321484,630771.0,0.0014288601003180207,0.0005951244870727249,0.0008337356132452959,1498.268408551069,0.4138373594414624,0.5861626405585376,85.8812351543943,0.988554784598565,0.011445215401434892,64.36579572446556,0.7450553247197704,0.2549446752802296
442499072,0.3230184316635132,688.577,223.23576749639324,-13.331483785167569,-0.17456195322286297,0.088475301861763,-0.0009383862488903105,-0.00838012620806694,87652.2348284166,632195.0,0.001428692261754619,0.0005951221520301855,0.0008335701097244335,1498.0924170616113,0.41389343204942103,0.586106567950579,85.84834123222748,0.9885819059620756,0.011418094037924384,64.33649289099526,0.7447936187005658,0.25520638129943435
443547648,0.32212647795677185,730.999,232.82519497842156,-14.531582483452745,-0.1769107390968821,0.09321914613246918,-0.0009676156914792955,-0.007826964370906353,87345.30479175286,633636.0,0.001428563544090758,0.0005950589551993296,0.0008335045888914285,1497.9574468085107,0.41389274229400885,0.5861072577059913,85.88652482269504,0.9885625448530938,0.011437455146906252,64.30496453900709,0.7447943383708143,0.2552056616291858
444596224,0.3212374448776245,695.77,224.76548409272544,-13.723604040245526,-0.17966985477368547,0.09457384049892426,-0.0008993993396870792,-0.0077750952914357185,87396.89860548773,635083.0,0.0014284489289769586,0.0005950702811187168,0.0008333786478582418,1497.8372641509434,0.41394179824891325,0.5860582017510869,85.89858490566037,0.9885895199831572,0.011410480016842793,64.27358490566037,0.7445175851680343,0.25548241483196565
445644800,0.3208523690700531,736.913,238.51578171054086,-13.944541217871011,-0.16130709563688603,0.09357953071594238,-0.0010537616908550262,-0.007874701172113419,87268.91737869882,636572.0,0.0014284290986902573,0.0005950523825252758,0.0008333767161649816,1497.8164705882352,0.41394123041800795,0.5860587695819921,85.90823529411765,0.988537936798883,0.011462063201116889,64.28470588235294,0.7441298029557037,0.25587019704429625
446693376,0.3217048645019531,734.849,237.7696198807629,-14.18125340975821,-0.18506176974607774,0.09669913351535797,-0.0008934905636124313,-0.007707994431257248,87720.85928322803,638003.0,0.0014282795185214477,0.0005950077038975388,0.0008332718146239088,1497.6596244131456,0.4139603412851448,0.5860396587148552,85.92723004694835,0.9885148979900954,0.011485102009904597,64.25117370892019,0.7437914700849156,0.25620852991508425
447741952,0.3213282823562622,713.376,233.48260300163923,-14.373057832505554,-0.21899011034595076,0.0947938859462738,-0.0008028704905882478,-0.007867090404033661,87542.61484047398,639485.0,0.0014282445438572617,0.0005950168368408775,0.0008332277070163843,1497.622950819672,0.4139832718369585,0.5860167281630416,85.91803278688525,0.9884561151707892,0.011543884829210814,64.23887587822014,0.7435976187478376,0.2564023812521624
448790528,0.32076525688171387,712.577,231.03428123286483,-14.164500881834451,-0.20781512114485276,0.09464199841022491,-0.0016238759271800518,-0.0076088933274149895,87321.46465781506,640950.0,0.0014281718530387523,0.0005950125578407929,0.0008331592951979593,1497.5467289719627,0.41400801507761886,0.5859919849223811,85.90420560747664,0.9883662644344089,0.011633735565591162,64.21028037383178,0.7436125775825388,0.2563874224174611
449839104,0.32252275943756104,759.883,246.37674801918072,-15.65800940106809,-0.20091291918310447,0.08633511513471603,-0.0011521817650645971,-0.007993409410119057,87405.82804498225,642279.0,0.0014277971707857572,0.0005948282344080074,0.0008329689363777499,1497.1538461538462,0.4139918495114902,0.58600815048851,85.87878787878788,0.9883623026680506,0.011637697331949534,64.2051282051282,0.7433454905906554,0.25665450940934464
450887680,0.32340630888938904,756.217,244.8932959223762,-15.079705427091627,-0.22107334429069403,0.08901675790548325,-0.0008390601724386215,-0.008514187298715115,87535.56863341962,643681.0,0.00142758613408998,0.0005947090858636901,0.0008328770482262899,1496.9325581395349,0.41397457091776174,0.5860254290822383,85.85348837209303,0.9882963438246364,0.011703656175363605,64.21627906976744,0.7433693922134813,0.2566306077865187
451936256,0.3225061595439911,740.473,239.21607678098232,-13.755990485485643,-0.18120240062966825,0.08023304492235184,-0.0002028018789133057,-0.008274692110717297,87458.22211055299,645109.0,0.001427433606919999,0.0005945661504971178,0.000832867456422881,1496.7726218097448,0.4139223250052682,0.5860776749947318,85.8584686774942,0.9882707669880891,0.011729233011910959,64.18793503480279,0.7428493490047047,0.2571506509952953
452984832,0.32239237427711487,733.779,235.27383101854846,-14.235057929965667,-0.2041178322950246,0.08390772342681885,-0.0006735731149092317,-0.008154947310686111,87668.52762851008,646537.0,0.0014272817858943232,0.0005944746511953848,0.0008328071346989384,1496.6134259259259,0.4139076044038905,0.5860923955961095,85.89583333333333,0.9882752237275411,0.011724776272458914,64.16898148148148,0.7426178855645483,0.2573821144354517
454033408,0.3212504982948303,704.777,226.32725934290886,-13.790345301198307,-0.21426497088811078,0.09240756183862686,-0.0007687007309868932,-0.008047699928283691,87490.659179922,648037.0,0.001427289244759716,0.0005945399506813384,0.0008327492940783776,1496.621247113164,0.4139570864568453,0.5860429135431546,85.905311778291,0.9882509802034077,0.011749019796592318,64.1270207852194,0.7426600372496588,0.2573399627503412
455081984,0.32114967703819275,735.991,238.82273037017137,-15.12452046645712,-0.196494109205141,0.08711178600788116,-0.0006135422736406326,-0.008132604882121086,87681.70257931402,649516.0,0.001427250523721018,0.0005945214478101598,0.0008327290759108583,1496.5806451612902,0.4139613823429222,0.5860386176570779,85.90322580645162,0.9882780516775934,0.011721948322406622,64.11059907834101,0.7424849373174398,0.2575150626825601
456130560,0.32194116711616516,749.726,241.74992183182087,-14.978673931136727,-0.1969414045939356,0.08587126433849335,-0.0002152434753952548,-0.008381451480090618,87217.64055701935,650970.0,0.0014271571718413255,0.0005944679523336476,0.0008326892195076778,1496.4827586206898,0.413956797527468,0.586043202472532,85.9080459770115,0.9882788753832457,0.011721124616754274,64.08045977011494,0.7420401894335911,0.25795981056640904
457179136,0.32300975918769836,768.19,250.92284036975167,-14.577863413093494,-0.24268836218821196,0.08066755533218384,-0.00035236263647675514,-0.008699983358383179,87518.33773558387,652357.0,0.0014269176973115414,0.0005942790880115754,0.000832638609299966,1496.2316513761468,0.413895351997596,0.5861046480024041,85.89908256880734,0.9883057586965869,0.011694241303413094,64.05504587155963,0.7414201388000449,0.258579861199955
458227712,0.32507485151290894,745.896,240.20604976240824,-14.923880794607102,-0.22430562422674102,0.07805156707763672,-4.2043597204610705e-05,-0.009245582856237888,87573.13012992564,653715.0,0.0014266160314634136,0.0005940976350203804,0.0008325183964430331,1495.9153318077804,0.4138581626189284,0.5861418373810716,85.89244851258582,0.9882222380334726,0.011777761966527339,64.02745995423341,0.7409116963067515,0.2590883036932486
459276288,0.3254835605621338,759.987,250.04821397130192,-14.67858185938839,-0.17646841621636508,0.08172741532325745,-0.0010026723612099886,-0.009327558800578117,87593.18425290367,655105.0,0.0014263854179208137,0.0005939148332430348,0.0008324705846777789,1495.6735159817351,0.41379860011106023,0.5862013998889397,85.85616438356165,0.9881838963288951,0.011816103671104737,64.02511415525115,0.7403797894839884,0.2596202105160117
460324864,0.32488662004470825,757.452,245.0305817052312,-14.257391948617995,-0.1819080115872324,0.07416417449712753,0.00032114883651956916,-0.009540457278490067,87510.3133654672,656480.0,0.0014261232693265945,0.00059369593383511,0.0008324273354914846,1495.3986332574032,0.4137207818047397,0.5862792181952603,85.86560364464692,0.9882108122825879,0.011789187717412017,63.96810933940775,0.7396862078129484,0.26031379218705164
461373440,0.32687681913375854,734.846,236.82224505556002,-13.025066815587342,-0.15500808850198317,0.07965683937072754,-6.002852751407772e-05,-0.00997721403837204,87434.20384522337,657804.0,0.0014257517727938565,0.0005934585224498402,0.0008322932503440164,1495.009090909091,0.4136611032907507,0.5863388967092494,85.87045454545455,0.9881859529984747,0.011814047001525338,63.90909090909091,0.739380700881316,0.2606192991186839
462422016,0.32583850622177124,730.303,236.42748175123333,-13.128804670143625,-0.20703979907858278,0.07896646857261658,-0.0009033702663145959,-0.00965005625039339,87751.11204810625,659195.0,0.0014255268503478866,0.0005932567881889084,0.0008322700621589781,1494.7732426303855,0.41358545893192716,0.5864145410680728,85.87755102040816,0.9882127422207003,0.011787257779299657,63.87981859410431,0.7394381275966712,0.26056187240332884
463470592,0.32492244243621826,758.653,247.40700950013007,-13.876953164529638,-0.14318401514508727,0.0850970596075058,-0.0004724435566458851,-0.009154720231890678,87761.42218103586,660653.0,0.0014254475071419418,0.0005930775430946867,0.000832369964047255,1494.6900452488687,0.41348613549387786,0.5865138645061222,85.86425339366515,0.9882394102247258,0.011760589775274092,63.841628959276015,0.7393055776786466,0.2606944223213534
464519168,0.3235931694507599,712.161,229.3453580239238,-12.787537857577204,-0.18146592020562463,0.08490559458732605,-0.001239932607859373,-0.009034935384988785,87618.82602063548,662121.0,0.001425390049781541,0.0005929357042161929,0.0008324543455653481,1494.6297968397291,0.41340771666433285,0.586592283335667,85.85778781038374,0.988184367361209,0.011815632638790971,63.78103837471783,0.7391619435883465,0.2608380564116536
465567744,0.3234236240386963,722.626,234.04917811702123,-13.613697272743565,-0.20868755471550118,0.0858445018529892,-0.0017039983067661524,-0.0088832788169384,87959.19742589071,663574.0,0.0014253006325111732,0.0005928546458751232,0.0008324459866360501,1494.536036036036,0.413381859301323,0.586618140698677,85.87837837837837,0.9881161474726525,0.011883852527347511,63.75,0.7391187860577421,0.260881213942258
466616320,0.32557013630867004,740.013,241.12807962070696,-13.404467376532498,-0.17053485687826078,0.08493372797966003,-0.0006300886161625385,-0.009435268118977547,87745.14735570285,664950.0,0.0014250465993131145,0.000592722517720769,0.0008323240815923455,1494.2696629213483,0.4133674657842101,0.58663253421579,85.86516853932584,0.9880866729839498,0.011913327016050102,63.725842696629215,0.7390690385207032,0.2609309614792968
467664896,0.32499510049819946,758.086,249.36992965196538,-12.94784170762077,-0.18313908883963237,0.07895135879516602,-0.00024356158974114805,-0.009191818535327911,87645.35959902931,666283.0,0.0014247017590988912,0.0005924391639606835,0.0008322625951382077,1493.908071748879,0.41326314794708763,0.5867368520529124,85.80941704035874,0.9881133844795016,0.01188661552049842,63.699551569506724,0.7386623642363347,0.26133763576366537
468713472,0.3249221444129944,735.161,239.8792164732814,-13.551345937378704,-0.21611141096460387,0.07882747054100037,-0.0005380944348871708,-0.009235234931111336,87675.05693144932,667636.0,0.0014244011317856894,0.0005921997479944421,0.0008322013837912472,1493.592841163311,0.41318023494214473,0.5868197650578553,85.75838926174497,0.9881044663579076,0.011895533642092419,63.64653243847875,0.7381843723700341,0.2618156276299659
469762048,0.3259695768356323,748.576,243.79768649982475,-13.953656028449535,-0.21236731948319387,0.0818084105849266,-6.478464638348669e-05,-0.009320146404206753,87664.88764978443,668987.0,0.0014240975890840804,0.0005920082330703735,0.0008320893560137067,1493.2745535714287,0.4131352839511347,0.5868647160488653,85.73660714285714,0.9880722782868548,0.011927721713145082,63.63169642857143,0.7379855742330866,0.2620144257669134
470810624,0.3249185085296631,725.046,234.84106331263297,-13.828231322370469,-0.20382101048320547,0.08624854683876038,-0.001514621078968048,-0.00932740606367588,87584.62463403237,670442.0,0.0014240162940758107,0.0005919004070732269,0.0008321158870025838,1493.1893095768373,0.41308766099649874,0.5869123390035014,85.74164810690424,0.9880988433686213,0.01190115663137861,63.57461024498886,0.7375141493227092,0.26248585067729074
471859200,0.32319125533103943,763.45,248.73645384246296,-14.119236814056407,-0.19663028389974505,0.08679115772247314,-0.0010973250027745962,-0.008859223686158657,87694.85701032213,671899.0,0.0014239395989312066,0.0005917549133300781,0.0008321846856011285,1493.108888888889,0.41301160102231754,0.5869883989776824,85.7088888888889,0.9880939914788194,0.011906008521180554,63.54,0.7371715252871773,0.26282847471282267
472907776,0.32167577743530273,711.753,229.1114570783824,-13.78406837960519,-0.23764503978042467,0.09213356673717499,-0.0010599849047139287,-0.00854431465268135,87630.53331709323,673413.0,0.0014239837747984081,0.0005917559706186772,0.0008322278041797308,1493.1552106430156,0.4130053041919248,0.5869946958080752,85.69623059866963,0.9880926744245426,0.011907325575457317,63.490022172949004,0.7367808469822303,0.2632191530177696
473956352,0.32196182012557983,691.732,223.0965583749851,-13.300583356509916,-0.2025821834868478,0.08261628448963165,-0.0005049883620813489,-0.008718404918909073,87591.01933287417,674885.0,0.0014239391394421062,0.0005917485836332879,0.0008321905558088185,1493.108407079646,0.4130189154850746,0.5869810845149253,85.67256637168141,0.9881190180651963,0.011880981934803652,63.45796460176991,0.7361441185416429,0.263855881458357
475004928,0.3224489390850067,727.938,236.69282950998098,-15.086896361154505,-0.22972844275077564,0.0915549173951149,-0.001287992112338543,-0.009222226217389107,87688.34748638468,676385.0,0.001423953647908259,0.0005917538607094198,0.0008321997871988394,1493.1236203090507,0.41302402457524734,0.5869759754247525,85.61147902869757,0.9881452453983858,0.01185475460161424,63.450331125827816,0.735806787889969,0.264193212110031
476053504,0.32071971893310547,728.404,234.96971892911475,-14.532000761531293,-0.2485327703136965,0.08882856369018555,-0.000799846719019115,-0.008633306249976158,87521.15566949504,677843.0,0.0014238798670831755,0.0005917381084963088,0.0008321417585868667,1493.0462555066078,0.4130403570265706,0.5869596429734294,85.63215859030836,0.9881249857574664,0.011875014242533474,63.403083700440526,0.7355496091039726,0.26445039089602734
477102080,0.3214718997478485,695.493,221.58527017092962,-13.895434009660036,-0.22650523541952486,0.0903654620051384,-0.0007558864308521152,-0.008941244333982468,87753.96950531927,679240.0,0.0014236785553313873,0.0005916951776860834,0.0008319833776453039,1492.8351648351647,0.4130765139739286,0.5869234860260714,85.62197802197802,0.9880696846084674,0.011930315391532385,63.36043956043956,0.735531418154893,0.26446858184510696
478150656,0.32312148809432983,730.275,238.3220209377408,-13.581258984543616,-0.20559481848486535,0.08448351919651031,-0.0008836734341457486,-0.009512661024928093,87578.3668966673,680634.0,0.0014234718523527447,0.0005915876020464981,0.0008318842503062466,1492.6184210526317,0.4130657714110657,0.5869342285889343,85.6140350877193,0.9880958475808175,0.01190415241918253,63.33114035087719,0.7353219194308691,0.2646780805691309
479199232,0.3224799633026123,733.455,236.71862672198702,-13.077696208607405,-0.17289066376285353,0.08026231080293655,-0.000675547169521451,-0.009717734530568123,87406.54546680226,682041.0,0.001423293182573381,0.0005914199795712527,0.0008318732030021284,1492.4310722100656,0.41300172225955006,0.5869982777404498,85.60831509846827,0.9880428050733906,0.01195719492660938,63.31728665207878,0.7353636350664957,0.2646363649335042
480247808,0.3233790397644043,790.132,257.1907309906646,-14.389589702991769,-0.17236863497987792,0.07672899961471558,0.00019232966587878764,-0.009459326043725014,87595.66854762998,683407.0,0.0014230299204197514,0.0005911531406719091,0.0008318767797478422,1492.1550218340612,0.4128863815896847,0.5871136184103153,85.59606986899563,0.9880143273330556,0.011985672666944294,63.299126637554586,0.7351474778640879,0.2648525221359122
481296384,0.324039101600647,775.119,252.44056880722917,-14.334958219053922,-0.19663710499537843,0.08446492999792099,-0.00011512031778693199,-0.009516242891550064,87598.33443634762,684765.0,0.001422751183603324,0.0005908957753565837,0.0008318554082467405,1491.862745098039,0.41278258338233953,0.5872174166176604,85.56862745098039,0.9879807508894674,0.012019249110532593,63.2636165577342,0.7348437680666738,0.26515623193332616
482344960,0.32435333728790283,769.173,248.89358953643077,-15.233458209231497,-0.17319964024106307,0.07729766517877579,-0.0006046780035831034,-0.009732743725180626,87791.3699701197,686027.0,0.0014222746310026749,0.0005906125773554263,0.0008316620536472487,1491.3630434782608,0.41271724261849246,0.5872827573815075,85.55217391304348,0.9879232676517478,0.01207673234825217,63.243478260869566,0.7346150416787672,0.26538495832123277
483393536,0.32526302337646484,819.56,263.8594580815323,-15.810928252536803,-0.15618493006545606,0.07986917346715927,-0.000734963919967413,-0.009829695336520672,87731.34781261612,687401.0,0.0014220318411539536,0.000590357501180984,0.0008316743399729697,1491.108459869848,0.41260503560797834,0.5873949643920217,85.5704989154013,0.9879263879000687,0.01207361209993132,63.23861171366595,0.7345150623913164,0.26548493760868364
484442112,0.3252630829811096,764.397,248.9902824815847,-13.76331560077587,-0.16529701876556546,0.08076214045286179,-0.0005756675382144749,-0.009684799239039421,87912.42717775749,688714.0,0.001421664184306091,0.0005901076576926491,0.0008315565266134419,1490.7229437229437,0.4125329123323212,0.5874670876676787,85.55194805194805,0.9878681900064298,0.012131809993570079,63.21212121212121,0.7341984395162652,0.2658015604837349
485490688,0.32548198103904724,777.472,253.622561960591,-13.785567908155267,-0.15173505423534855,0.07105735689401627,-0.00024021972785703838,-0.009927915409207344,87323.79138944104,690048.0,0.0014213413708153348,0.0005898135784635276,0.0008315277923518072,1490.3844492440605,0.4124125855005136,0.5875874144994865,85.53563714902808,0.987866702527322,0.012133297472677947,63.183585313174945,0.7338653975302689,0.2661346024697311
486539264,0.32560187578201294,799.5,260.79309017208476,-14.975502793222665,-0.1670989844760773,0.0775173231959343,0.00025561085203662515,-0.00982038676738739,87372.40195464976,691407.0,0.0014210713320765003,0.0005895742054643302,0.00083149712661217,1490.1012931034484,0.41231986280936267,0.5876801371906373,85.54741379310344,0.9877981190219699,0.01220188097803003,63.1573275862069,0.7336360561140229,0.266363943885977
487587840,0.32540491223335266,768.069,247.93236044574388,-13.612503565728664,-0.20941096568211026,0.08131557703018188,-0.0011201504385098815,-0.00984895508736372,87509.78229045977,692768.0,0.0014208065566196236,0.000589307149251302,0.0008314994073683216,1489.8236559139784,0.4122042499483519,0.5877957500516481,85.5720430107527,0.9878243596262237,0.012175640373776202,63.09462365591398,0.7332601151963836,0.26673988480361627
488636416,0.3250560462474823,762.504,249.44569738621078,-14.024220652837538,-0.20404743435472336,0.07950139045715332,-0.0003161418135277927,-0.009747008793056011,87491.84792891997,694147.0,0.0014205797547434532,0.0005890862624532675,0.0008314934922901857,1489.5858369098712,0.41211332497522846,0.5878866750247715,85.56008583690988,0.987796839541189,0.012203160458811018,63.0450643776824,0.7328668531466059,0.26713314685339395
489684992,0.32564476132392883,772.855,250.41288248484932,-13.6009302598387,-0.1837834155547424,0.07454106211662292,-0.0005388503195717931,-0.009890244342386723,87523.38332416583,695508.0,0.0014203171658566983,0.0005888622373789229,0.0008314549284777754,1489.3104925053533,0.4120301164840364,0.5879698835159637,85.55032119914347,0.9877965343622734,0.012203465637726509,62.98929336188437,0.7326286406594005,0.26737135934059947
490733568,0.3272932767868042,752.565,245.24939458495658,-14.109455570857971,-0.22926440825780606,0.07861237227916718,-0.0005790474824607372,-0.010299364104866982,87682.50145331511,696794.0,0.0014199028667221721,0.0005886086031921909,0.0008312942635299813,1488.8760683760684,0.41196885395629107,0.588031146043709,85.53418803418803,0.9877952158853872,0.012204784114612803,62.96367521367522,0.7324876962705271,0.2675123037294728
491782144,0.32672542333602905,747.057,243.8471225731629,-11.778249773336167,-0.20417673584190066,0.0763581246137619,-0.0007695428794249892,-0.01037994772195816,87734.3072424144,698213.0,0.001419760779277094,0.0005883845184911797,0.0008313762607859142,1488.727078891258,0.4118522761630405,0.5881477238369596,85.49466950959489,0.9877575912326068,0.012242408767393282,62.90618336886994,0.7325250359373277,0.26747496406267224
492830720,0.3258879482746124,709.64,229.34371367451175,-12.821382703442126,-0.21516536924868168,0.08719809353351593,-0.0009222206426784396,-0.010080330073833466,87506.27039274957,699600.0,0.0014195543654421544,0.0005883054530366938,0.0008312489124054605,1488.5106382978724,0.4118626473805187,0.5881373526194813,85.47872340425532,0.9877018058502788,0.012298194149721251,62.89574468085107,0.7327272937478793,0.26727270625212074
493879296,0.32628509402275085,737.806,242.60006469200178,-12.86366306749126,-0.2204993356422432,0.07758653163909912,-0.0007257519755512476,-0.010083124041557312,87769.39633462274,700999.0,0.0014193731255338956,0.0005880971369976197,0.0008312759885362759,1488.32059447983,0.41176825808563966,0.5882317419143602,85.41188959660298,0.9877279166658832,0.012272083334116748,62.87898089171974,0.7325999051682177,0.2674000948317823
494927872,0.32380756735801697,716.026,231.66149628999457,-12.789179083906115,-0.21534336982675256,0.08687825500965118,-0.0011457190848886967,-0.009541021659970284,87472.07677604326,702502.0,0.0014194027852203887,0.0005880856918076338,0.0008313170934127549,1488.3516949152543,0.41175713951500875,0.5882428604849912,85.40677966101696,0.9877283910102964,0.012271608989703543,62.851694915254235,0.7323189731657426,0.2676810268342573
495976448,0.3232905864715576,721.552,234.74619826225145,-14.169035948067904,-0.2283303240484787,0.08917196840047836,-0.0005426562856882811,-0.009372844360768795,87588.03990801879,703939.0,0.0014192992486610977,0.0005880339705162774,0.0008312652781448203,1488.2431289640592,0.4117561169926304,0.5882438830073696,85.35940803382664,0.9876872188691626,0.01231278113083743,62.81606765327695,0.732149533292334,0.26785046670766594
497025024,0.32238319516181946,719.458,234.5436338323988,-13.01107431734912,-0.20665945357299711,0.07940144836902618,-0.00043100345646962523,-0.008989912457764149,87427.75902786927,705433.0,0.0014193108313194306,0.0005879804554870863,0.0008313303758323444,1488.2552742616033,0.41172058295946967,0.5882794170405303,85.31645569620254,0.98768073820618,0.012319261793820082,62.78691983122363,0.7317674043363656,0.2682325956636344
498073600,0.32131174206733704,690.927,222.95556069376877,-13.862342442395166,-0.230706542202991,0.09009628742933273,-0.0011461328249424696,-0.008808186277747154,87452.71103527803,706958.0,0.0014193846050061677,0.0005880516453793174,0.0008313329596268504,1488.3326315789473,0.4117538890660951,0.5882461109339049,85.30105263157894,0.9876796829408606,0.012320317059139435,62.770526315789475,0.7316813868344134,0.2683186131655866
499122176,0.32240670919418335,727.27,235.671914912194,-13.756587570563424,-0.1731486128390304,0.08815059810876846,-0.0006554825231432915,-0.009021172299981117,87873.85601815161,708368.0,0.0014192276642102154,0.0005880283708331966,0.0008311992933770188,1488.1680672268908,0.4117902842869318,0.5882097157130681,85.3109243697479,0.9876588806190894,0.012341119380910618,62.74579831932773,0.7313388365490058,0.2686611634509942
500170752,0.3235786557197571,724.949,234.54689796925337,-13.984085823580623,-0.20539828494236984,0.08302921801805496,-0.0007667444879189134,-0.00951747689396143,87618.24824373888,709797.0,0.0014191093684742286,0.0005879432150402909,0.0008311661534339377,1488.0440251572327,0.41176908766610215,0.5882309123338978,85.29769392033543,0.9876847529867643,0.012315247013235752,62.708595387840674,0.7309703181402144,0.2690296818597855
501219328,0.32459449768066406,729.504,239.6279478607122,-12.962518304809928,-0.20448019485185165,0.07436959445476532,-0.0005124224699102342,-0.009682940319180489,87636.28161683046,711117.0,0.0014187740980331869,0.0005876848388416498,0.000831089259191537,1487.692468619247,0.41167948579638103,0.588320514203619,85.24476987447699,0.987675649598368,0.012324350401632052,62.65690376569037,0.7307073324493243,0.2692926675506756
502267904,0.3247554898262024,760.578,246.63255480462686,-15.179262089231983,-0.1783127497170187,0.08236134052276611,-0.0002801129303406924,-0.010019209235906601,87454.4847987896,712518.0,0.0014186014959856961,0.0005875967738523862,0.00083100472213331,1487.5114822546973,0.4116723883315509,0.588327611668449,85.25678496868476,0.9876554957954945,0.012344504204505518,62.64926931106472,0.7303495343312638,0.2696504656687362
503316480,0.32398495078086853,779.722,253.05865444694646,-14.484436667397306,-0.13898981147943654,0.07860316336154938,-0.000639144447632134,-0.009733995422720909,87581.15904859033,713884.0,0.0014183600743611655,0.000587397813796997,0.0008309622605641683,1487.2583333333334,0.4116017067758211,0.5883982932241789,85.24166666666666,0.9875743759057496,0.012425624094250406,62.63333333333333,0.7301537303771646,0.2698462696228354
504365056,0.3243769407272339,774.366,252.96434584508836,-14.146200156755745,-0.1941863946529716,0.07819685339927673,0.0001491969742346555,-0.009824588894844055,87421.89729399291,715225.0,0.0014180700892965907,0.0005871639925823886,0.0008309060967142021,1486.954261954262,0.4115180538578752,0.5884819461421248,85.21413721413721,0.9875713337751995,0.012428666224800591,62.61746361746362,0.7299587405767206,0.2700412594232794
505413632,0.3241701126098633,774.593,251.82734701578693,-14.582982357529923,-0.1546059840855203,0.08489429205656052,-0.0016128122806549072,-0.01000602263957262,87617.04558454703,716574.0,0.001417797136108905,0.0005869390558899685,0.0008308580802189364,1486.668049792531,0.41143633072093616,0.5885636692790639,85.19294605809128,0.9875417943551955,0.01245820564480446,62.58921161825726,0.729502818047791,0.27049718195220895
506462208,0.3231085538864136,783.86,255.60623445250465,-14.385388015364297,-0.18372555930444134,0.07698870450258255,-0.0002902330015785992,-0.00984037946909666,87621.27685689746,717955.0,0.001417588496553725,0.000586669637549738,0.0008309188590039871,1486.4492753623188,0.41130261183459244,0.5886973881654075,85.18012422360249,0.9875413802305509,0.012458619769448967,62.58385093167702,0.7290276569338204,0.27097234306617957
507510784,0.3255781829357147,803.02,263.02856218549516,-14.621955224618315,-0.2007102720363977,0.0674389898777008,-0.0004960957448929548,-0.010423577390611172,87715.1838543862,719202.0,0.0014171166853471236,0.0005862988716314647,0.0008308178137156588,1485.9545454545455,0.4111602961331773,0.5888397038668227,85.15289256198348,0.9875097290776413,0.012490270922358737,62.549586776859506,0.728599374854277,0.27140062514572294
508559360,0.32450130581855774,789.27,257.4366933200834,-15.094006535216467,-0.21766613474546279,0.07668748497962952,-0.001123275957070291,-0.010311931371688843,87619.4177698269,720629.0,0.0014170007607371537,0.0005860810427321602,0.0008309197180049935,1485.8329896907217,0.4110407666717853,0.5889592333282146,85.14020618556701,0.9874832833358395,0.012516716664160479,62.54639175257732,0.7282801400438625,0.27171985995613746
509607936,0.325989305973053,754.235,245.15381253536046,-12.999535128049436,-0.19772360059129493,0.07596220821142197,-0.0006530930986627936,-0.010312008671462536,87803.92275955826,721897.0,0.0014165733086228861,0.0005858386004412616,0.0008307347081816245,1485.3847736625514,0.41099176092711787,0.5890082390728821,85.11522633744856,0.9874526649333503,0.012547335066649802,62.51440329218107,0.7279198753305247,0.2720801246694752
510656512,0.3255723714828491,768.327,249.9714937965162,-14.450170286163688,-0.22202544534874458,0.07311131060123444,-5.828332723467611e-05,-0.010519535280764103,87832.29806491797,723292.0,0.0014163963114211691,0.0005856421938667063,0.0008307541175544629,1485.1991786447638,0.41090442421343176,0.5890955757865681,85.11909650924025,0.9874548273197836,0.012545172680216363,62.503080082135526,0.7275059039016606,0.2724940960983394
511705088,0.3248221278190613,746.199,241.93776135415771,-13.413805217318236,-0.2427267644015613,0.07044824212789536,-0.00014256844588089734,-0.010268921963870525,87644.95613203105,724631.0,0.0014161106015815109,0.0005853977359709193,0.0008307128656105917,1484.8995901639344,0.4108107633213699,0.58918923667863,85.08811475409836,0.9874512606361658,0.012548739363834183,62.46926229508197,0.7269060610836156,0.27309393891638445
512753664,0.32482197880744934,794.148,258.5900433662005,-15.860949702723417,-0.2267513383839017,0.08463257551193237,0.009468755684792995,-0.010155616328120232,87680.31813193057,726005.0,0.0014158943191871565,0.0005852069347670229,0.0008306873844201335,1484.6728016359918,0.4107386469373352,0.5892613530626647,85.0920245398773,0.9874534170502565,0.012546582949743647,62.4519427402863,0.7265556510518608,0.2734443489481392
513802240,0.3254009485244751,777.329,252.02413832163998,-14.86888474748563,-0.19070938810708868,0.08041772991418839,-0.0010622728150337934,-0.010451052337884903,87410.11711726787,727429.0,0.001415776233283841,0.0005850422139070472,0.0008307340193767936,1484.5489795918368,0.410658545135514,0.589341454864486,85.07959183673469,0.9874790223215825,0.01252097767841764,62.41428571428571,0.7260005282018477,0.2739994717981523
514850816,0.32263505458831787,732.157,237.7461909356378,-12.17170909351483,-0.19049031295782715,0.07922738045454025,-0.001229053596034646,-0.009900646284222603,87597.95931785056,728847.0,0.0014156469745208679,0.0005848626255260708,0.0008307843489947969,1484.4134419551935,0.4105704806848489,0.589429519315151,85.05295315682281,0.9875045232944509,0.012495476705549173,62.366598778004075,0.7257752412103665,0.27422475878963337
515899392,0.32390743494033813,757.012,245.36317946509644,-13.936110855158303,-0.1873801764082238,0.08132798969745636,-0.0011934047797694802,-0.010291804559528828,87301.18642613903,730247.0,0.0014154833506762497,0.0005847535482267054,0.0008307298024495443,1484.2418699186992,0.41054464056731294,0.5894553594326871,85.04674796747967,0.987529920604828,0.012470079395172041,62.333333333333336,0.7253163484436788,0.27468365155632113
516947968,0.32152122259140015,723.069,234.85339112431694,-14.350098108083236,-0.20710868776644886,0.0909290537238121,-0.0012722585815936327,-0.010107485577464104,87823.93366795137,731735.0,0.0014154906205183111,0.0005847435693953632,0.0008307470511229478,1484.2494929006086,0.4105407004252649,0.5894592995747351,85.026369168357,0.9875281695826411,0.01247183041735898,62.29614604462475,0.7249515172002933,0.27504848279970673
517996544,0.3217804431915283,675.672,214.3106301047243,-13.415425756345968,-0.20012433946736033,0.0917816162109375,-0.001003003097139299,-0.010107792913913727,87354.76328994421,733204.0,0.0014154611811464132,0.0005848610449416435,0.0008306001362047697,1484.2186234817814,0.4106384227336397,0.5893615772663603,85.05263157894737,0.9875327601672256,0.012467239832774557,62.26315789473684,0.7248922067887805,0.2751077932112195
519045120,0.32150810956954956,717.716,230.0547312450055,-13.162891627625344,-0.23382917496216998,0.0889587327837944,-0.0008676853030920029,-0.010155970230698586,87630.56299957162,734690.0,0.001415464613172743,0.0005848855683297822,0.0008305790448429609,1484.2222222222222,0.41065989085199395,0.589340109148006,85.05858585858586,0.9875120328280448,0.01248796717195536,62.214141414141416,0.7245442055204141,0.2754557944795859
520093696,0.32089537382125854,723.226,234.66844201740437,-13.095104174530832,-0.1619229451734407,0.08706949651241302,-0.0009568592067807913,-0.009991180151700974,87470.13007402683,736186.0,0.0014154872586650232,0.0005849003791809082,0.0008305868794841151,1484.2459677419354,0.41066885670082387,0.5893311432991761,85.05040322580645,0.9875372101812139,0.012462789818786095,62.19556451612903,0.7244909172180487,0.2755090827819513
521142272,0.3205530047416687,712.55,231.06621022788062,-13.198147028675303,-0.1609448940776155,0.08776833117008209,-0.0010401415638625622,-0.009853393770754337,87747.1588387738,737639.0,0.0014154273019710056,0.0005848805909185582,0.0008305467110524475,1484.1830985915492,0.41067757819872214,0.5893224218012779,85.0503018108652,0.9875386147766595,0.01246138522334056,62.16297786720322,0.7240392252316945,0.2759607747683055
522190848,0.3226977586746216,783.186,255.40832313188537,-14.426512561973418,-0.18667942940459245,0.08124609291553497,-0.0002353941381443292,-0.010435743257403374,87634.39919262433,739070.0,0.0014153254558762394,0.0005847459816070924,0.0008305794742691469,1484.0763052208836,0.41061488211122416,0.5893851178887759,85.03815261044177,0.9875382195103446,0.01246178048965534,62.140562248995984,0.7237665265748388,0.2762334734251611
523239424,0.3225414752960205,719.04,229.4957687529726,-12.405733151372521,-0.18856646654714723,0.08232950419187546,-0.0005414097104221582,-0.010448567569255829,87810.56691970937,740429.0,0.0014150864136720706,0.0005846272011797031,0.0008304592124923675,1483.8256513026051,0.4106045219873131,0.5893954780126869,85.04809619238478,0.9875186595068726,0.012481340493127418,62.08016032064128,0.7238817239163722,0.2761182760836277
524288000,0.3261576294898987,760.008,246.91310741434248,-13.871096126645803,-0.1780093743562074,0.07330262660980225,-0.0007041585631668568,-0.011579178273677826,87546.58623687467,741736.0,0.0014147491455078125,0.0005843982696533203,0.0008303508758544922,1483.472,0.41053771233124975,0.5894622876687503,85.042,0.9875436221878587,0.012456377812141163,62.058,0.723767293801873,0.27623270619812706
525336576,0.3260418772697449,798.622,261.2977694020383,-14.323416536656557,-0.19411687743699063,0.07605724036693573,-0.0005157600971870124,-0.011714226566255093,87694.37440164875,743029.0,0.0014143865741417555,0.000584099820987907,0.0008302867531538486,1483.0918163672654,0.4104222043494649,0.589577795650535,85.02994011976048,0.9875432192935755,0.012456780706424517,62.047904191616766,0.7233381613388443,0.2766618386611557
526385152,0.3276458978652954,811.044,265.0251670215353,-13.513225162042305,-0.16018859952075734,0.06763459742069244,-0.0007285634055733681,-0.012030999176204205,87455.89516602893,744245.0,0.0014138791665612939,0.0005836809773844077,0.0008301981891768862,1482.5597609561753,0.4102467984066426,0.5897532015933574,85.0199203187251,0.9875431331993652,0.012456866800634825,62.00996015936255,0.7230554067322673,0.2769445932677326
527433728,0.32691091299057007,803.002,262.33618567010944,-13.494548332122694,-0.17859882231923768,0.06468380242586136,-0.00013683368160855025,-0.011838455684483051,87483.80579301769,745526.0,0.0014134970147377454,0.0005833263662652988,0.0008301706484724466,1482.1590457256461,0.41009078499645746,0.5899092150035424,85.00198807157058,0.9874632629962902,0.01253673700370984,61.98210735586481,0.7227362110926405,0.27726378890735937
528482304,0.32573550939559937,754.696,246.47657134943643,-13.312868583410978,-0.19620510104389474,0.0759638324379921,-0.0011767972027882934,-0.01151222363114357,87550.32271058028,746923.0,0.0014133358758593362,0.0005831302158416263,0.0008302056600177098,1481.9900793650793,0.4099986135255049,0.5900013864744952,84.9920634920635,0.9874633358871705,0.012536664112829464,61.9781746031746,0.722691099562695,0.2773089004373051
529530880,0.3226141035556793,774.526,250.6384102069228,-15.285173316426576,-0.18029826075836303,0.0856660008430481,-0.0006068322691135108,-0.010577723383903503,87717.56135679802,748349.0,0.0014132301406104967,0.0005830066038830445,0.000830223536727452,1481.8792079207922,0.40994493151963457,0.5900550684803654,84.99405940594059,0.987442109847882,0.012557890152117897,61.98019801980198,0.7222344112310134,0.2777655887689867
530579456,0.32279834151268005,760.317,249.63343954801186,-13.275422242906876,-0.2165602123290745,0.07699261605739594,-0.000199501242605038,-0.010570630431175232,87466.68050123805,749834.0,0.0014132360224667275,0.0005829060972914865,0.0008303299251752409,1481.8853754940712,0.4098773675754408,0.5901226324245592,84.98221343873517,0.9874419115520403,0.012558088447959762,61.94268774703557,0.7217722327365317,0.27822776726346843
531628032,0.32125788927078247,730.751,234.58105793182233,-13.998550600212067,-0.2281759741477064,0.07991098612546921,-0.0008434141636826098,-0.010239608585834503,87518.22975903151,751271.0,0.001413151592427692,0.0005828398454353889,0.0008303117469923031,1481.7968441814596,0.4098595326750334,0.5901404673249666,84.96844181459566,0.9873908199346565,0.012609180065343546,61.92307692307692,0.7214865342043552,0.2785134657956449
532676608,0.3235805034637451,755.202,244.70627740094204,-14.409835699148475,-0.22591359781502926,0.0831376165151596,-0.0010367737850174308,-0.010916972532868385,87371.0237859435,752582.0,0.00141283095352293,0.0005826649703378753,0.0008301659831850548,1481.4606299212599,0.4098305143633867,0.5901694856366133,84.95866141732283,0.9873910348560451,0.012608965143955077,61.89173228346457,0.7212645049090196,0.27873549509098033
533725184,0.32399868965148926,755.823,244.95268192336732,-13.330815891017206,-0.19432703593759504,0.08036340028047562,-0.0008835854241624475,-0.01105009950697422,87401.00963799572,753982.0,0.0014126783269796015,0.0005824832878787297,0.0008301950391008718,1481.3005893909626,0.40974664863210863,0.5902533513678914,84.94302554027504,0.9873902921294377,0.012609707870562262,61.854616895874265,0.721263848185344,0.278736151814656
534773760,0.3254754841327667,771.795,249.8265606203787,-13.645099999366328,-0.16268779066977246,0.08431319892406464,-0.0007206288864836097,-0.011167831718921661,87374.21412173682,755288.0,0.001412350523705576,0.0005822518292595358,0.0008300986944460401,1480.956862745098,0.40967438919134724,0.5903256108086529,84.91764705882353,0.9873333177004259,0.01266668229957423,61.8235294117647,0.7209578747404793,0.2790421252595207
535822336,0.3238602578639984,751.91,245.5016767018996,-14.91061440612562,-0.24377380742319865,0.08290766179561615,-0.0016158500220626593,-0.011090358719229698,87821.92392445389,756653.0,0.0014121341145435192,0.0005821612483134708,0.0008299728662300483,1480.7299412915852,0.4096783954976687,0.5903216045023313,84.89236790606654,0.9872765662633082,0.012723433736691828,61.80234833659491,0.7205830291239732,0.2794169708760267
536870912,0.32503563165664673,802.039,261.61370673166306,-15.330068532234058,-0.18771615625974059,0.08022060245275497,-0.0005862853722646832,-0.011190207675099373,87381.605903628,758046.0,0.00141197070479393,0.0005819778889417648,0.0008299928158521652,1480.55859375,0.40959611747119673,0.5904038825288033,84.875,0.9872243196803515,0.012775680319648538,61.78515625,0.7199126686971022,0.2800873313028977
537919488,0.32384973764419556,768.878,249.81694216733078,-15.144301618918776,-0.21051149560689242,0.07484424114227295,-0.001045779325067997,-0.0111127570271492,87747.64728069365,759389.0,0.0014117149814062882,0.0005817562051219085,0.0008299587762843795,1480.29044834308,0.40951035389780005,0.5904896461022,84.84990253411306,0.9872221496831405,0.012777850316859532,61.75243664717349,0.7195056481170126,0.2804943518829873
538968064,0.32281792163848877,740.337,242.12498388182743,-12.389159702464939,-0.19764615539869648,0.08443450182676315,-0.001452272874303162,-0.010974928736686707,87604.79570239878,760860.0,0.001411697743931633,0.0005816504185301785,0.0008300473254014546,1480.272373540856,0.4094450316884138,0.5905549683115862,84.81517509727627,0.9872179716231844,0.012782028376815698,61.715953307392994,0.719327440585159,0.2806725594148411
540016640,0.32160988450050354,727.488,234.4675905425297,-12.953476189909969,-0.1620623942115056,0.08632251620292664,-0.0006563484203070402,-0.010419832542538643,87362.24028390402,762269.0,0.0014115657621217006,0.000581587634040314,0.0008299781280813865,1480.1339805825244,0.4094437803021811,0.5905562196978189,84.80582524271844,0.9872427910957607,0.012757208904239356,61.69514563106796,0.7193774805824997,0.28062251941750027
541065216,0.3222924470901489,719.965,232.72635815095808,-13.266217040797695,-0.18571963573186032,0.09029833227396011,-0.00037034088745713234,-0.011038179509341717,87599.91171392633,763679.0,0.0014114361400752104,0.0005815657534340555,0.0008298703866411549,1479.9980620155038,0.40947220994341194,0.5905277900565881,84.82558139534883,0.9872471145320296,0.01275288546797043,61.66472868217054,0.7192472411105248,0.2807527588894751
542113792,0.32166361808776855,686.67,223.2206823560607,-12.1481655094921,-0.198521099217899,0.08280152082443237,-0.001009893137961626,-0.010842651128768921,87614.4937523339,765128.0,0.0014113789600837161,0.0005815863839892862,0.00082979257609443,1479.9381044487427,0.4095091523392108,0.5904908476607891,84.80851063829788,0.9872208806751521,0.012779119324848019,61.61895551257253,0.7192812737297756,0.2807187262702244
543162368,0.3233252167701721,724.452,236.35481010299478,-13.491756409168717,-0.1830986791702153,0.08641992509365082,-0.0010285653406754136,-0.01127955224364996,87636.20303535281,766540.0,0.0014112538812703608,0.0005815480206463788,0.0008297058606239819,1479.80694980695,0.4095238814084368,0.590476118591563,84.8030888030888,0.9872455507896788,0.012754449210321286,61.58687258687259,0.7191797011292677,0.28082029887073234
544210944,0.3236231207847595,743.016,241.1081497333334,-13.034932620106265,-0.1840198275296298,0.07929316908121109,-0.0006909833755344152,-0.011274650692939758,87752.57051864054,767911.0,0.0014110539460228128,0.0005814124164324045,0.0008296415295904082,1479.597302504817,0.40948810419364073,0.5905118958063592,84.79961464354528,0.9872236973478064,0.012776302652193825,61.56840077071291,0.7193872991558453,0.28061270084415463
545259520,0.32360169291496277,747.12,240.66273078940762,-14.471425151976756,-0.1988042652905371,0.08302763104438782,-0.0014175870455801487,-0.011714349500834942,87322.18242915989,769309.0,0.0014109042974618765,0.0005812938396747296,0.0008296104577871469,1479.4403846153846,0.4094503244400604,0.5905496755599395,84.775,0.9871681389554707,0.012831861044529349,61.534615384615385,0.7193150508532729,0.28068494914672704
546308096,0.32308104634284973,728.827,232.5479066463462,-14.141264273157928,-0.20774749987588445,0.0876348689198494,-0.0006412107031792402,-0.011483732610940933,87783.36203735085,770708.0,0.0014107570538365224,0.0005812397845189539,0.0008295172693175683,1479.2859884836853,0.40946017380615324,0.5905398261938467,84.79846449136276,0.987133405799987,0.012866594200013067,61.504798464491365,0.7191861811069968,0.28081381889300305
547356672,0.3246830105781555,783.492,253.7948722043559,-15.82504828670621,-0.1946513144913189,0.08621026575565338,-0.00018503839964978397,-0.011888789013028145,87404.70416571025,772138.0,0.0014106670101940403,0.000581118338866252,0.0008295486713277882,1479.191570881226,0.4094032008289773,0.5905967991710227,84.77586206896552,0.9870530841020024,0.012946915897997612,61.484674329501914,0.719085569010368,0.2809144309896321
548405248,0.32440197467803955,743.283,242.54407259653883,-13.630064790436998,-0.18960171007636603,0.0801197811961174,7.561827078461647e-05,-0.011737893335521221,87490.70443185464,773455.0,0.0014103712588833578,0.0005809608882517477,0.00082941037063161,1478.8814531548758,0.40937970456452,0.59062029543548,84.73040152963671,0.9870464941847462,0.012953505815253737,61.44741873804971,0.7188942918593876,0.2811057081406125
549453824,0.32548290491104126,764.075,249.65894885141776,-14.609249662484508,-0.180076448802712,0.08297111839056015,-0.0006101204780861735,-0.011952545493841171,87082.88740167093,774784.0,0.001410098476264313,0.0005807712787890252,0.0008293271974752878,1478.5954198473282,0.4093236077067462,0.5906763922932539,84.70229007633588,0.987043951802169,0.01295604819783095,61.4293893129771,0.7185866544850228,0.2814133455149771
550502400,0.3242948651313782,813.39,266.7487560278824,-17.082789226476102,-0.20345769963988972,0.08017410337924957,-0.0012715884950011969,-0.011583557352423668,87262.20776257185,776142.0,0.0014098794119698662,0.0005805860246930804,0.0008292933872767857,1478.3657142857144,0.40925507350481655,0.5907449264951834,84.67238095238095,0.9870134194992196,0.012986580500780562,61.434285714285714,0.7180810132383847,0.28191898676161525
551550976,0.3243069350719452,767.534,248.17063836068684,-14.679406244933606,-0.1731725131687197,0.07712464034557343,-0.0006724526174366474,-0.011755179613828659,87631.23347973452,777513.0,0.0014096847505170582,0.0005804141664686312,0.0008292705840484271,1478.1615969581749,0.4091897764557098,0.5908102235442901,84.6444866920152,0.9870109496631265,0.012989050336873592,61.39543726235741,0.7175968566241413,0.28240314337585865
552599552,0.3233082592487335,721.682,233.95923130400152,-15.112164453640581,-0.24195535714902283,0.08353149145841599,-0.0009259791695512831,-0.011485977098345757,87315.77838401844,778911.0,0.001409539687791857,0.000580375063351481,0.000829164624440376,1478.0094876660341,0.4092100720426759,0.590789927957324,84.62428842504744,0.987009954476833,0.012990045523167026,61.354838709677416,0.716946767712141,0.28305323228785895
553648128,0.32318294048309326,749.08,242.72343067066186,-14.747600266069174,-0.19145796996158618,0.0823315978050232,-0.0012434066738933325,-0.011499464511871338,87758.5467271307,780354.0,0.0014094764536077325,0.0005802927595196348,0.0008291836940880978,1477.9431818181818,0.40917399120577574,0.5908260087942243,84.60606060606061,0.9869840517852734,0.013015948214726684,61.32007575757576,0.7164698160291062,0.28353018397089375
554696704,0.32254302501678467,764.316,250.1149200714156,-14.84927394681424,-0.20770360634840757,0.08405400067567825,-0.0008834067266434431,-0.011368043720722198,87396.0997171401,781711.0,0.0014092584188133196,0.0005801494720978187,0.000829108946715501,1477.7145557655954,0.4091374250758491,0.590862574924151,84.57277882797732,0.9869240136544828,0.013075986345517342,61.29678638941399,0.7159255846728536,0.28407441532714645
555745280,0.32349592447280884,794.004,258.1713425611444,-14.303132022537756,-0.1834001762005769,0.08433718979358673,-0.001143642351962626,-0.011485147289931774,87861.11647931483,783129.0,0.0014091509693073777,0.0005799977284557414,0.0008291532408516362,1477.601886792453,0.40906270268082345,0.5909372973191764,84.54716981132076,0.9869486853268328,0.01305131467316731,61.25283018867925,0.7155181779093199,0.2844818220906801
556793856,0.3232880234718323,762.531,244.28886983753554,-15.658540941655636,-0.2561853173714908,0.08350221812725067,-0.0013869117246940732,-0.011513794772326946,87250.62809380601,784498.0,0.0014089559206630325,0.0005799273762101283,0.0008290285444529043,1477.39736346516,0.40907507395273207,0.5909249260472679,84.55555555555556,0.9869309440924838,0.013069055907516072,61.227871939736346,0.7151123056345378,0.28488769436546224
557842432,0.32528913021087646,747.387,242.1250669500027,-13.650854193750769,-0.19077372026008663,0.08564861863851547,-0.0013374720001593232,-0.01209588535130024,87622.1270009331,785906.0,0.0014088315174991923,0.000579844740100373,0.0008289867773988193,1477.266917293233,0.4090564135266418,0.5909435864733582,84.56766917293233,0.9869348539513533,0.013065146048646701,61.19172932330827,0.7147974686833808,0.2852025313166192
558891008,0.32388848066329956,748.995,242.8834238830565,-13.994271460331976,-0.19607140286102742,0.08673281967639923,-0.001552061876282096,-0.011731123551726341,87304.0302533255,787256.0,0.0014086038041964705,0.0005796783189612526,0.0008289254852352178,1477.0281425891183,0.40900467819447456,0.5909953218055255,84.52720450281426,0.9868402443501462,0.013159755649853862,61.17823639774859,0.714498703367944,0.2855012966320561
559939584,0.32517942786216736,736.632,237.42189429810085,-13.353916374825873,-0.18926932265707536,0.08381529897451401,-0.0007292936788871884,-0.011969797313213348,87701.2293417532,788570.0,0.001408312651102016,0.0005795428815405913,0.0008287697695614247,1476.7228464419475,0.40899693652004426,0.5910030634799557,84.53183520599251,0.9868218384510876,0.013178161548912423,61.142322097378276,0.7140970204028354,0.2859029795971646
560988160,0.3247617483139038,767.815,249.2481589011412,-14.677249216221274,-0.1629461920744691,0.08334654569625854,-0.0014729928225278854,-0.012078525498509407,87197.33963103742,789946.0,0.0014081331056969189,0.0005794239935473861,0.0008287091121495327,1476.5345794392524,0.4089673508529996,0.5910326491470004,84.53271028037383,0.9868244804242962,0.013175519575703901,61.14392523364486,0.7138777253993692,0.2861222746006308
562036736,0.32445406913757324,807.074,259.8841416342333,-15.208807395238429,-0.18799831820505392,0.07648289203643799,-0.0008341232896782458,-0.011940430849790573,87556.4840575324,791333.0,0.0014079738019117669,0.0005792237039822251,0.0008287500979295417,1476.3675373134329,0.4088701829672574,0.5911298170327426,84.51679104477611,0.9867754166843057,0.013224583315694243,61.1044776119403,0.7132921326281016,0.2867078673718983
563085312,0.3233868479728699,709.393,228.83215790859052,-13.644260230207816,-0.21326011510321768,0.08465871214866638,-0.0003016665286850184,-0.01182253472507,87521.97774621032,792723.0,0.0014078204192262789,0.000579136043953496,0.0008286843752727828,1476.2067039106146,0.40885634435637025,0.5911436556436297,84.51582867783985,0.986755705435714,0.013244294564286104,61.059590316573555,0.7132724130193021,0.28672758698069795
564133888,0.3241880536079407,759.601,246.14927692795754,-14.247342627055943,-0.20759566042882518,0.07671667635440826,-0.000769497943110764,-0.01214003935456276,87746.39029780187,794111.0,0.001407664061478966,0.0005789795772736843,0.0008286844842052814,1476.0427509293681,0.4087914056277476,0.5912085943722524,84.50743494423791,0.9867338546821158,0.013266145317884085,61.03531598513011,0.7127598248910134,0.2872401751089866
565182464,0.32481271028518677,739.138,238.46316572730987,-13.18309343384998,-0.19343075535279128,0.08026806265115738,-0.0004583846603054553,-0.012538284063339233,87279.26866033058,795480.0,0.0014074746664468345,0.0005788325378757682,0.0008286421285710662,1475.844155844156,0.40874311199860125,0.5912568880013988,84.50649350649351,0.9867363804398396,0.013263619560160296,60.996289424860855,0.7125042408003065,0.2874957591996935
566231040,0.32590049505233765,814.153,268.1991757676266,-14.913050201676786,-0.18082279490845476,0.07284452021121979,-0.00039707435644231737,-0.012873406521975994,87484.78204791473,796789.0,0.001407180009064851,0.0005785641846833406,0.0008286158243815104,1475.5351851851851,0.4086298721298774,0.5913701278701227,84.47407407407407,0.9866780239586491,0.013321976041350712,60.9537037037037,0.7117695838241656,0.2882304161758344
567279616,0.325866162776947,782.513,253.66418458474428,-15.519859178945422,-0.20080954363976988,0.081952765583992,-0.00070815475191921,-0.01281006634235382,87566.71712094192,798119.0,0.0014069234597704988,0.0005783990659026253,0.0008285243938678734,1475.2661737523106,0.4085875142991646,0.5914124857008354,84.46580406654344,0.9866795433228662,0.013320456677133798,60.91682070240296,0.711535935524414,0.2884640644755861
568328192,0.3275299668312073,763.442,248.2401357842982,-14.948604245129042,-0.18694518461340942,0.07836055755615234,-0.001234374474734068,-0.013422982767224312,87197.39322410458,799427.0,0.0014066291471249064,0.0005782116823090838,0.0008284174648158225,1474.9575645756458,0.4085389450789483,0.5914610549210517,84.43173431734317,0.9866761649861975,0.0133238350138024,60.891143911439116,0.7112830428114656,0.28871695718853446
569376768,0.3250466585159302,771.992,251.12277282062917,-15.118459777995945,-0.17703186603549628,0.08281746506690979,-0.0003933305270038545,-0.012974993325769901,87340.94575906602,800799.0,0.0014064483221064615,0.0005780460645700247,0.0008284022575364367,1474.767955801105,0.40847382334319626,0.5915261766568037,84.42173112338858,0.9866540791285872,0.01334592087141271,60.86187845303867,0.710955326956073,0.2890446730439269
570425344,0.3252958059310913,749.485,241.26625731710206,-13.758568860355764,-0.16790862943918128,0.08454764634370804,-7.00934324413538e-05,-0.012986443936824799,87807.33762710268,802216.0,0.0014063470503863167,0.000577928388819975,0.0008284186615663417,1474.6617647058824,0.40842218228337984,0.59157781771662,84.40257352941177,0.9866537710538774,0.013346228946122455,60.818014705882355,0.7106917465160206,0.2893082534839793
571473920,0.3241199254989624,757.074,246.7000243930239,-16.11894791591633,-0.19189615715487202,0.08932986110448837,-0.0008729031542316079,-0.012627123855054379,87900.04010629757,803629.0,0.0014062391508609876,0.0005778618908803397,0.0008283772599806479,1474.548623853211,0.40841036470016967,0.5915896352998303,84.39082568807339,0.9865841640404172,0.013415835959582876,60.79633027522936,0.7100992022142313,0.2899007977857687
572522496,0.3241303563117981,722.084,235.66481924130443,-14.318942117813975,-0.23053256897414906,0.08995965868234634,0.00017714430578052998,-0.012594789266586304,87540.91765327138,805101.0,0.0014062346992911874,0.0005778253296792725,0.0008284093696119148,1474.543956043956,0.4083902330400245,0.5916097669599756,84.33516483516483,0.9865069850667979,0.013493014933201873,60.772893772893774,0.7099051865813603,0.29009481341863974
573571072,0.3228681683540344,762.521,249.62574317925424,-16.89560360943526,-0.19498743288398845,0.09441262483596802,-0.001614804146811366,-0.01259941142052412,87394.97261472321,806587.0,0.0014062546724811114,0.0005778691014598449,0.0008283855710212666,1474.5648994515539,0.4084199216064402,0.5915800783935596,84.3345521023766,0.9864881249043186,0.013511875095681436,60.79159049360146,0.7094313274200635,0.2905686725799363
574619648,0.3221513330936432,744.185,240.49555868566782,-15.196851512309165,-0.1703766694071594,0.0911242812871933,-0.0010215516667813063,-0.012262331321835518,87624.83116218446,808113.0,0.001406344184040153,0.0005779214148973897,0.0008284227691427635,1474.6587591240875,0.4084351697142128,0.5915648302857872,84.32846715328468,0.9864902529993609,0.013509747000638854,60.76459854014598,0.7089698135728199,0.29103018642718015
575668224,0.3214983344078064,695.941,226.37319607929606,-14.156134883830324,-0.19347285094738542,0.09207484126091003,-0.0014505106955766678,-0.012152688577771187,87336.30273166916,809585.0,0.0014063395654786046,0.0005779978573213727,0.0008283417081572319,1474.6539162112933,0.40849553568368874,0.5915044643163112,84.31329690346084,0.9864669268746378,0.01353307312536207,60.728597449908925,0.7086113897265145,0.29138861027348545
576716800,0.3213408887386322,741.245,239.09029670880898,-16.051968816341834,-0.18873253632011705,0.09488095343112946,-0.0021082772873342037,-0.0120988879352808,87846.74702030301,811086.0,0.0014063852483575995,0.0005780376087535511,0.0008283476396040483,1474.7018181818182,0.40851473282612566,0.5914852671738744,84.33818181818182,0.9864729795864428,0.013527020413557144,60.72545454545455,0.7082783212521273,0.29172167874787264
577765376,0.32128363847732544,713.53,232.42616878676787,-14.418915820825845,-0.2002138373467024,0.09225864708423615,-0.001258830539882183,-0.012007249519228935,87408.43548671814,812525.0,0.0014063234554228463,0.0005780616386399728,0.0008282618167828735,1474.6370235934664,0.40855527734050684,0.5914447226594931,84.32304900181488,0.9864736495060011,0.013526350493998677,60.69872958257713,0.7079003206690927,0.29209967933090736
578813952,0.32281509041786194,736.098,240.89254358262383,-15.632275935616343,-0.2445832141403959,0.09049192070960999,-0.0015703350072726607,-0.01241997443139553,87765.14549082199,813988.0,0.0014063033504762511,0.0005780769431072732,0.0008282264073689779,1474.6159420289855,0.4085766792014473,0.5914233207985525,84.32971014492753,0.9864775674663823,0.013522432533617587,60.697463768115945,0.7074331099432428,0.2925668900567572
579862528,0.32351070642471313,717.615,232.6974340687953,-12.898565559199545,-0.211009485098926,0.08130349218845367,-0.001847852487117052,-0.01255572959780693,87489.19025799271,815370.0,0.0014061436299605138,0.0005779611266758731,0.0008281825032846406,1474.4484629294757,0.40854311282274675,0.5914568871772532,84.30922242314648,0.9865020203281066,0.013497979671893142,60.65099457504521,0.7070321717439138,0.29296782825608614
580911104,0.32443147897720337,760.256,247.361206499964,-13.691042750133201,-0.16358881418359292,0.08291374146938324,-0.0014511460904031992,-0.01297411136329174,87919.95424820308,816786.0,0.0014060430148017966,0.0005778440069205494,0.0008281990078812471,1474.3429602888086,0.4084914889779852,0.5915085110220147,84.29602888086643,0.9864795003889331,0.013520499611066668,60.62093862815885,0.706781539336762,0.293218460663238
581959680,0.3257529139518738,754.643,242.93891408326664,-13.22472754264623,-0.18305001456513867,0.08020929992198944,-0.0014949333854019642,-0.013030513189733028,87495.80775778806,818094.0,0.0014057571823532517,0.0005776671675948409,0.0008280900147584107,1474.0432432432433,0.40844836300671594,0.591551636993284,84.3027027027027,0.9864833866290188,0.013516613370981208,60.58018018018018,0.7065037916603847,0.2934962083396153
583008256,0.326745867729187,779.832,255.761113607727,-14.530245113538578,-0.20546341300622933,0.07941132038831711,-0.0012689990689978004,-0.013220864348113537,87946.25726851732,819458.0,0.0014055684316072532,0.000577466950999747,0.0008281014806075062,1473.8453237410072,0.4083585357330114,0.5916414642669886,84.28597122302158,0.9864597354540264,0.013540264545973447,60.555755395683455,0.706304584626555,0.29369541537344496
584056832,0.32740598917007446,742.624,241.84044171555422,-13.0705391120743,-0.22297938225941608,0.08095364272594452,-0.0013331606751307845,-0.013578117825090885,87563.77595983657,820776.0,0.0014053015991430094,0.000577267453315228,0.0008280341458277813,1473.5655296229802,0.4082914947208471,0.5917085052791529,84.27289048473968,0.9864374127225577,0.013562587277442124,60.51346499102334,0.7059584606209661,0.29404153937903393
585105408,0.3273473381996155,787.562,256.45563729560376,-13.413139521691948,-0.18786345260174045,0.06720712035894394,-0.00016485998639836907,-0.013546066358685493,87791.5259377999,822099.0,0.0014050442685363113,0.0005770020160196503,0.0008280422525166611,1473.2956989247311,0.4081693523547197,0.5918306476452803,84.27956989247312,0.9864617184345245,0.013538281565475381,60.471326164874554,0.7055651416709042,0.2944348583290957
586153984,0.3269645571708679,789.117,259.838880307023,-15.13926650211541,-0.20142902763992482,0.07747135311365128,-0.001278804847970605,-0.013292185962200165,87215.00643653028,823441.0,0.001404820273302109,0.0005767767672461985,0.0008280435060559104,1473.0608228980323,0.4080696916463811,0.5919303083536188,84.26475849731663,0.9864153223653922,0.01358467763460785,60.459749552772806,0.7054955558479986,0.29450444415200133
587202560,0.32538196444511414,746.001,243.03034753543977,-13.29650670497492,-0.17415214747254298,0.07403255999088287,-4.972986789653078e-05,-0.013028537854552269,87513.21088492849,824861.0,0.0014047299112592425,0.0005766493933541435,0.000828080517905099,1472.9660714285715,0.40800749476240494,0.5919925052375951,84.275,0.9863602156389459,0.013639784361053989,60.425,0.7053681465365977,0.29463185346340237
588251136,0.32474464178085327,745.802,243.03689040407167,-14.372367430464365,-0.17096369087613872,0.08333154022693634,-8.635946142021567e-05,-0.0126547422260046,87264.7564294179,826290.0,0.0014046551709506602,0.0005765802720013787,0.0008280748989492814,1472.8877005347595,0.40798374093131573,0.5920162590686843,84.2602495543672,0.9863376202644137,0.013662379735586306,60.38859180035651,0.7050466346889388,0.2949533653110612
589299712,0.32306626439094543,752.059,245.57555203244368,-14.44575968620181,-0.1905706256116207,0.07651163637638092,-0.00019323622109368443,-0.012365281581878662,87651.66010456704,827786.0,0.0014046943908908613,0.0005765181843496302,0.0008281762065412311,1472.9288256227758,0.4079333768805216,0.5920666231194783,84.25444839857651,0.986317995747885,0.013682004252114964,60.387900355871885,0.7048004069878316,0.2951995930121684
590348288,0.3238521218299866,722.214,236.34601678196503,-12.20784297157079,-0.19843299716088364,0.08208811283111572,-0.0007098033092916012,-0.012313265353441238,87140.61461824819,829187.0,0.0014045725495523077,0.0005764173572059212,0.0008281551923463866,1472.8010657193606,0.4078997613825715,0.5921002386174286,84.21492007104796,0.9863136493393487,0.013686350660651287,60.328596802841915,0.7044695332960567,0.2955304667039434
591396864,0.3242972791194916,725.341,236.30390811368568,-12.226031714334153,-0.16489425068618757,0.07983435690402985,-0.0007222022395581007,-0.012554673478007317,87533.27241437598,830547.0,0.001404381812886989,0.0005762982875742811,0.0008280835253127078,1472.6010638297873,0.40787271758370797,0.592127282416292,84.20744680851064,0.9863379159185343,0.013662084081465735,60.276595744680854,0.704421571986735,0.295578428013265
592445440,0.3244798183441162,722.792,236.67112156306953,-13.273297976523638,-0.1942964133989621,0.0812702476978302,-0.00040110101690515876,-0.0128483260050416,87041.88455728043,831975.0,0.001404306529897504,0.0005762353407598175,0.0008280711891376866,1472.5221238938052,0.40785357794821364,0.5921464220517864,84.17699115044248,0.9863620965983245,0.01363790340167553,60.24778761061947,0.7041402144176516,0.2958597855823485
593494016,0.32236605882644653,697.633,225.02415706779064,-13.86065874206042,-0.21331286180002396,0.09018459916114807,-0.0011773486621677876,-0.012222129851579666,87791.24554686212,833409.0,0.0014042416225473787,0.0005762703427156374,0.0008279712798317414,1472.4540636042402,0.407903030626016,0.5920969693739839,84.15724381625442,0.9863619893072728,0.013638010692727316,60.2208480565371,0.704034744859395,0.295965255140605
594542592,0.3241778612136841,767.262,251.02121965048835,-13.819671410798096,-0.18494313829513492,0.0851980596780777,-0.0012860526330769062,-0.012704035267233849,87596.68044963351,834799.0,0.0014041029376748167,0.000576140388609871,0.0008279625490649458,1472.3086419753085,0.4078522963403396,0.5921477036596604,84.11463844797179,0.9862978588146674,0.013702141185332735,60.20282186948854,0.7037101685898017,0.29628983141019827
595591168,0.32453271746635437,759.446,248.38551014887355,-14.027162450720557,-0.18510016857801906,0.08215059340000153,-5.3827709052711725e-05,-0.012932340614497662,87534.55465841215,836210.0,0.0014040000002149126,0.0005760495091827822,0.0008279504910321303,1472.2007042253522,0.4078205043960884,0.5921794956039115,84.11267605633803,0.9862795590886871,0.01372044091131308,60.16901408450704,0.7033729942119168,0.2966270057880832
596639744,0.3237057328224182,699.996,227.23693533803524,-12.999226614380255,-0.1990119910916373,0.08251196891069412,-0.0009950839448720217,-0.012695830315351486,87304.47564706314,837642.0,0.0014039326216927312,0.0005760276673757757,0.0008279049543169555,1472.1300527240774,0.4078290966505886,0.5921709033494112,84.09490333919156,0.9863036723416069,0.013696327658393372,60.12478031634446,0.7032415327608791,0.29675846723912097
597688320,0.3214166760444641,723.807,236.89719468498555,-13.110218211530707,-0.20435909648076464,0.08601061999797821,-0.0011002598330378532,-0.012354574166238308,87810.66685274824,839129.0,0.0014039575007923862,0.0005760243064478824,0.0008279331943445038,1472.1561403508772,0.40782385606643895,0.592176143933561,84.0701754385965,0.9862525130166967,0.01374748698330346,60.10701754385965,0.7031656704227022,0.2968343295772979
598736896,0.3207821846008301,719.954,232.17701843958721,-13.45265492840018,-0.19558784513396613,0.08862997591495514,-0.0016977356281131506,-0.012086483649909496,87332.05558310826,840656.0,0.001404049100057465,0.0005760343187535916,0.0008280147813038734,1472.2521891418564,0.40780923652327894,0.5921907634767211,84.05429071803853,0.9862298874831006,0.013770112516899542,60.0753064798599,0.7031017492252308,0.2968982507747691
599785472,0.32162371277809143,716.308,229.13370862324908,-14.049097978307516,-0.21820871754692042,0.08279860019683838,-0.001683887792751193,-0.012209795415401459,87517.91453868517,841967.0,0.0014037802502825543,0.0005759609329116928,0.0008278193173708615,1471.9702797202797,0.40784305751472566,0.5921569424852743,84.04545454545455,0.986165442030521,0.013834557969479097,60.03846153846154,0.7029932245605464,0.2970067754394537
600834048,0.32426875829696655,744.537,240.12496428463982,-13.306674240577035,-0.2166806668309472,0.07923512160778046,-0.001789375557564199,-0.012828404083848,87437.38662840828,843312.0,0.0014035689269060864,0.0005758179003863643,0.0008277510265197221,1471.7486910994764,0.4078034188655275,0.5921965811344724,84.01047120418848,0.986135048588932,0.013864951411068138,59.99825479930192,0.7030870527144664,0.2969129472855336
601882624,0.323131799697876,798.516,261.64951539914495,-14.309593747017905,-0.19403956166520453,0.078109972178936,-0.0014904947020113468,-0.01234273612499237,87343.88411213676,844708.0,0.0014034430739771613,0.0005756869964067944,0.0008277560775703669,1471.6167247386759,0.4077481420008965,0.5922518579991035,84.00174216027875,0.9860489402477657,0.013951059752234407,59.994773519163765,0.7027332425180998,0.2972667574819003
602931200,0.32357704639434814,749.933,243.95087647375837,-12.605170239435509,-0.17511658792838014,0.07977718859910965,-0.0008282748749479651,-0.01239157747477293,87334.54936710923,846084.0,0.0014032844875169837,0.0005755333278490149,0.0008277511596679688,1471.4504347826087,0.4076848691957989,0.5923151308042011,83.98608695652175,0.9860268261487841,0.013973173851216028,59.963478260869564,0.7024634787008841,0.297536521299116
603979776,0.32419395446777344,763.264,246.8619697816074,-14.092405888435664,-0.16131506698496206,0.07944902032613754,-0.000815983978100121,-0.01269986666738987,87584.27579570608,847414.0,0.0014030502902136908,0.0005753835042317709,0.0008276667859819201,1471.204861111111,0.4076467258216991,0.592353274178301,83.97222222222223,0.9860510851311646,0.013948914868835446,59.951388888888886,0.7022266284528773,0.29777337154712263
605028352,0.32591545581817627,791.617,257.9036816510707,-14.13822924501542,-0.20769827543326103,0.07341650128364563,-0.0009674270986579359,-0.013078449293971062,87719.2881446422,848700.0,0.0014027441808214633,0.000575156517623822,0.0008275876631976414,1470.8838821490467,0.40756824608739645,0.5924317539126036,83.95493934142114,0.9860049991248011,0.013995000875198886,59.922010398613516,0.7019769107863798,0.2980230892136203
606076928,0.32598719000816345,809.829,260.68969698242375,-15.650880616609006,-0.20235655544826323,0.07713553309440613,-0.0010119928047060966,-0.013243994675576687,87537.59491158379,849983.0,0.001402434180764591,0.0005749237166144031,0.0008275104641501878,1470.5588235294117,0.40748610990175593,0.5925138900982441,83.95501730103807,0.9859468260335488,0.014053173966451218,59.891003460207614,0.7018334345030947,0.29816656549690534
607125504,0.32561802864074707,773.824,248.6018144303225,-14.487334758177399,-0.18733628676916939,0.08266898989677429,-0.0012684480752795935,-0.013218605890870094,87834.86961720539,851381.0,0.0014023146686982203,0.0005747856047898788,0.0008275290639083414,1470.433506044905,0.40742351668118837,0.5925764833188115,83.9706390328152,0.9859153840809587,0.014084615919041338,59.8566493955095,0.701743912163711,0.298256087836289
608174080,0.3251361846923828,744.574,242.78148276143824,-13.724463075254112,-0.19715755661101783,0.0754341408610344,-0.00048490273184143007,-0.013046979904174805,87650.98057758117,852732.0,0.0014021182882374731,0.000574685787332469,0.000827432500905004,1470.2275862068966,0.4074127594247037,0.5925872405752962,83.95517241379311,0.9858707023842673,0.014129297615732644,59.84137931034483,0.7016158209020359,0.29838417909796405
609222656,0.32544785737991333,766.29,253.91192051666368,-13.042763850885676,-0.1944244340371684,0.07638029009103775,1.2678414350375533e-05,-0.013211587443947792,87547.55343711385,854062.0,0.0014018881136291818,0.0005745387118367443,0.0008273494017924377,1469.986230636833,0.4073754126541178,0.5926245873458823,83.93459552495698,0.9858711161686508,0.014128883831349092,59.83304647160069,0.7012844527233593,0.2987155472766407
610271232,0.3243468999862671,737.771,240.51570700660628,-13.97261046373006,-0.21181086060980953,0.08012504875659943,-0.001021723379381001,-0.012863358482718468,87714.55057526016,855498.0,0.0014018324232593026,0.0005744609636129792,0.0008273714596463233,1469.9278350515465,0.4073395274961148,0.5926604725038852,83.93986254295532,0.9858361438751985,0.014163856124801569,59.80584192439863,0.7010557540385801,0.29894424596141994
611319808,0.32041963934898376,692.915,222.74550048403069,-13.319800334017957,-0.18631416589667163,0.0896880030632019,-0.0004559216322377324,-0.01236389484256506,87501.1588827768,857044.0,0.0014019568624872695,0.0005745601490472235,0.0008273967134400461,1470.0583190394511,0.40737642134544544,0.5926235786545545,83.95025728987993,0.9858032631252694,0.014196736874730439,59.78044596912522,0.7009205335723427,0.29907946642765726
612368384,0.32022613286972046,688.585,222.62851872949767,-12.707954748138786,-0.18954351814636752,0.09336704760789871,-0.0009223291417583823,-0.012241994962096214,87616.68601506055,858539.0,0.001401997592351208,0.0005746998199044842,0.0008272977724467238,1470.1010273972602,0.40746687382412844,0.5925331261758716,83.94691780821918,0.9858066905480838,0.014193309451916207,59.76027397260274,0.7008975532066367,0.29910244679336334
613416960,0.32125088572502136,690.029,222.18217454965085,-13.458494450198778,-0.22587814001550244,0.09251639246940613,-0.0011406181147322059,-0.01238988433033228,87058.60779920086,860014.0,0.0014020055787176149,0.000574786846454327,0.0008272187322632879,1470.1094017094017,0.40753059842051775,0.5924694015794822,83.92478632478633,0.9857346482938664,0.014265351706133468,59.72478632478632,0.7008828696837325,0.2991171303162675
614465536,0.3217986226081848,674.733,216.97444637413324,-12.263997106477618,-0.19251382030947392,0.08648112416267395,-0.0007079578936100006,-0.012408253736793995,87302.919388358,861475.0,0.0014019907537987616,0.000574845909665469,0.0008271448441332925,1470.0938566552902,0.40758152173932977,0.5924184782606703,83.919795221843,0.9857589918974604,0.014241008102539384,59.69112627986348,0.7008813630801767,0.2991186369198233
615514112,0.3224692940711975,732.51,236.50474215830675,-14.656413669381788,-0.2039465953394756,0.08456957340240479,-0.001071237144060433,-0.012613491155207157,87459.59085698595,862878.0,0.001401881749219748,0.0005748024181775381,0.0008270793310422101,1469.9795570698466,0.40758657676864724,0.5924134232313528,83.9045996592845,0.9857605381917862,0.01423946180821365,59.652470187393526,0.7008844658734008,0.29911553412659925
616562688,0.3242489695549011,741.285,240.2536794682592,-14.970825789548456,-0.2332665414281405,0.08790114521980286,-0.001075705629773438,-0.01294388622045517,87538.97137072,864253.0,0.001401727702341923,0.0005747509651443585,0.0008269767371975646,1469.8180272108843,0.407599648453178,0.5924003515468221,83.87414965986395,0.9857332191977475,0.014266780802252453,59.63945578231292,0.7007063525745579,0.29929364742544207
617611264,0.32448965311050415,741.449,243.3364143725913,-14.425076907873038,-0.22123248299236775,0.07810397446155548,-0.000629205780569464,-0.01294662058353424,87643.31261004745,865553.0,0.0014014527429344293,0.0005746057766200327,0.0008268469663143968,1469.5297113752122,0.40757760386262143,0.5924223961373786,83.86587436332768,0.985735950187483,0.014264049812517053,59.61799660441426,0.7004197796391461,0.2995802203608538
618659840,0.3262442946434021,786.999,257.8404249389898,-14.550406878001523,-0.17325285552283282,0.07772445678710938,-0.0008021404501050711,-0.013212884776294231,87617.85899048838,866847.0,0.0014011690172098452,0.0005744012735657772,0.0008267677436440678,1469.2322033898306,0.40751027169145565,0.5924897283085444,83.83559322033898,0.9856830849406321,0.014316915059367948,59.603389830508476,0.6999305337514228,0.3000694662485772
619708416,0.3250306248664856,744.582,241.41771847787126,-14.393946380545094,-0.20968447449219127,0.07893785834312439,-0.0010890295961871743,-0.013017958961427212,87615.38041863174,868166.0,0.0014009265931931446,0.0005742668500406488,0.0008266597431524958,1468.9780033840948,0.40748653165309784,0.5925134683469021,83.81556683587141,0.9856368078651543,0.014363192134845612,59.5668358714044,0.69954771425358,0.3004522857464201
620756992,0.3251311779022217,787.31,259.0919520227425,-13.767933963816613,-0.1837185453524037,0.074493408203125,-0.0008422855171374977,-0.013016187585890293,87864.16015065648,869482.0,0.0014006801553674646,0.0005740120604231551,0.0008266680949443096,1468.7195945945946,0.40736811862367883,0.5926318813763211,83.76182432432432,0.9855961011990619,0.014403898800937998,59.535472972972975,0.6989016423895228,0.30109835761047726
621805568,0.3241036832332611,813.787,265.2846542928256,-15.781495683147673,-0.20915791082241536,0.08198316395282745,-0.0008246590150520205,-0.012869207188487053,87447.37626653201,870851.0,0.0014005197843451926,0.0005738546233153062,0.0008266651610298864,1468.5514333895446,0.40730198678067014,0.5926980132193298,83.74198988195616,0.985573548283418,0.014426451716581908,59.52276559865093,0.6987932338603927,0.30120676613960734
622854144,0.3245684504508972,776.652,254.19426131601958,-12.70896528603966,-0.17983071960364516,0.07126916944980621,-0.0005551325739361346,-0.012664788402616978,87700.37766206865,872101.0,0.0014001688973269478,0.0005736126241459188,0.000826556273181029,1468.1835016835016,0.4072237006076387,0.5927762993923613,83.71043771043772,0.9855460351873698,0.014453964812630138,59.4983164983165,0.6987391487304369,0.30126085126956315
623902720,0.325774222612381,826.468,271.34904548728093,-14.496947849697433,-0.19316654376349887,0.07367438077926636,-0.001204786472953856,-0.01296966802328825,87274.73610047942,873374.0,0.0013998560544823398,0.0005733377793255975,0.0008265182751567424,1467.8554621848739,0.40710699650646365,0.5928930034935362,83.68571428571428,0.9855459699960915,0.014454030003908389,59.49243697478992,0.6984051333544193,0.30159486664558066
624951296,0.3248565196990967,810.26,266.49524571814527,-13.909634112329222,-0.17330994905456926,0.07643246650695801,-0.0005592944798991084,-0.012723212130367756,87710.8770369529,874706.0,0.0013996386688027605,0.0005731134606687814,0.0008265252081339792,1467.6275167785234,0.4070046292238959,0.592995370776104,83.68120805369128,0.9855495074977552,0.014450492502244693,59.46308724832215,0.6979124433735594,0.30208755662644055
625999872,0.32608044147491455,800.215,260.94328016578964,-14.564894696474076,-0.19041880623111226,0.07287966459989548,-0.0008252846309915185,-0.012946514412760735,87460.64831685572,875981.0,0.0013993309570516973,0.0005729042704979978,0.0008264266865536995,1467.3048576214405,0.4069403458432535,0.5930596541567463,83.65159128978225,0.9855229538330973,0.014477046166902626,59.4321608040201,0.6973562310036483,0.30264376899635176
627048448,0.3274163603782654,784.467,253.22727475297125,-13.918056483824737,-0.2059066184716728,0.07041245698928833,-0.001071782549843192,-0.013388683088123798,87700.82536021018,877223.0,0.0013989716469244814,0.0005726431524474485,0.0008263284944770329,1466.928093645485,0.4068482246158432,0.5931517753841568,83.61872909698997,0.985521034177858,0.014478965822141919,59.40468227424749,0.6972400951269602,0.30275990487303983
628097024,0.3256194591522217,776.74,247.41525713805854,-15.880501117959618,-0.21497771701287335,0.07860229909420013,-0.0008582859300076962,-0.013267938047647476,87527.90168352307,878573.0,0.0013987854844540707,0.000572495946104021,0.0008262895383500496,1466.7328881469116,0.4067972197271628,0.5932027802728372,83.61769616026712,0.9853842953191828,0.014615704680817266,59.38230383973289,0.6970559823166299,0.30294401768337015
629145600,0.3241965174674988,772.368,251.0640028612462,-15.422327953260393,-0.22979598100261844,0.08643940091133118,-0.00019430837710388005,-0.01276986114680767,87679.74653572473,879957.0,0.0013986539840698242,0.0005724064509073894,0.0008262475331624349,1466.595,0.4067743303339759,0.593225669666024,83.61166666666666,0.9853253214936507,0.014674678506349237,59.36833333333333,0.6968092550258408,0.30319074497415927
630194176,0.3237083852291107,777.042,257.74591929971615,-13.287973921321333,-0.20663355474235376,0.07539311796426773,0.00020023529941681772,-0.012737730517983437,87400.45209887839,881357.0,0.0013985483102909538,0.0005722728227815295,0.0008262754875094244,1466.4841930116472,0.40671076477363893,0.5932892352263611,83.57570715474209,0.9852960646117709,0.01470393538822907,59.35108153078203,0.6962610648157737,0.3037389351842263
631242752,0.32115089893341064,759.699,245.4697012220854,-16.48501446111524,-0.21258295789859472,0.08986692875623703,-0.001212797942571342,-0.012356201186776161,87224.0181051189,882853.0,0.0013985950685418721,0.0005723091454997015,0.0008262859230421706,1466.5332225913621,0.40672693268974147,0.5932730673102585,83.58471760797342,0.9852644966221025,0.014735503377897358,59.37541528239203,0.695777915879876,0.304222084120124
632291328,0.3214125633239746,742.201,237.67914317828044,-16.209362567618488,-0.23596594155336273,0.08758517354726791,-0.0012226530816406012,-0.012456514872610569,87392.28088527881,884317.0,0.0013985910621250842,0.0005723311137994921,0.0008262599483255921,1466.5290215588723,0.40674794757268357,0.5932520524273164,83.56550580431177,0.9852428676429983,0.01475713235700164,59.35489220563847,0.6954003158641267,0.3045996841358734
633339904,0.3199268579483032,743.613,240.25802885882555,-15.059316723194206,-0.17536973352080978,0.09307608008384705,-0.0009078793227672577,-0.012338830158114433,87625.27634352953,885827.0,0.0013986596997999988,0.0005723798511833544,0.0008262798486166443,1466.6009933774835,0.4067663794387917,0.5932336205612083,83.58112582781457,0.9852494975174768,0.01475050248252323,59.35596026490066,0.6950492115884134,0.30495078841158657
634388480,0.31931382417678833,698.561,224.5405735454038,-14.233993411298842,-0.24114419750228835,0.09266813099384308,-0.001042397110722959,-0.012224005535244942,87496.30559020877,887256.0,0.001398600428557593,0.0005724489196272921,0.0008261515089303009,1466.5388429752065,0.4068389388125455,0.5931610611874545,83.58181818181818,0.9852148466361018,0.014785153363898044,59.317355371900824,0.6944972477859715,0.30550275221402845
635437056,0.3215588927268982,667.21,215.09092889160664,-12.830880964145065,-0.18551879054646633,0.08447100222110748,-0.000895568635314703,-0.012775005772709846,87697.18794511011,888698.0,0.0013985618112897715,0.0005725130389625877,0.0008260487723271839,1466.4983498349834,0.4069011212533161,0.5930988787466838,83.5957095709571,0.9852213080026803,0.01477869199731965,59.27887788778878,0.6940846193976192,0.30591538060238077
636485632,0.32239270210266113,736.184,237.73232263507694,-14.723140362278093,-0.20771679152361594,0.08367674052715302,-0.0009025590843521059,-0.013070165179669857,87697.87693230646,890108.0,0.0013984730451857238,0.0005724889638985597,0.000825984081287164,1466.4052718286655,0.40691428846215955,0.5930857115378405,83.60461285008238,0.9852271444721057,0.014772855527894377,59.242174629324545,0.693653561428978,0.30634643857102195
637534208,0.3225698471069336,753.524,243.40717145032343,-16.731623252354563,-0.23184018937116452,0.08550858497619629,-0.0006812920910306275,-0.01308196596801281,87640.54967587389,891510.0,0.001398372022729171,0.0005724728107452393,0.0008258992119839317,1466.2993421052631,0.40693717185193173,0.5930628281480681,83.61184210526316,0.9851766811663053,0.014823318833694792,59.22203947368421,0.6933525494823387,0.3066474505176611
638582784,0.321819543838501,752.819,242.92793754244317,-16.481899170430495,-0.22241296073157024,0.08557270467281342,-0.0014307624660432339,-0.013019507750868797,87451.2277373113,892959.0,0.001398344932518569,0.0005724708043491507,0.0008258741281694183,1466.270935960591,0.40694776523776327,0.5930522347622367,83.63054187192118,0.9851491678189577,0.014850832181042451,59.195402298850574,0.6929777772813329,0.307022222718667
639631360,0.32253772020339966,799.526,260.649458933142,-17.817548565614036,-0.18410862105727888,0.08332613110542297,-0.0016882895724847913,-0.013407506048679352,87354.95414646323,894359.0,0.0013982413245029136,0.0005723828175028817,0.000825858507000032,1466.1622950819672,0.4069176400956873,0.5930823599043127,83.62131147540984,0.9851314789772199,0.01486852102278013,59.18524590163934,0.6924912996384034,0.30750870036159655
640679936,0.32245907187461853,759.562,243.19869873598032,-16.904839691420783,-0.22702076275689667,0.08731654286384583,-0.001831763074733317,-0.013237645849585533,87681.5819628413,895755.0,0.0013981318122626523,0.000572329457184687,0.0008258023550779651,1466.0474631751229,0.40691522845244477,0.5930847715475552,83.64484451718494,0.9850723105858279,0.01492768941417209,59.1620294599018,0.6921580714702373,0.30784192852976267
641728512,0.3237378001213074,791.927,255.39739297106956,-16.83962521244213,-0.20151663866801767,0.07474862039089203,-0.0011545374291017652,-0.013471011072397232,87599.99371995554,897142.0,0.0013980086332832287,0.0005722186144660501,0.0008257900188171786,1465.9183006535948,0.4068735347821549,0.5931264652178451,83.66013071895425,0.9850088534756218,0.014991146524378038,59.12418300653595,0.6917533106417639,0.30824668935823624
642777088,0.3236522674560547,767.414,247.91196584662586,-16.082384068123996,-0.19410980930133973,0.08095531910657883,-0.0008201057789847255,-0.013382939621806145,87609.68372589248,898503.0,0.0013978454067111988,0.0005721314696269945,0.0008257139370842042,1465.747145187602,0.40686184239010736,0.5931381576098926,83.69657422512235,0.9849871393805679,0.015012860619431998,59.107667210440454,0.6914904377775815,0.3085095622224186
643825664,0.324174702167511,792.375,262.27233390458673,-15.188031890169718,-0.1876496815221934,0.08180991560220718,-0.0014578476548194885,-0.013582313433289528,87649.98488868859,899847.0,0.0013976563071583304,0.0005719638414413999,0.0008256924657169305,1465.5488599348535,0.4067954084913799,0.59320459150862,83.6986970684039,0.9849541080173309,0.015045891982669174,59.09934853420195,0.6911785641004193,0.3088214358995808
644874240,0.3249346613883972,825.373,267.4805833003446,-16.37032335670908,-0.16917191259924733,0.08312948793172836,-0.001315676374360919,-0.013908570632338524,87200.09370845684,901167.0,0.0013974306060046684,0.0005717703966590447,0.0008256602093456237,1465.3121951219512,0.40671907203017194,0.593280927969828,83.69756097560976,0.9848806200955865,0.015119379904413486,59.079674796747966,0.6906082339667843,0.3093917660332158
645922816,0.32712334394454956,818.805,267.34605099095404,-16.128648600935005,-0.1769304403199285,0.07289119064807892,-0.0003234419273212552,-0.014358220621943474,87437.05808353714,902474.0,0.0013971855114032696,0.0005715528091826996,0.00082563270222057,1465.0551948051948,0.4066289208125234,0.5933710791874766,83.68506493506493,0.9848624441060259,0.015137555893973993,59.07142857142857,0.6901785548952893,0.30982144510471066
646971392,0.3251817226409912,796.338,258.7240478781392,-16.141993916699196,-0.18007483971688998,0.08175761997699738,-0.0021372493356466293,-0.014088145457208157,87611.09735810713,903869.0,0.0013970772296528376,0.0005714456691154591,0.0008256315605373784,1464.9416531604538,0.40658564592532676,0.5934143540746732,83.67260940032415,0.984801675835275,0.015198324164725033,59.053484602917344,0.6898027927857886,0.31019720721421146
648019968,0.3253698945045471,817.048,266.02794924887365,-15.851531658854336,-0.16947681860957572,0.0739460289478302,-0.0005996712716296315,-0.0138995461165905,87329.49084534311,905291.0,0.001397010963711538,0.0005713064693710179,0.00082570449434052,1464.8721682847897,0.40650694189332637,0.5934930581066735,83.6715210355987,0.9847287913050311,0.015271208694968882,59.030744336569576,0.6890821482091845,0.3109178517908155
649068544,0.326427698135376,760.338,246.9778089087941,-13.836877348676325,-0.17844848661225926,0.07737798988819122,-0.0005759040359407663,-0.014158224686980247,87602.65114736448,906616.0,0.0013967954669514841,0.0005711800447380794,0.0008256154222134049,1464.6462035541194,0.4064805795950258,0.5935194204049741,83.65105008077545,0.984753462078367,0.015246537921632906,58.995153473344104,0.6890168275313807,0.3109831724686193
650117120,0.3255794644355774,714.781,232.7059361706134,-12.317435821748338,-0.16037451776090506,0.07973802834749222,0.00018805717991199344,-0.014195676892995834,87494.21333963094,908044.0,0.0013967390983335433,0.0005711355516987462,0.0008256035466347972,1464.5870967741935,0.40646877166642986,0.5935312283335702,83.63064516129032,0.9847326193748785,0.01526738062512141,58.964516129032255,0.6887522842611687,0.31124771573883125
651165696,0.32404232025146484,752.585,245.19200353791146,-13.936818845735862,-0.17251653104363723,0.08481533080339432,-0.0009214437450282276,-0.013944346457719803,87508.22044492346,909530.0,0.001396771982288207,0.0005711188446880347,0.0008256531376001723,1464.6215780998389,0.4064514195960095,0.5935485804039905,83.64412238325282,0.9847221978776004,0.01527780212239945,58.94524959742351,0.688602513563246,0.3113974864367541
652214272,0.32220566272735596,760.281,245.9017316663079,-15.349639977768064,-0.1932442270477072,0.08636133372783661,-0.0012467096094042063,-0.013562067411839962,87660.80941531716,910985.0,0.0013967572301147068,0.0005710761263439509,0.0008256811037707559,1464.6061093247588,0.40642889297695317,0.5935711070230468,83.63665594855306,0.9847060585631732,0.015293941436826787,58.92443729903537,0.6884390955699595,0.3115609044300404
653262848,0.32443124055862427,717.606,232.32376471135393,-13.413683000206948,-0.20529945197444618,0.0842541754245758,-0.001228449633345008,-0.014047902077436447,87760.40997175194,912438.0,0.0013967394637449213,0.0005710258912504389,0.0008257135724944823,1464.5874799357946,0.4064017822098399,0.5935982177901601,83.64526484751204,0.984712572184972,0.015287427815027994,58.897271268057786,0.6883277127826042,0.3116722872173957
654311424,0.3235440254211426,726.242,234.26929142729426,-15.027529062621296,-0.2187326805307149,0.0935165286064148,-0.0015061935409903526,-0.014126816764473915,87581.83574931254,913917.0,0.0013967614907484788,0.0005710736299172426,0.0008256878608312362,1464.610576923077,0.40643313109867635,0.5935668689013236,83.64423076923077,0.9847370712680087,0.015262928731991088,58.907051282051285,0.6884327102843086,0.3115672897156913
655360000,0.32215601205825806,701.734,229.0867227031854,-13.636387968856841,-0.20436577682757504,0.08792183548212051,-0.0007784896297380328,-0.013688626699149609,87653.09081407914,915400.0,0.00139678955078125,0.0005710952758789063,0.0008256942749023437,1464.64,0.40644420019276206,0.5935557998072379,83.6096,0.9846840725991413,0.015315927400858612,58.9024,0.688416932233568,0.3115830677664319
656408576,0.3218417465686798,699.137,225.65963845264073,-12.833612647168339,-0.21048905363008275,0.0901174545288086,-0.00048642707406543195,-0.013744042254984379,87225.63209958166,916900.0,0.0013968434196691543,0.0005711351339809429,0.0008257082856882113,1464.6964856230031,0.40646053001141047,0.5935394699885895,83.61022364217253,0.9846895217453013,0.015310478254698714,58.88338658146965,0.688438834353921,0.311561165646079
657457152,0.322310209274292,697.275,223.81751630122588,-14.153671538455411,-0.2132644929168444,0.0907127782702446,-0.0016898766625672579,-0.013769853860139847,87695.51623437602,918334.0,0.0013967967299563272,0.0005711900750605874,0.0008256066548957398,1464.6475279106858,0.40651851528137906,0.5934814847186209,83.60925039872409,0.9846562935155428,0.015343706484457173,58.878787878787875,0.6884230968646347,0.3115769031353653
658505728,0.3221445083618164,710.014,229.405165138955,-13.238742929499596,-0.20736298355365754,0.0878429263830185,-0.0009357592789456248,-0.013806724920868874,87202.21514093617,919742.0,0.0013967107056052821,0.0005711719488642018,0.0008255387567410803,1464.5573248407643,0.40653505173648974,0.5934649482635103,83.60668789808918,0.9846613071851817,0.01533869281481826,58.847133757961785,0.6884701121848322,0.3115298878151677
659554304,0.3214183449745178,776.089,253.43339543225056,-14.267830040672896,-0.19181252779739982,0.09157876670360565,-3.177021426381543e-05,-0.013578375801444054,87663.58236378862,921320.0,0.0013968827045968302,0.000571175106758154,0.0008257075978386762,1464.7376788553258,0.40649423583618316,0.5935057641638168,83.63116057233704,0.9846696341847266,0.015330365815273254,58.84101748807631,0.6883872720006968,0.3116127279993032
660602880,0.3202301263809204,743.038,241.44830244490782,-15.005330458946526,-0.2069905929318627,0.09747153520584106,-0.0015048726927489042,-0.013361457735300064,87274.33257479419,922791.0,0.0013968921843029204,0.0005711721995520213,0.000825719984750899,1464.747619047619,0.406493207466631,0.5935067925333689,83.62857142857143,0.9846552534258582,0.015344746574141772,58.833333333333336,0.6882940059016951,0.31170599409830485
661651456,0.32260745763778687,744.806,241.30454184707534,-15.191236348244361,-0.1752059292971571,0.08545365929603577,-0.0013501043431460857,-0.014114746823906898,87667.1593245267,924174.0,0.0013967686334238189,0.0005711436082746261,0.0008256250251491927,1464.6180665610143,0.40651362736511953,0.5934863726348805,83.62757527733756,0.9846413839504731,0.01535861604952692,58.83201267828843,0.6882141913669583,0.3117858086330417
662700032,0.3239809274673462,748.862,244.38518835861188,-14.652160374555503,-0.2310205511363617,0.08354970812797546,-0.001459674909710884,-0.014459637925028801,87351.14584909083,925551.0,0.0013966364196584195,0.0005710472034502633,0.0008255892162081561,1464.4794303797469,0.40648516558239406,0.5935148344176059,83.58069620253164,0.9846656855581464,0.015334314441853616,58.822784810126585,0.6880507285014684,0.3119492714985316
663748608,0.3233070969581604,758.209,245.75843855628372,-14.332012176435441,-0.1849330230747611,0.08686840534210205,-0.0017436407506465912,-0.0143131697550416,87586.87121942577,926927.0,0.001396503117035539,0.0005709239845215615,0.0008255791325139773,1464.3396524486573,0.4064365740793983,0.5935634259206019,83.60347551342812,0.9846576699991836,0.015342330000816414,58.796208530805686,0.6881297877583307,0.3118702122416694
664797184,0.32527855038642883,748.515,241.7921935512045,-14.403427825261373,-0.16872663375688687,0.07937011122703552,-0.0012878791894763708,-0.01453095581382513,87857.70620306203,928247.0,0.0013962859987084423,0.0005707981458597755,0.0008254878528486667,1464.1119873817036,0.40641088786657825,0.5935891121334217,83.60252365930599,0.9846818692578599,0.015318130742140048,58.769716088328074,0.6881334887089897,0.3118665112910103
665845760,0.32430368661880493,784.419,254.47991430610196,-15.525765461836011,-0.16621865396940538,0.08483194559812546,-0.0016784946201369166,-0.014179572463035583,87860.23185314846,929602.0,0.0013961221289446974,0.0005706727035402313,0.000825449425404466,1463.940157480315,0.4063694121388167,0.5936305878611833,83.6267716535433,0.9845787354782285,0.015421264521771451,58.77637795275591,0.687949701437682,0.31205029856231803
666894336,0.3259254992008209,786.477,258.64429006446625,-14.085117471139878,-0.1810104227917173,0.07818447053432465,-0.001253044232726097,-0.014402095228433609,87453.51095893451,930894.0,0.0013958643067557856,0.0005704486894907441,0.0008254156172650415,1463.6698113207547,0.40627688667918693,0.5937231133208131,83.60377358490567,0.9844890460071686,0.01551095399283147,58.772012578616355,0.6878507239196981,0.3121492760803018
667942912,0.3236722946166992,737.41,241.77309988968074,-12.898433182716602,-0.1803999997645441,0.08765959739685059,-0.0016143039101734757,-0.014329778030514717,87535.54075750402,932344.0,0.0013958438412173763,0.0005703481437647174,0.000825495697452659,1463.6483516483515,0.4062139824560669,0.5937860175439331,83.57770800627944,0.9845133960134368,0.01548660398656329,58.74411302982732,0.6881110187590478,0.31188898124095227
668991488,0.3224383294582367,741.308,241.48311926954986,-14.39427441130206,-0.23775350623204514,0.0828561782836914,-0.0014072947669774294,-0.013866126537322998,87586.82761224602,933780.0,0.0013958025128116428,0.0005702748194009907,0.0008255276934106522,1463.6050156739811,0.4061765184987939,0.5938234815012061,83.55329153605015,0.9844915697427167,0.015508430257283224,58.73197492163009,0.6882003401077259,0.31179965989227415
670040064,0.3243282735347748,767.96,246.94874575423216,-15.189663086596877,-0.19868462186366634,0.08689840137958527,-0.0010226647136732936,-0.013986308127641678,87532.81423030472,935097.0,0.0013955837124390222,0.0005701330719232932,0.0008254506405157289,1463.3755868544602,0.4061385718746399,0.5938614281253601,83.55242566510172,0.9844215657777745,0.015578434222225537,58.71048513302034,0.6880623114064618,0.31193768859353815
671088640,0.32472965121269226,758.415,247.99841638955473,-13.294736776463687,-0.19402071241115323,0.07629232108592987,-0.000688861240632832,-0.014513019472360611,87533.66788509271,936471.0,0.001395450532436371,0.0005699828267097473,0.0008254677057266235,1463.2359375,0.40606916412610017,0.5939308358738997,83.5484375,0.9843494564639628,0.015650543536037263,58.6859375,0.6880046559053543,0.3119953440946457
672137216,0.32541602849960327,724.806,232.7057086048238,-14.392687268901616,-0.19251745466416326,0.08445209264755249,-0.0010757739655673504,-0.014645562507212162,87768.92866910204,937841.0,0.0013953118168061683,0.0005699163666009531,0.0008253954502052153,1463.0904836193447,0.4060653895097358,0.5939346104902642,83.53822152886116,0.9843333511871485,0.015666648812851597,58.66926677067082,0.6880038686106502,0.31199613138934984
673185792,0.3258339464664459,742.409,239.0519938706411,-13.59030880574481,-0.16807021830008,0.08318227529525757,-0.0011970439227297902,-0.014752537943422794,87463.68343827041,939196.0,0.001395151251201689,0.0005698055493126035,0.0008253457018890856,1462.9221183800623,0.4060341005226157,0.5939658994773843,83.53271028037383,0.9843188132569504,0.01568118674304965,58.62149532710281,0.6881004357934997,0.3118995642065004
674234368,0.3241346478462219,713.207,233.25226756597402,-12.117283115372063,-0.19175132089735694,0.08685692399740219,-0.0007325438782572746,-0.014312095008790493,87560.86463157831,940639.0,0.001395121703437105,0.0005697484706089619,0.0008253732328281432,1462.8911353032659,0.4060051009687506,0.5939948990312494,83.49922239502332,0.9842930327316424,0.015706967268357703,58.60031104199067,0.688239902888343,0.31176009711165703
675282944,0.3240479826927185,716.6,230.35580479808897,-14.123600922936573,-0.24306276215976702,0.0926414281129837,-0.0014440019149333239,-0.014279589056968689,87733.25190539527,942078.0,0.0013950863239928061,0.000569767093066103,0.0008253192309267032,1462.8540372670807,0.4060328966037736,0.5939671033962264,83.5,0.9842989367772379,0.015701063222762057,58.58385093167702,0.6883034537637752,0.31169654623622484
676331520,0.3243391215801239,721.51,234.19599082997442,-13.562841294422746,-0.26547988801759753,0.07954667508602142,-0.0012163701467216015,-0.014317532069981098,87699.02934879393,943502.0,0.001395028875779736,0.0005697294723155887,0.0008252994034641473,1462.7937984496125,0.40602615628850947,0.5939738437114905,83.46356589147287,0.984297439717635,0.015702560282365007,58.55503875968992,0.6882828282540638,0.31171717174593616
677380096,0.32311880588531494,726.346,234.6169679317181,-13.385143237098237,-0.1785042881339241,0.08811597526073456,-0.0013781175948679447,-0.01414417289197445,87777.91852862293,944966.0,0.001395030656466174,0.0005697200172825864,0.0008253106391835877,1462.7956656346748,0.4060225376635894,0.5939774623364106,83.47678018575851,0.9843217470864931,0.015678252913506857,58.530959752321984,0.6884773648796336,0.3115226351203664
678428672,0.3233341872692108,690.332,224.22318185299076,-12.436037284141406,-0.1654654977649389,0.0894554927945137,-0.001022607320919633,-0.01402372121810913,87519.56555221755,946364.0,0.0013949351480239327,0.0005696840595793688,0.0008252510884445639,1462.6955177743432,0.40602848620604937,0.5939715137939505,83.45595054095827,0.9843459793166531,0.01565402068334688,58.50077279752705,0.688760699511651,0.311239300488349
679477248,0.32159239053726196,697.173,227.49269738201704,-13.747617306902772,-0.20878006214402586,0.08912020921707153,-0.0005335031310096383,-0.013920598663389683,87647.37000294706,947823.0,0.0013949297092579029,0.0005697306291556652,0.0008251990801022377,1462.6898148148148,0.4060672033624661,0.5939327966375338,83.43981481481481,0.9843489968946567,0.015651003105343238,58.495370370370374,0.6887920732918659,0.3112079267081342
680525824,0.3221246004104614,729.363,235.03367304014367,-14.286851612400264,-0.22811019276919148,0.0893239676952362,-0.0013324897736310959,-0.013748996891081333,87673.47345120607,949242.0,0.0013948655091742706,0.000569728563305777,0.0008251369458684936,1462.62249614792,0.40608869317921537,0.5939113068207846,83.45300462249615,0.9843061197640494,0.015693880235950666,58.473035439137135,0.6889564222474325,0.31104357775256763
681574400,0.3237711191177368,739.042,239.9211032084669,-15.323617158919573,-0.21175633590718418,0.08869637548923492,-0.0013937363401055336,-0.014139466919004917,87553.94272364456,950654.0,0.0013947912362905648,0.0005697103647085336,0.0008250808715820312,1462.5446153846153,0.40610133511126045,0.5938986648887395,83.44769230769231,0.9842918026567201,0.015708197343279974,58.46153846153846,0.6888919644032508,0.3111080355967492
682622976,0.3242989778518677,739.539,239.9279443674276,-16.17889936614502,-0.18918125207118883,0.08736900985240936,-0.001082960283383727,-0.014224141836166382,87410.12927805501,952047.0,0.0013946893577751476,0.0005696702479583693,0.0008250191098167783,1462.4377880184331,0.4061060777626234,0.5938939222373766,83.44700460829493,0.9842419031578861,0.015758096842114166,58.45622119815668,0.6888112757273067,0.31118872427269334
683671552,0.3245621919631958,746.87,243.7416056001652,-14.553245164104737,-0.185497141624062,0.08569380640983582,-0.0009086462669074535,-0.014325059950351715,87581.92295377445,953424.0,0.0013945643887198044,0.0005696010004523341,0.0008249633882674703,1462.3067484662577,0.40609582154959795,0.593904178450402,83.43865030674847,0.9842464086548516,0.015753591345148518,58.438650306748464,0.6886359027355569,0.3113640972644432
684720128,0.3263154625892639,765.15,249.13814095650986,-13.773108096877579,-0.19504488412488444,0.07732995599508286,-0.0008525166194885969,-0.01466336939483881,87705.48623929832,954734.0,0.0013943419522202216,0.0005694384961909576,0.0008249034560292639,1462.073506891271,0.4060420643441809,0.5939579356558191,83.42725880551302,0.9842503836879424,0.015749616312057693,58.4104134762634,0.6885001662842006,0.3114998337157993
685768704,0.32809823751449585,744.945,242.19761576295738,-13.131566892402246,-0.18010507008076534,0.07591407001018524,-0.0008734533912502229,-0.015009397640824318,87518.66689155689,956009.0,0.0013940691583382609,0.0005692604484908078,0.0008248087098474532,1461.7874617737002,0.4059908517375504,0.5940091482624497,83.41284403669725,0.9842331399406717,0.015766860059328293,58.36850152905199,0.6881379533437445,0.3118620466562556
686817280,0.32891207933425903,770.03,252.69492733538524,-14.049017809406854,-0.1973184536928071,0.07049155980348587,-0.00030438508838415146,-0.015149613842368126,87616.70346982183,957237.0,0.001393728765822549,0.00056906838453453,0.0008246603812880188,1461.430534351145,0.4059491321091174,0.5940508678908826,83.4091603053435,0.984200666388034,0.015799333611966015,58.34503816793893,0.6879749875353376,0.31202501246466247
687865856,0.3287982940673828,782.5,257.06066552747785,-13.78086355432868,-0.1906999896231833,0.06455689668655396,-0.0006996655138209462,-0.01534520834684372,87696.96236536026,958500.0,0.0013934402931027297,0.0005688303854407334,0.0008246099076619963,1461.128048780488,0.40585292081166724,0.5941470791883328,83.375,0.9841997607340539,0.015800239265946172,58.3155487804878,0.6877470706922372,0.31225292930776277
688914432,0.32767876982688904,836.551,274.39925096559523,-16.70520496699959,-0.18672780383714416,0.07777998596429825,-0.002128287684172392,-0.015115777030587196,87768.29636521763,959830.0,0.0013932499529927106,0.0005686192389129685,0.0008246307140797422,1460.9284627092845,0.4057513147592307,0.5942486852407691,83.35007610350075,0.9841783748786465,0.015821625121353648,58.31050228310502,0.6873921215047991,0.3126078784952008
689963008,0.3267829120159149,779.991,256.10420638961165,-13.646474411567674,-0.17443938669103995,0.07417761534452438,-0.0009117420995607972,-0.014686619862914085,87561.62643949303,961189.0,0.0013931022226629287,0.0005684565628190896,0.000824645659843839,1460.773556231003,0.40567592404332603,0.594324075956674,83.29939209726444,0.9840808393545147,0.01591916064548533,58.30395136778115,0.6872480492724098,0.31275195072759016
691011584,0.32589203119277954,762.441,248.4007251279885,-13.820446715243161,-0.15591928542214933,0.0842757299542427,-0.0018445344176143408,-0.014578739181160927,87675.13733042676,962568.0,0.0013929838837549791,0.0005683667381182426,0.0008246171456367365,1460.649468892261,0.40564794408021604,0.5943520559197838,83.28831562974203,0.9840450965266467,0.015954903473353373,58.283763277693474,0.6869807701553213,0.3130192298446786
692060160,0.3239741921424866,762.344,248.91994902195782,-13.672674651157111,-0.17345931003934523,0.08944927155971527,-0.001136056031100452,-0.01412992924451828,87469.04107208783,964046.0,0.001393008954597242,0.000568333539095792,0.0008246754155014501,1460.6757575757576,0.4056207291077404,0.5943792708922595,83.27272727272727,0.9839862486219882,0.016013751378011847,58.27272727272727,0.6866231938250206,0.3133768061749793
693108736,0.3247498869895935,719.8,232.765101878074,-14.150856152237393,-0.21428101870457528,0.08633314073085785,-0.0016891530249267817,-0.014294164255261421,87530.88921275992,965422.0,0.0013928867865258014,0.0005683307388005567,0.0008245560477252447,1460.5476550680787,0.40566016226568885,0.5943398377343111,83.26021180030257,0.9840104751747537,0.01598952482524632,58.25567322239032,0.6865500844127898,0.31344991558721025
694157312,0.3244944214820862,758.775,244.9742782964278,-15.828052733412012,-0.18533135764810368,0.08669473975896835,-0.0018554386915639043,-0.01459287479519844,87725.07609150343,966870.0,0.0013928687104285665,0.000568316422200275,0.0008245522882282914,1460.5287009063445,0.40565870602751813,0.5943412939724819,83.26586102719033,0.9839651768565227,0.016034823143477445,58.25377643504532,0.6863610412471691,0.3136389587528308
695205888,0.3263067603111267,706.295,230.30903981452622,-12.002773266430944,-0.16263314582795482,0.08163681626319885,-0.0009019980789162219,-0.014895554631948471,87737.66418802075,968197.0,0.001392676639700727,0.0005682561192577241,0.0008244205204430029,1460.3273001508296,0.40567654062545727,0.5943234593745427,83.25339366515837,0.983949140893441,0.016050859106559182,58.23529411764706,0.6864734221279689,0.31352657787203114
696254464,0.3255752921104431,746.092,243.33767495283996,-12.961841742286458,-0.1754410297555421,0.07697813212871552,-0.0009585705120116472,-0.014993526041507721,87158.41389662202,969555.0,0.0013925296714506954,0.0005681543465120247,0.0008243753249386707,1460.1731927710844,0.4056478077903953,0.5943521922096046,83.25150602409639,0.9839549477265062,0.01604505227349391,58.22289156626506,0.6861323476970532,0.31386765230294666
697303040,0.323750376701355,778.914,253.43246063451724,-14.60698703833943,-0.14856420200858722,0.08608809858560562,-0.001443952787667513,-0.014660703018307686,87378.15289354124,970996.0,0.0013925021752378994,0.0005681174142020089,0.0008243847610358905,1460.1443609022556,0.405632636109257,0.5943673638907429,83.25563909774436,0.9839441044758596,0.016055895524140516,58.21203007518797,0.6858377066906387,0.3141622933093613
698351616,0.3237263858318329,707.34,228.09417454986925,-13.07547123054415,-0.20952018168264283,0.08420833945274353,-0.0019602994434535503,-0.0145915187895298,87548.43526352367,972366.0,0.0013923730936136333,0.0005680848886300852,0.000824288204983548,1460.009009009009,0.4056515783601177,0.5943484216398821,83.25225225225225,0.9839311383159489,0.016068861684051253,58.192192192192195,0.6857421879451906,0.31425781205480935
699400192,0.3244699239730835,746.803,242.60813822204247,-13.727949766708072,-0.19375935921663637,0.08555294573307037,-0.0014770397683605552,-0.014960842207074165,87687.19360232388,973753.0,0.0013922687055825116,0.0005680210050614342,0.0008242477005210773,1459.8995502248877,0.4056389976938696,0.5943610023061303,83.24287856071965,0.9839552295628515,0.01604477043714863,58.1904047976012,0.6856083784101457,0.3143916215898544
700448768,0.3242424428462982,775.856,255.64706765657664,-13.87954359828573,-0.1639187412619001,0.0868396908044815,-0.0019360205624252558,-0.01492250431329012,87770.08996007801,975226.0,0.0013922874085203617,0.0005679972871334967,0.000824290121386865,1459.9191616766468,0.4056201898476444,0.5943798101523554,83.23053892215569,0.983959288600432,0.01604071139956807,58.18862275449102,0.6853436531877121,0.3146563468122878
701497344,0.32490450143814087,756.872,245.7881043626122,-13.914760220733937,-0.15304241617469738,0.07968032360076904,-0.0021038511767983437,-0.014854270033538342,87446.17307748897,976562.0,0.0013921107590109422,0.0005679037895259658,0.0008242069694849764,1459.7339312406577,0.4056068660763122,0.5943931339236878,83.24514200298954,0.9839511201924432,0.016048879807556884,58.17787742899851,0.6852864262375502,0.31471357376244974
702545920,0.3256976008415222,776.509,254.8198516871333,-14.37485369166918,-0.18542400087233765,0.07579725235700607,-0.0008513617794960737,-0.014944317750632763,87556.85533471032,977936.0,0.001391988725804571,0.0005677678691807078,0.0008242208566238631,1459.6059701492538,0.4055446185432473,0.5944553814567526,83.23134328358209,0.9839549043212404,0.016045095678759804,58.17313432835821,0.6850234478537492,0.3149765521462507
703594496,0.326355516910553,735.329,237.07933492442965,-14.744510202080011,-0.21355287832052025,0.08106127381324768,-0.00015065204934217036,-0.015185443684458733,87453.39966433203,979247.0,0.0013917775161220135,0.0005677034176230964,0.0008240740984989172,1459.3845007451564,0.40556545678471195,0.594434543215288,83.2220566318927,0.9839207523938449,0.016079247606155152,58.153502235469446,0.6848967363070224,0.3151032636929776
704643072,0.3263493776321411,753.033,244.82545566688106,-14.228822431311011,-0.1995226290007679,0.08128237724304199,-0.0008434125338681042,-0.015141161158680916,87743.20423509105,980621.0,0.001391656342006865,0.0005676292237781343,0.0008240271182287307,1459.2574404761904,0.405550026799244,0.594449973200756,83.21428571428571,0.9839256017015616,0.016074398298438423,58.138392857142854,0.6846835963224386,0.3153164036775615
705691648,0.3248154819011688,765.279,246.43716315421207,-14.81542583797034,-0.18110640600672315,0.08619491755962372,-0.0012649509590119123,-0.014873514883220196,87644.37451731089,982061.0,0.0013916290532603839,0.0005676005960042196,0.0008240284572561641,1459.2288261515603,0.40554074823870356,0.5944592517612964,83.24219910846953,0.9838766489384937,0.01612335106150633,58.135215453194654,0.6844887788369245,0.31551122116307556
706740224,0.32561585307121277,798.692,260.85407126334496,-15.049001633432693,-0.1714842373547247,0.07902181148529053,-0.0010122499661520123,-0.015048203989863396,87681.65363345899,983393.0,0.0013914490312072574,0.0005674673470969724,0.0008239816841102849,1459.040059347181,0.40549710636613295,0.594502893633867,83.22255192878339,0.983815789137186,0.01618421086281397,58.12759643916914,0.684285041496396,0.315714958503604
707788800,0.3263518810272217,787.606,259.96470776570726,-13.720874410904944,-0.17302755026262953,0.08119961619377136,-0.002028969582170248,-0.015166424214839935,87483.45253681029,984775.0,0.0013913401850947627,0.0005673500343605324,0.0008239901507342304,1458.9259259259259,0.40544522556965124,0.5945547744303488,83.17777777777778,0.9837559083035236,0.016244091696476327,58.12444444444444,0.6840913916994702,0.31590860830052986
708837376,0.3255477547645569,807.234,267.498558687564,-15.397024763315915,-0.19944957053431686,0.0786869078874588,-0.0013629677705466747,-0.015019210986793041,87575.68652855462,986199.0,0.0013912909129667563,0.000567242944028956,0.0008240479689378005,1458.8742603550295,0.4053846058456352,0.5946153941543648,83.15384615384616,0.9837578590706273,0.016242140929372557,58.124260355029584,0.683564017165738,0.316435982834262
709885952,0.32545483112335205,818.192,267.93225222380084,-15.670803048938513,-0.1841769749332743,0.07485228031873703,-0.000802390044555068,-0.01495589129626751,87418.07968250598,987555.0,0.001391145996364216,0.0005671122225559973,0.0008240337738082187,1458.7223042836042,0.4053326440787665,0.5946673559212335,83.1314623338257,0.9836949618941394,0.016305038105860578,58.122599704579024,0.6830466897154687,0.31695331028453144
710934528,0.3259742856025696,809.332,263.9420248508193,-16.9258151942268,-0.19155752133235612,0.07719327509403229,-0.002069971989840269,-0.01502442266792059,87702.44305760745,988873.0,0.001390948056471383,0.0005669706338978095,0.0008239774225735735,1458.514749262537,0.4052876258996896,0.5947123741003104,83.11946902654867,0.9836993449395266,0.016300655060473374,58.12094395280236,0.6824791365065005,0.31752086349349956
711983104,0.32801538705825806,780.562,252.53094920047744,-15.461132478273939,-0.18236712871280072,0.0780162662267685,-0.001262726727873087,-0.015469567850232124,87638.34748711552,990189.0,0.0013907478905566839,0.0005668758117046553,0.0008238720788520284,1458.3048600883653,0.4052805099956424,0.5947194900043575,83.11929307805596,0.9836701197211867,0.016329880278813255,58.111929307805596,0.6817855567200969,0.31821444327990317
713031680,0.32775068283081055,771.332,253.816590426201,-14.17626578482613,-0.17872738513797592,0.0715191587805748,-0.0018252416048198938,-0.015555240213871002,87554.24948863026,991544.0,0.0013906030093922335,0.0005667504142312442,0.0008238525951609892,1458.1529411764707,0.4052325882558508,0.5947674117441493,83.1,0.9836311090409243,0.016368890959075507,58.08970588235294,0.6814327257030325,0.31856727429696763
714080256,0.3261367082595825,738.898,241.2432059991318,-11.817962031595409,-0.20688534915470563,0.07477989792823792,-0.0016376590356230736,-0.015222420915961266,87722.00355543612,992927.0,0.0013904977650019215,0.0005666239846295372,0.0008238737803723844,1458.0425844346548,0.4051726654576627,0.5948273345423373,83.06461086637299,0.9836302569681149,0.016369743031885046,58.04258443465492,0.6811098266367115,0.3188901733632885
715128832,0.32654568552970886,786.203,257.17400192947474,-13.959880839327584,-0.18947370751344156,0.07706157118082047,-0.0013126315316185355,-0.015125377103686333,87427.81290455064,994315.0,0.0013903998209933732,0.0005665091125846258,0.0008238907084087472,1457.9398826979473,0.4051194446588856,0.5948805553411144,83.04692082111437,0.9835716524444534,0.016428347555546525,58.01466275659824,0.6808254713002639,0.3191745286997361
716177408,0.3250826597213745,769.273,251.16513235777245,-14.621652852635831,-0.19453746924604548,0.08230092376470566,-0.001070783706381917,-0.015078366734087467,87584.17463311122,995749.0,0.0013903663936855155,0.0005664602031121317,0.0008239061905733837,1457.904831625183,0.40509704238117394,0.5949029576188261,83.04392386530014,0.9835414786677602,0.016458521332239778,58.0,0.6807132329333041,0.319286767066696
717225984,0.32429763674736023,777.773,255.47501984563655,-13.191892359373742,-0.18630915821828337,0.08295537531375885,-0.000813968654256314,-0.015038044191896915,87532.08079734632,997241.0,0.001390413931238721,0.0005663905227393435,0.0008240234084993776,1457.954678362573,0.405037852640929,0.594962147359071,83.03508771929825,0.9834895933890822,0.016510406610917863,57.97514619883041,0.6802529119181042,0.31974708808189584
718274560,0.32411739230155945,701.768,229.28410011468037,-11.112730862025172,-0.1695018466680918,0.087044358253479,-0.0014071851037442684,-0.015078820288181305,87555.19071279782,998661.0,0.0013903610897760322,0.0005663642047965614,0.0008239968849794708,1457.8992700729927,0.40503769457497846,0.5949623054250215,83.03065693430656,0.9834954479972732,0.016504552002726745,57.93868613138686,0.6803215539843154,0.31967844601568474
719323136,0.32592737674713135,738.117,239.8260961262388,-14.692742155775427,-0.19355509481019814,0.08950215578079224,-0.0019298179540783167,-0.015451118350028992,87597.01368454836,1000038.0,0.0013902486239508358,0.0005663198910371207,0.0008239287329137151,1457.7813411078716,0.40504220759137044,0.5949577924086296,83.00728862973762,0.9834542357998968,0.016545764200103213,57.924198250728864,0.6802409103196152,0.3197590896803849
720371712,0.32569193840026855,726.782,235.5255574419992,-12.706837869006893,-0.172970140139351,0.0795326754450798,-0.00125976896379143,-0.015611505135893822,87579.23713603949,1001428.0,0.0013901545317759507,0.0005662840353175889,0.0008238704964583617,1457.6826783114993,0.40504743449957104,0.594952565500429,83.00727802037845,0.9834432450846973,0.016556754915302726,57.88937409024745,0.6799357390313684,0.3200642609686316
721420288,0.3253711462020874,741.788,242.20906211746856,-13.442229862357955,-0.2074257542178786,0.0805007666349411,-0.001012716325931251,-0.015496335923671722,87605.81654050043,1002873.0,0.001390136951623961,0.0005662468976752702,0.0008238900539486908,1457.6642441860465,0.4050290334948516,0.5949709665051484,82.98401162790698,0.9834022285665466,0.016597771433453427,57.86482558139535,0.67965647905901,0.32034352094099
722468864,0.32468876242637634,739.601,240.0905909091588,-14.197751040935517,-0.22138306515374528,0.08153006434440613,-0.0017287408700212836,-0.01541241817176342,87661.04529257592,1004334.0,0.001390141568786001,0.0005662458555445789,0.0008238957132414221,1457.6690856313498,0.40503027782822965,0.5949697221717704,83.01015965166908,0.9834119481330699,0.01658805186693029,57.8388969521045,0.6794320139224947,0.32056798607750525
723517440,0.3248785138130188,735.653,239.03947626059875,-12.374162169225514,-0.18396844293029369,0.07889001071453094,-0.00143147399649024,-0.015323089435696602,87726.85042163695,1005726.0,0.001390050805133322,0.0005661826202834862,0.0008238681848498358,1457.5739130434783,0.40501382548488374,0.5949861745151163,83.00289855072464,0.9833988278812232,0.016601172118776805,57.81594202898551,0.67913746096926,0.3208625390307401
724566016,0.3253057599067688,751.38,248.1108769607693,-12.649927627535769,-0.20739696684070594,0.07705643773078918,-0.0013503970112651587,-0.015554198995232582,87683.36677089939,1007144.0,0.0013899961877317747,0.0005660836844989429,0.0008239125032328317,1457.5166425470334,0.40496043951236826,0.5950395604876317,82.97539797395079,0.9834228527323358,0.01657714726766425,57.782923299565844,0.6788988911477208,0.3211011088522792
725614592,0.3245126008987427,748.493,243.7066939968541,-13.634073936454952,-0.22097598292726656,0.0828026607632637,-0.0018908384954556823,-0.015431785024702549,87481.77678391468,1008635.0,0.0013900423325555174,0.0005660415384810784,0.0008240007940744389,1457.5650289017342,0.40492089975425033,0.5950791002457497,82.97398843930635,0.9834468081474624,0.016553191852537567,57.76011560693642,0.6786403667385478,0.3213596332614522
726663168,0.32342249155044556,709.91,232.45505307439285,-12.462964210364968,-0.1679370094169007,0.08184397220611572,-0.0012738454388454556,-0.0153177659958601,87540.9786393513,1010044.0,0.0013899754996251578,0.0005659940094830842,0.0008239814901420736,1457.4949494949494,0.40490908788338326,0.5950909121166167,82.96248196248196,0.983451454407952,0.016548545592048092,57.74603174603175,0.6784427134916908,0.3215572865083092
727711744,0.32623782753944397,766.668,250.59328713889792,-13.89128296374937,-0.18788532400702737,0.0816231518983841,-0.0014497723896056414,-0.015896322205662727,87475.37192758436,1011406.0,0.0013898442732841205,0.0005659012698302695,0.0008239430034538511,1457.35734870317,0.40488212488853215,0.5951178751114679,82.94812680115274,0.9834160835940919,0.01658391640590819,57.74495677233429,0.6782740691044865,0.32172593089551343
728760320,0.32634222507476807,757.677,248.80896813155803,-13.396491998403333,-0.1900520384415606,0.07526738941669464,-0.0017298873281106353,-0.01577037200331688,87598.6624495733,1012696.0,0.0013896146266580485,0.00056576351467654,0.0008238511119815085,1457.11654676259,0.4048494463529165,0.5951505536470836,82.93525179856115,0.9834205014399802,0.01657949856001986,57.72374100719424,0.6781012136595646,0.32189878634043545
729808896,0.3260001838207245,753.023,247.99497295218686,-13.32060019687703,-0.16475228003191597,0.07456424087285995,-0.0013895066222175956,-0.01592262089252472,87454.79782334906,1014063.0,0.0013894911470084354,0.0005656261553709535,0.0008238649916374821,1456.9870689655172,0.4047859324148059,0.5952140675851941,82.91379310344827,0.9833809351346657,0.016619064865334227,57.6867816091954,0.6778004216859158,0.32219957831408425
730857472,0.3229852020740509,750.16,243.63931952262018,-13.421060076097842,-0.17442241732947855,0.08378675580024719,-0.001341105904430151,-0.015588605776429176,87470.49887955215,1015554.0,0.00138953768539976,0.0005656328570723021,0.000823904828327458,1457.0358680057388,0.40478060554663325,0.5952193944533668,82.92395982783357,0.9833888375073404,0.01661116249265959,57.66284074605452,0.6775278312359342,0.32247216876406576
731906048,0.32179051637649536,764.718,249.24177636840426,-13.470336984508787,-0.1706672149417995,0.07938864082098007,-0.0016421175096184015,-0.015207797288894653,87475.55113248911,1017006.0,0.001389530804915551,0.0005656012832947651,0.000823929521620786,1457.0286532951288,0.40476310035741325,0.5952368996425867,82.92550143266476,0.9833955802015925,0.016604419798407585,57.65759312320917,0.6771939008823648,0.32280609911763525
732954624,0.3203120231628418,726.687,234.10907535759358,-14.861801844709086,-0.20182320243668733,0.09679439663887024,-0.0021095620468258858,-0.015057423152029514,87401.72003303345,1018569.0,0.0013896753859622285,0.000565734885110705,0.0008239405008515233,1457.1802575107297,0.4048165129870463,0.5951834870129538,82.95851216022889,0.9834058383668774,0.01659416163312253,57.6623748211731,0.6770693944925849,0.32293060550741515
734003200,0.319359689950943,762.037,249.53052761107125,-13.909960737828165,-0.18986017191676688,0.09654615819454193,-0.002196897752583027,-0.01505657471716404,87726.11198361123,1020168.0,0.0013898686000279018,0.0005658408573695591,0.0008240277426583427,1457.3828571428571,0.40483768550177307,0.595162314498227,82.96,0.9834295443120676,0.016570455687932355,57.65857142857143,0.6767255291238293,0.3232744708761708
735051776,0.31760311126708984,703.229,226.70024547202607,-13.384158648143522,-0.1898551830046259,0.09757652133703232,-0.002221003407612443,-0.014739617705345154,87714.89870270877,1021710.0,0.0013899837172830665,0.0005659601317662826,0.000824023585516784,1457.5035663338087,0.4048901770220917,0.5951098229779083,82.97289586305278,0.983437676823438,0.01656232317656211,57.646219686162624,0.6766044324128022,0.3233955675871978
736100352,0.3226042687892914,733.353,238.48315457718448,-12.893918762654065,-0.2006615703664276,0.08465608954429626,-0.0015823085559532046,-0.015538569539785385,87271.6500031898,1023168.0,0.001389984391693376,0.0005659432153076868,0.0008240411763856893,1457.5042735042734,0.4048810615045051,0.5951189384954949,82.96723646723646,0.9834252065491933,0.01657479345080661,57.616809116809115,0.6762181090125068,0.32378189098749327
737148928,0.323697566986084,720.894,233.3224522917457,-14.047149595826864,-0.21397530046504465,0.08181087672710419,-0.001483715488575399,-0.015989799052476883,87297.44172975252,1024527.0,0.0013898507629654994,0.0005659154943517737,0.0008239352686137258,1457.3641536273115,0.40490489150817416,0.5950951084918258,82.99288762446658,0.983392448132486,0.016607551867513913,57.59886201991465,0.6758251956284207,0.3241748043715793
738197504,0.3264344036579132,776.655,251.25059266368672,-13.82528020157665,-0.19954885830529265,0.07569953799247742,-0.001880574389360845,-0.016563165932893753,87707.03239641755,1025826.0,0.0013896362348036332,0.0005657821893692017,0.0008238540454344316,1457.1392045454545,0.40487102426975097,0.595128975730249,82.984375,0.9833791434817666,0.016620856518233387,57.57244318181818,0.6755936548857959,0.32440634511420413
739246080,0.3271842300891876,762.892,248.2494738984704,-12.154934032188729,-0.19124042901535782,0.07124326378107071,-0.0008116888348013163,-0.01669701747596264,87437.21453316785,1027128.0,0.0013894263734208776,0.0005655802733509253,0.0008238461000699524,1456.9191489361701,0.4047804466819708,0.5952195533180291,82.96595744680852,0.9833824557402524,0.016617544259747548,57.53900709219858,0.675511461132516,0.324488538867484
740294656,0.32770928740501404,759.768,246.38827752255776,-12.79220950698972,-0.17707245582047357,0.06810490041971207,-0.0013556615449488163,-0.01669154316186905,87528.59846510932,1028371.0,0.001389137408551008,0.0005653910866540147,0.0008237463218969934,1456.6161473087818,0.40472330846976645,0.5952766915302335,82.95609065155807,0.983405993338354,0.016594006661645924,57.505665722379604,0.6755544793928683,0.3244455206071318
741343232,0.3294841945171356,805.211,265.0497072084695,-13.107856657718191,-0.17694235906094413,0.0670897588133812,-0.001047617057338357,-0.01692354679107666,87538.76402790374,1029666.0,0.0013889194040689644,0.000565160619150294,0.0008237587849186705,1456.3875530410185,0.40461177440668145,0.5953882255933185,82.93776520509194,0.9834092582497768,0.0165907417502231,57.47100424328147,0.6754133239421818,0.3245866760578182
742391808,0.3253062963485718,776.961,254.69001201369986,-12.634124883208424,-0.2114588933756378,0.07485917955636978,-0.0011748282704502344,-0.01636914350092411,87569.86248160689,1031076.0,0.0013888569201453258,0.000564984682589601,0.0008238722375557248,1456.322033898305,0.40450308485874564,0.5954969151412544,82.9180790960452,0.9834122215098435,0.016587778490156673,57.443502824858754,0.6754257493692633,0.32457425063073686
743440384,0.3239603042602539,759.33,246.94063657420872,-13.815947224332952,-0.20483816214551753,0.07673142105340958,-0.0013999668881297112,-0.015849705785512924,87478.53508904358,1032501.0,0.0013888147889474887,0.0005648697717233504,0.0008239450172241383,1456.2778561354019,0.40443437736766724,0.5955656226323327,82.92806770098731,0.9834199460054415,0.016580053994558582,57.41748942172073,0.6754857253475135,0.32451427465248656
744488960,0.32485276460647583,724.118,236.99987059085305,-10.996976932056247,-0.2059973234666085,0.07643191516399384,-0.00114584737457335,-0.0158575139939785,87502.88760661441,1033906.0,0.0013887459123638314,0.0005647471253301057,0.0008239987870337258,1456.205633802817,0.4043669819486892,0.5956330180513109,82.90704225352113,0.9833811606630974,0.016618839336902613,57.3830985915493,0.6757720664086971,0.3242279335913029
745537536,0.3235946297645569,727.322,236.82729576484115,-11.648567470908166,-0.16142441825197626,0.08073799312114716,-0.0017211439553648233,-0.01564542017877102,87713.96628716053,1035352.0,0.001388732223403437,0.0005647146919776283,0.0008240175314258088,1456.1912798874823,0.40435072423217183,0.5956492757678281,82.91279887482419,0.9833883682389951,0.016611631761004813,57.365682137834035,0.6759780441243279,0.3240219558756721
746586112,0.324285626411438,727.373,236.6746450803075,-12.554062334135175,-0.15841806512428802,0.08710519969463348,-0.0025715800002217293,-0.015825100243091583,87736.3864881409,1036767.0,0.0013886770505583687,0.0005646850285905131,0.0008239920219678558,1456.133426966292,0.40434858396657003,0.59565141603343,82.90589887640449,0.9833576801677866,0.01664231983221343,57.348314606741575,0.675996177333267,0.3240038226667331
747634688,0.32282936573028564,732.024,238.30452083022288,-14.018806619613432,-0.2174804539357109,0.08916328102350235,-0.0018528893124312162,-0.015710828825831413,87298.4190281387,1038237.0,0.0013886955978158145,0.0005647022627179118,0.0008239933350979027,1456.1528751753156,0.4043587046424239,0.5956412953575762,82.90462833099579,0.9833297095562559,0.016670290443744205,57.34361851332398,0.6758272564051074,0.32417274359489257
748683264,0.32485222816467285,737.637,242.50293940676144,-13.722175108570605,-0.19441283369404092,0.08202429115772247,-0.0015174809377640486,-0.01592712290585041,87670.51113348898,1039544.0,0.0013884963775549282,0.0005646353008366432,0.000823861076718285,1455.9439775910364,0.40437317442593423,0.5956268255740658,82.88095238095238,0.9833318366925196,0.01666816330748058,57.317927170868344,0.6756707792450198,0.32432922075498016
749731840,0.32593661546707153,741.071,242.68420420810102,-12.43013632296957,-0.19992163866429138,0.07982578873634338,-0.0020726302172988653,-0.016091689467430115,87580.79802954449,1040913.0,0.0013883804107879425,0.0005645418500566816,0.0008238385607312609,1455.8223776223776,0.4043409045583987,0.5956590954416012,82.86993006993006,0.9833365007903855,0.016663499209614636,57.28951048951049,0.6757085861309746,0.3242914138690254
750780416,0.3230813443660736,764.63,247.12669806802973,-15.604411852544173,-0.17105159047950974,0.08980537950992584,-0.0020549120381474495,-0.015623091720044613,87627.53374444252,1042427.0,0.0013884579003190195,0.0005645578799966994,0.0008239000203223201,1455.9036312849162,0.40433336586045354,0.5956666341395465,82.87849162011173,0.9833440811593148,0.01665591884068526,57.26815642458101,0.6755296901274664,0.3244703098725336
751828992,0.3220714330673218,726.806,235.88254615804553,-14.788635502844583,-0.22507814168323836,0.09207069873809814,-0.0028673841152340174,-0.015508501790463924,87479.1684447876,1043881.0,0.0013884553683186508,0.0005645685448639895,0.0008238868234546614,1455.9009762900976,0.40434497168983863,0.5956550283101614,82.87308228730822,0.9833496567394997,0.016650343260500345,57.25383542538354,0.6754480884349535,0.32455191156504654
752877568,0.3221439719200134,743.678,240.39842315424002,-14.897283762599342,-0.22798485746027872,0.09400983154773712,-0.002179172355681658,-0.015866443514823914,87496.03752589367,1045433.0,0.001388583010617737,0.0005646867672380963,0.0008238962433796407,1456.0348189415042,0.40439294340028986,0.5956070565997101,82.90111420612813,0.9832917151184357,0.016708284881564367,57.25208913649025,0.675402697145848,0.32459730285415206
753926144,0.3235785961151123,735.758,235.85198035206258,-14.289754804477095,-0.24081438446823386,0.08535517752170563,-0.0022215889766812325,-0.015957217663526535,87209.91852034531,1046809.0,0.0013884768532446594,0.0005646468203654707,0.0008238300328791887,1455.923504867872,0.40439855854515466,0.5956014414548453,82.88873435326843,0.9832021841084225,0.0167978158915776,57.21696801112657,0.6755064486101792,0.32449355138982083
754974720,0.3238424062728882,749.408,241.69776170797738,-13.681289837226272,-0.21512096256913701,0.08463069051504135,-0.002239308785647154,-0.01629912108182907,87325.70210678673,1048226.0,0.0013884252972073026,0.0005646321508619521,0.0008237931463453505,1455.8694444444445,0.40440636772979904,0.5955936322702009,82.90277777777777,0.9831956458300162,0.016804354169983864,57.209722222222226,0.6754229460640325,0.3245770539359675
756023296,0.32448315620422363,783.837,257.46645222818665,-13.256919604220602,-0.1987478455612733,0.07821949571371078,-0.0016473308205604553,-0.01642489805817604,87697.35057309153,1049573.0,0.0013882812944430748,0.0005644773147307884,0.0008238039797122866,1455.7184466019417,0.40433456345592383,0.5956654365440762,82.87656033287101,0.9832189528399606,0.016781047160039367,57.19278779472954,0.6754416228224581,0.3245583771775419
757071872,0.3257933259010315,752.272,245.59919245860726,-12.141189605567604,-0.22178868855335954,0.08015591651201248,-0.001807904220186174,-0.016688555479049683,87378.06609439076,1050833.0,0.001388022774144223,0.0005643163031158025,0.0008237064710284204,1455.4473684210527,0.4042911857683337,0.5957088142316662,82.88227146814404,0.9832103552518899,0.016789644748110122,57.1578947368421,0.6755448892728425,0.3244551107271575
758120448,0.326768159866333,775.534,256.0267779723492,-11.241459693346172,-0.14948893740940242,0.07259880006313324,-0.0014810441061854362,-0.016887720674276352,87851.94285880822,1052090.0,0.0013877610118227545,0.0005641306749188224,0.0008236303369039322,1455.1728907330566,0.40422825296876286,0.5957717470312371,82.85477178423237,0.9832116230649952,0.016788376935004876,57.14107883817427,0.6754096650522408,0.32459033494775924
759169024,0.3252372145652771,776.681,253.5673452637419,-11.977384281020612,-0.16583190799733807,0.07702583074569702,-0.001876911846920848,-0.016917169094085693,87528.25355683756,1053469.0,0.0013876606746273147,0.0005639784902498867,0.0008236821843774279,1455.0676795580112,0.40414669138313564,0.5958533086168644,82.84530386740332,0.9832166375431693,0.016783362456830618,57.113259668508285,0.6755220229137111,0.3244779770862889
760217600,0.32493001222610474,762.683,246.9840141628664,-13.373805912003387,-0.18546678856764084,0.07809008657932281,-0.0016429664101451635,-0.016802862286567688,87722.95013956437,1054764.0,0.0013874501195447198,0.0005638319870521283,0.0008236181324925916,1454.846896551724,0.4041004978373055,0.5958995021626945,82.84137931034483,0.9832225456293167,0.016777454370683263,57.099310344827586,0.6755293733149746,0.32447062668502535
761266176,0.3251464366912842,763.31,250.19827789224217,-13.549473748859018,-0.20893636700354143,0.07367419451475143,-0.0017930313479155302,-0.016940098255872726,87479.94797213958,1056109.0,0.0013873058245530141,0.0005636701242326048,0.0008236357003204094,1454.6955922865013,0.4040231629784864,0.5959768370215136,82.81404958677686,0.9832019277541441,0.01679807224585592,57.08539944903581,0.6754194770443632,0.3245805229556368
762314752,0.3253464102745056,774.378,251.55146197767368,-14.149963400173,-0.1853114331425686,0.07560242712497711,-0.0016476147575303912,-0.01695052906870842,87564.11068782932,1057436.0,0.0013871383142274544,0.0005635349425849758,0.0008236033716424787,1454.5199449793672,0.40397326426364266,0.5960267357363574,82.82118294360386,0.983162510321945,0.016837489678054946,57.0646492434663,0.6752764359087157,0.3247235640912844
763363328,0.3258073329925537,789.824,257.9083096248955,-13.492213274110108,-0.1602100285681761,0.0703972578048706,-0.0011656705755740404,-0.016932735219597816,87374.97268525921,1058834.0,0.0013870642735407902,0.0005634079922686566,0.0008236562812721336,1454.4423076923076,0.4039037432215726,0.5960962567784274,82.8173076923077,0.9831684684121621,0.016831531587837834,57.04120879120879,0.6750356715736762,0.32496432842632383
764411904,0.3241703510284424,749.603,239.14432757663727,-14.709207003226505,-0.19482020432865335,0.08482358604669571,-0.0017249721568077803,-0.01676584780216217,87498.35616249002,1060219.0,0.0013869734294457037,0.0005633611901470336,0.00082361223929867,1454.3470507544582,0.4038993787201173,0.5961006212798827,82.82990397805213,0.9831170057310933,0.016882994268906586,57.03429355281207,0.6750329846758755,0.32496701532412453
765460480,0.32553011178970337,782.415,256.76347026031556,-13.758031225408427,-0.16250492616895185,0.08053366839885712,-0.002048991620540619,-0.01688562147319317,87470.53715200177,1061545.0,0.0013868057564513324,0.0005632570345107823,0.0008235487219405501,1454.1712328767123,0.4038739953690327,0.5961260046309673,82.81917808219178,0.9831036034401375,0.016896396559862418,57.02876712328767,0.6748836761158387,0.32511632388416134
766509056,0.3264988362789154,748.534,244.49519264112226,-12.933247718742583,-0.18622193586678332,0.07626042515039444,-0.0013303265441209078,-0.017035653814673424,87484.77334679446,1062881.0,0.0013866515883668828,0.0005631609915382396,0.0008234905968286433,1454.0095759233925,0.4038508791618304,0.5961491208381696,82.79890560875513,0.9830864825534809,0.01691351744651908,57.00957592339261,0.674692157709292,0.325307842290708
767557632,0.3235950469970703,714.648,231.35948016659543,-12.668775985886576,-0.1929155305711766,0.08561170101165771,-0.0023236835841089487,-0.016626138240098953,87358.67601528359,1064388.0,0.0013867206260806224,0.0005631798603495614,0.0008235407657310611,1454.0819672131147,0.4038476127340337,0.5961523872659663,82.78551912568307,0.9831095884516319,0.0168904115483681,56.99180327868852,0.6746397963413334,0.3253602036586666
768606208,0.3228921890258789,743.627,240.0410561482562,-12.94595529265143,-0.17611906181535456,0.08132388442754745,-0.0017300251638516784,-0.016200613230466843,87586.10199514769,1065787.0,0.0013866489613365183,0.0005631661512679325,0.0008234828100685858,1454.006821282401,0.4038622569788363,0.5961377430211637,82.77899045020465,0.983080159901955,0.016919840098045,56.96862210095498,0.6746743941635145,0.3253256058364855
769654784,0.32213109731674194,712.558,228.77682935267967,-12.543402255387976,-0.18300837774568196,0.08562716841697693,-0.002130935899913311,-0.01629389449954033,87534.21841415467,1067232.0,0.0013866372589194482,0.000563156377392179,0.0008234808815272693,1453.9945504087193,0.403861709227656,0.5961382907723439,82.77520435967303,0.9831032114552221,0.01689678854477791,56.93732970027248,0.6748371233908922,0.32516287660910775
770703360,0.32274025678634644,710.39,231.6005676488504,-12.071159053972922,-0.16235302700258786,0.08716075122356415,-0.001892473199404776,-0.016282670199871063,87412.94198529188,1068648.0,0.0013865879603794642,0.000563145332595929,0.0008234426277835353,1453.942857142857,0.403871444247962,0.5961285557520379,82.75374149659864,0.9830855870229447,0.016914412977055298,56.91972789115646,0.6748466214295689,0.3251533785704312
771751936,0.3232516050338745,741.11,239.29113929556496,-14.112727096550167,-0.15705809797747788,0.08546306937932968,-0.0017042284598574042,-0.016529932618141174,87628.94271486816,1070078.0,0.0013865569363469663,0.000563142092331596,0.0008234148440153702,1453.9103260869565,0.40388138632260984,0.59611861367739,82.74048913043478,0.9830527317546922,0.016947268245307883,56.90489130434783,0.6748748898432693,0.3251251101567308
772800512,0.32300129532814026,739.997,239.8359035449773,-14.709457235649229,-0.20068589513148805,0.08672137558460236,-0.0020013004541397095,-0.016481848433613777,87585.45313619419,1071444.0,0.0013864431808243937,0.0005630819250802981,0.0008233612557440956,1453.7910447761194,0.40387373592785464,0.5961262640721453,82.72455902306649,0.9830375055052496,0.01696249449475049,56.890094979647216,0.6747555976206042,0.3252444023793958
773849088,0.324346661567688,757.814,244.07339740183576,-15.698312124092132,-0.21177847940123606,0.08442927896976471,-0.0022619524970650673,-0.016501016914844513,87418.8876607617,1072787.0,0.0013863000120250837,0.0005629960760514587,0.0008233039359736248,1453.6409214092141,0.4038551688851025,0.5961448311148975,82.72764227642277,0.9829967245715984,0.01700327542840179,56.87127371273713,0.6744715335033267,0.3255284664966734
774897664,0.3266499638557434,778.809,254.83958597449913,-14.538542807370424,-0.21345708007971445,0.07822822034358978,-0.0016082593938335776,-0.0171036496758461,87604.0680425831,1074014.0,0.0013860075335057405,0.0005628227058379672,0.0008231848276677732,1453.3342354533154,0.40381157344927593,0.596188426550724,82.70365358592693,0.9829156422962334,0.01708435770376671,56.86332882273342,0.6743283074106028,0.3256716925893972
775946240,0.3249920606613159,788.991,258.2854299774021,-14.35016978483647,-0.22906596369627072,0.07769860327243805,-0.001911708852276206,-0.017046097666025162,87315.91706481218,1075366.0,0.0013858769391034101,0.0005626833116686022,0.0008231936274348078,1453.1972972972974,0.40374765088480347,0.5962523491151965,82.69054054054054,0.982920217603756,0.017079782396244032,56.86351351351351,0.6741994142498061,0.3258005857501939
776994816,0.32526010274887085,837.05,275.57753691084497,-16.006355064988135,-0.19348430056935445,0.08189933001995087,-0.0010920818895101547,-0.017044151201844215,87566.0110150426,1076677.0,0.001385693929777776,0.0005625288496133287,0.0008231650801644473,1453.0053981106612,0.40368659461916573,0.5963134053808342,82.6612685560054,0.9828326502208702,0.017167349779130012,56.86909581646424,0.6739975124275182,0.32600248757248185
778043392,0.32341399788856506,792.559,259.0393990576456,-14.977925224343315,-0.19983901346431535,0.0797528624534607,-0.002056912751868367,-0.016747072339057922,87385.65125502489,1078043.0,0.001385582103883481,0.0005624236443614703,0.0008231584595220108,1452.888140161725,0.40364374034906975,0.5963562596509302,82.64420485175202,0.9828557868108689,0.017144213189131185,56.87735849056604,0.6737309261253119,0.3262690738746881
779091968,0.3246251046657562,797.72,259.9508270449452,-14.604106716741342,-0.19688936140049085,0.07812921702861786,-0.002546750009059906,-0.016849761828780174,87389.54070136737,1079360.0,0.0013854076852708613,0.000562295618480821,0.0008231120667900404,1452.7052489905786,0.4036012288639561,0.5963987711360439,82.64602960969044,0.9828307934427326,0.017169206557267325,56.86271870794078,0.6735263611243825,0.32647363887561753
780140544,0.3237594664096832,818.312,266.98848983871727,-15.748905252365395,-0.2084467955510149,0.07910940796136856,-0.0018117934232577682,-0.01695515215396881,87440.76261344514,1080717.0,0.00138528500833819,0.0005621653731151294,0.0008231196352230605,1452.5766129032259,0.40354211001033335,0.5964578899896666,82.63709677419355,0.982800814306102,0.017199185693898052,56.86693548387097,0.6732483239006489,0.326751676099351
781189120,0.3257185220718384,811.334,267.39829041210936,-12.746658200090751,-0.1664096502499275,0.07146193087100983,-0.001953160623088479,-0.0168970488011837,87782.77683215468,1081994.0,0.0013850602527592805,0.0005619407500196623,0.0008231195027396183,1452.3409395973154,0.40343560695999703,0.596564393040003,82.60671140939597,0.9827791577320895,0.017220842267910715,56.8510067114094,0.6731500040027958,0.3268499959972042
782237696,0.3254926800727844,797.836,260.19148079843075,-14.11920149816759,-0.1576580399559264,0.0762328952550888,-0.0005949258338660002,-0.017093736678361893,87562.35862435216,1083311.0,0.0013848872350943312,0.0005618023808456298,0.0008230848542487014,1452.1595174262734,0.40338438495861045,0.5966156150413895,82.61394101876675,0.9827717764580153,0.017228223541984927,56.839142091152816,0.6730575330412192,0.32694246695878076
783286272,0.3258289694786072,768.794,248.90756557369744,-14.172271214397623,-0.1814262877043354,0.07947677373886108,-0.0013821558095514774,-0.016942985355854034,87486.32913461082,1084619.0,0.0013847031906107502,0.0005617294924326211,0.0008229736981781292,1451.966532797858,0.403388860786974,0.596611139213026,82.6091030789826,0.98274400341919,0.017255996580809986,56.8380187416332,0.6730649144274711,0.3269350855725288
784334848,0.3249754309654236,751.233,243.29351559684892,-13.115565293995664,-0.19581099112844494,0.08063805103302002,-0.0015578990569338202,-0.01694432646036148,87780.25563312057,1085987.0,0.0013845961361645376,0.000561646599183108,0.0008229495369814296,1451.8542780748662,0.4033616576785322,0.5966383423214678,82.6096256684492,0.9827026440949874,0.017297355905012562,56.831550802139034,0.6731163496508815,0.3268836503491184
785383424,0.32451850175857544,786.79,258.4786511527863,-15.493448654408335,-0.20996864629925427,0.08308911323547363,-0.00151257892139256,-0.016932422295212746,87413.83152642891,1087346.0,0.0013844779082070365,0.0005615652005408252,0.0008229127076662112,1451.7303070761016,0.4033388964076445,0.5966611035923555,82.59679572763685,0.9827257380281049,0.017274261971895057,56.837116154873165,0.6728961632312027,0.3271038367687972
786432000,0.32386547327041626,756.632,245.18042726522685,-14.686223664052784,-0.17227205068529566,0.08784398436546326,-0.002066351007670164,-0.01677953638136387,87705.70311777914,1088763.0,0.0013844337463378906,0.0005615310668945312,0.0008229026794433594,1451.684,0.4033299279614345,0.5966700720385655,82.59733333333334,0.9827327061203727,0.01726729387962731,56.833333333333336,0.6726903263715859,0.3273096736284141
787480576,0.32282763719558716,753.003,243.83001209465786,-14.206225128252488,-0.17420922752494528,0.08493643999099731,-0.0015936947893351316,-0.016945475712418556,87436.79038213429,1090153.0,0.001384355415516941,0.000561484325424174,0.000822871090092767,1451.601864181092,0.40332166214811477,0.5966783378518852,82.61118508655126,0.9827556985223428,0.0172443014776571,56.82157123834887,0.6725990831496086,0.32740091685039135
788529152,0.32294970750808716,748.959,243.75396715944632,-13.86143270463869,-0.16164442294134362,0.09020417928695679,-0.0020288049709051847,-0.016785716637969017,87460.20132823157,1091653.0,0.0013844167932550958,0.0005614744856002483,0.0008229423076548475,1451.6662234042553,0.4033004010725632,0.5966995989274367,82.61170212765957,0.982778629774308,0.017221370225692128,56.819148936170215,0.6724541859162134,0.3275458140837867
789577728,0.322099894285202,711.77,231.15776416000537,-14.029139313491061,-0.1760369200542601,0.0913906842470169,-0.0020569143816828728,-0.01695515401661396,87426.92481676073,1093066.0,0.0013843678224925817,0.0005615115324022918,0.0008228562900902899,1451.6148738379813,0.40334564264299716,0.5966543573570028,82.60159362549801,0.9827837931699154,0.017216206830084745,56.82602921646746,0.672289422185613,0.327710577814387
790626304,0.32209259271621704,733.036,239.84140841802304,-14.171308231093688,-0.19060931996484404,0.08577977865934372,-0.0014529088512063026,-0.016924791038036346,87390.58952205861,1094526.0,0.0013843784281682588,0.000561566188417632,0.0008228122397506268,1451.6259946949601,0.4033848085179119,0.5966151914820881,82.59681697612731,0.9828066263354724,0.017193373664527604,56.827586206896555,0.6721066547273042,0.32789334527269587
791674880,0.32447585463523865,745.828,241.83896290361997,-14.391054147146642,-0.19783226445796998,0.08151828497648239,-0.0017542431596666574,-0.017208566889166832,87476.84560525889,1095900.0,0.0013842803752974959,0.0005615600686989083,0.0008227203065985875,1451.523178807947,0.4034134861094139,0.596586513890586,82.60397350993378,0.9827691943198567,0.017230805680143523,56.82384105960265,0.6720013380887151,0.3279986619112849
792723456,0.3234618008136749,725.394,234.96348589538783,-13.253774524165317,-0.1457895286710735,0.08105649799108505,-0.002244743052870035,-0.01706165447831154,87475.01351997761,1097322.0,0.0013842431325761099,0.0005615325201125372,0.0008227106124635726,1451.484126984127,0.4034072965473845,0.5965927034526155,82.60846560846561,0.9827304630735247,0.01726953692647531,56.82010582010582,0.6718963000655721,0.3281036999344279
793772032,0.3242591619491577,751.769,243.00017855357657,-13.671506573148072,-0.16492947011155787,0.08142107725143433,-0.0016327938064932823,-0.017187172546982765,87551.40328015288,1098736.0,0.0013841959097898777,0.000561500005079544,0.0008226959047103338,1451.4346103038308,0.40340036649209854,0.5965996335079014,82.60369881109644,0.9827031114927879,0.017296888507212203,56.812417437252314,0.6716821753912036,0.3283178246087964
794820608,0.32246318459510803,738.913,239.5875725173126,-13.587515729144215,-0.18758805570262296,0.09156637638807297,-0.002374319126829505,-0.016809940338134766,87561.90187902708,1100221.0,0.0013842381399350933,0.0005615204179507132,0.0008227177219843802,1451.4788918205804,0.40340565282575996,0.5965943471742401,82.59366754617415,0.9826555700088485,0.01734442999115168,56.79551451187335,0.6714856649655256,0.3285143350344744
795869184,0.32248419523239136,727.559,238.23439226791496,-12.633098948678002,-0.20059359490714687,0.07970485091209412,-0.0018644125666469336,-0.016592513769865036,87568.97499277136,1101650.0,0.0013842098954795063,0.0005614993129323123,0.0008227105825471941,1451.4492753623188,0.40340153459545613,0.5965984654045439,82.57575757575758,0.9826784216952663,0.017321578304733826,56.78392621870883,0.6713695222361025,0.3286304777638976
796917760,0.3233831822872162,730.053,236.96350600702314,-13.83509203158319,-0.21195746882964864,0.08501729369163513,-0.002083010273054242,-0.01676671765744686,87478.91266540237,1103038.0,0.001384130277131733,0.0005614581860994038,0.0008226720910323293,1451.3657894736841,0.40339781727214113,0.5966021827278589,82.56973684210526,0.9826674750540343,0.017332524945965787,56.76578947368421,0.6712511351658407,0.32874886483415927
797966336,0.32361823320388794,758.239,245.361814826563,-14.75368608733639,-0.20188130664655937,0.0795346051454544,-0.001945083262398839,-0.01696641556918621,87557.19523911293,1104443.0,0.0013840721721874744,0.0005614146609813876,0.0008226575112060868,1451.3048620236532,0.4033858701401437,0.5966141298598563,82.58607095926412,0.9826487543938208,0.017351245606179268,56.7634691195795,0.6711097228510845,0.3288902771489155
799014912,0.32380056381225586,769.403,251.00958336130623,-14.666111383968964,-0.2566771193633608,0.08399610221385956,-0.0018518541473895311,-0.017146416008472443,87398.3175366685,1105844.0,0.0013840092135852403,0.0005613587346915498,0.0008226504788936905,1451.238845144357,0.40336606463557684,0.5966339353644231,82.56692913385827,0.9825557307081102,0.01744426929188985,56.74015748031496,0.6708346949490994,0.3291653050509006
800063488,0.3248068690299988,794.592,257.9243510119468,-15.068852021601051,-0.1482840171247463,0.08266235888004303,-0.002036287449300289,-0.017391830682754517,87463.19293446469,1107214.0,0.0013839076730870637,0.0005612804567829497,0.0008226272163041141,1451.132372214941,0.403340606629291,0.596659393370709,82.55570117955439,0.982543171392599,0.01745682860740117,56.737876802096984,0.6707418578652867,0.32925814213471327
801112064,0.32506421208381653,779.444,256.91250873308815,-13.436293391594198,-0.17737479226403274,0.07932311296463013,-0.0023709957022219896,-0.017590880393981934,87232.89494878483,1108547.0,0.001383760212603664,0.0005611711771700394,0.0008225890354336244,1450.9777486910996,0.40330461625541786,0.5966953837445821,82.52486910994764,0.9825216511354296,0.017478348864570475,56.723821989528794,0.670546828117341,0.329453171882659
802160640,0.3257582187652588,769.764,250.03679862025567,-13.023617929274216,-0.17295075570244328,0.08930282294750214,-0.0019432813860476017,-0.017557069659233093,87205.18393653084,1109879.0,0.0013836118910047744,0.0005610734029533037,0.0008225384880514706,1450.8222222222223,0.40327792117911393,0.5967220788208861,82.50588235294117,0.9825252752746605,0.017474724725339584,56.70326797385621,0.6702441844077025,0.32975581559229744
803209216,0.3248843252658844,777.612,253.76582758090274,-13.420036581551656,-0.1640038538385147,0.08743715286254883,-0.0014364675153046846,-0.017573166638612747,87535.24631922958,1111346.0,0.0013836320324292694,0.0005610281742583989,0.0008226038581708704,1450.8433420365536,0.40324267339508035,0.5967573266049196,82.49738903394255,0.9825137334146757,0.01748626658532437,56.699738903394255,0.6700219335142198,0.3299780664857801
804257792,0.3245639204978943,749.63,243.30985501235725,-13.593817778700963,-0.16727374089040792,0.08619524538516998,-0.002117740921676159,-0.01744832843542099,87409.5125566869,1112725.0,0.001383542703680762,0.0005609780899704358,0.0008225646137103264,1450.7496740547588,0.403235042025097,0.596764957974903,82.4954367666232,0.9825043395536074,0.017495660446392645,56.69752281616688,0.6699780504670875,0.33002194953291253
805306368,0.3242311179637909,745.978,245.24958037270977,-10.765275741158053,-0.15465692990042157,0.07943376898765564,-0.0015079658478498459,-0.017449505627155304,87586.8380779652,1114132.0,0.001383488376935323,0.000560892124970754,0.0008225962519645691,1450.6927083333333,0.4031902957933379,0.5968097042066621,82.45572916666667,0.9825020802973777,0.017497919702622298,56.67578125,0.6696916207138752,0.33030837928612483
806354944,0.3242300748825073,783.214,257.6181180826193,-13.246676716659218,-0.17181070420844108,0.07515637576580048,-0.0021606464870274067,-0.017359010875225067,87692.52095394417,1115471.0,0.0013833498613732068,0.0005607629783441868,0.0008225868830290201,1450.5474642392717,0.40313603504320294,0.5968639649567972,82.42132639791937,0.9824783919150478,0.01752160808495216,56.66189856957087,0.669442686056985,0.3305573139430152
807403520,0.32256338000297546,731.572,235.5972192637045,-12.651012275534653,-0.17596475706607567,0.0913035050034523,-0.0023359686601907015,-0.017009541392326355,87683.18321725735,1116948.0,0.0013833826238458806,0.0005607666907372413,0.0008226159331086394,1450.581818181818,0.40313213812706117,0.5968678618729389,82.41038961038961,0.9824660472151231,0.017533952784876933,56.63636363636363,0.6693454807433974,0.3306545192566027
808452096,0.3206499516963959,736.723,236.78358715511627,-14.231165476951748,-0.20181808091416326,0.08801457285881042,-0.0015904686879366636,-0.016598960384726524,87354.15775978162,1118487.0,0.001383491991095042,0.0005608421355369953,0.0008226498555580466,1450.6964980544747,0.40315622407522134,0.5968437759247787,82.41245136186771,0.982442467016771,0.017557532983228957,56.63035019455253,0.669125836799502,0.3308741632004982
809500672,0.32224375009536743,720.014,226.8556995903235,-14.969982895147055,-0.2149166579401521,0.08493606746196747,-0.002554406877607107,-0.016684655100107193,87341.73323217317,1119886.0,0.0013834281288898052,0.0005608617950597576,0.0008225663338300478,1450.6295336787564,0.40319324574736204,0.596806754252638,82.41450777202073,0.9823264238507612,0.017673576149238836,56.59455958549223,0.6689737620600349,0.3310262379399651
810549248,0.32348573207855225,758.89,245.44292911716644,-13.852646669610461,-0.18925301821342122,0.08213712275028229,-0.0025089357513934374,-0.017024993896484375,87639.40578130202,1121278.0,0.0013833557957973702,0.0005608123147626435,0.0008225434810347267,1450.5536869340233,0.4031809364526301,0.59681906354737,82.40750323415266,0.9822988850890383,0.017701114910961737,56.58344113842173,0.6689168749163609,0.33108312508363913
811597824,0.3236377537250519,732.68,240.5373169202581,-12.013934244116768,-0.18842535095686055,0.08061742782592773,-0.0018839554395526648,-0.016938764601945877,87746.83846584396,1122678.0,0.0013832935067110282,0.0005607494088106377,0.0008225440979003906,1450.4883720930231,0.40315560117112975,0.5968443988288703,82.3733850129199,0.9822986835025446,0.01770131649745551,56.55038759689923,0.6688028287747252,0.3311971712252748
812646400,0.32445773482322693,746.925,242.555214168014,-12.204223526387475,-0.1706697863924162,0.07458886504173279,-0.0017494438216090202,-0.016911223530769348,87556.6583656745,1124027.0,0.0013831686204479586,0.000560638673843876,0.0008225299466040827,1450.3574193548386,0.4031117389018456,0.5968882610981544,82.35741935483871,0.9822846575514813,0.0177153424485187,56.513548387096776,0.6688154334196241,0.33118456658037587
813694976,0.3241617977619171,763.286,246.43915719058842,-15.29521403260529,-0.24221543225752176,0.08169785887002945,-0.002066423185169697,-0.016921741887927055,87313.4728803608,1125417.0,0.0013830944434883668,0.0005606044199048858,0.000822490023583481,1450.2796391752577,0.40311143730254134,0.5968885626974587,82.37371134020619,0.9823074866010284,0.01769251339897164,56.498711340206185,0.6685835693158474,0.3314164306841526
814743552,0.3254840075969696,771.301,248.49589066713023,-15.638126869484783,-0.24049878213241282,0.08432354032993317,-0.0025402826722711325,-0.017065836116671562,87193.88042435414,1126800.0,0.0013830118657999517,0.0005605395696338079,0.0008224722961661438,1450.19305019305,0.4030904962023559,0.5969095037976442,82.38352638352639,0.9822873568456432,0.01771264315435692,56.48391248391248,0.6684667021452707,0.3315332978547293
815792128,0.32412612438201904,769.218,248.45939246326125,-14.458051341867074,-0.1680202398104367,0.08573616296052933,-0.0023191594518721104,-0.016876135021448135,87806.87832247591,1128206.0,0.0013829576938501668,0.0005604994021222034,0.0008224582917279634,1450.1362467866325,0.40307975885775804,0.596920241142242,82.41131105398458,0.9822483282082106,0.01775167179178952,56.46786632390746,0.6683670136989518,0.33163298630104826
816840704,0.32325631380081177,771.85,251.7700838595461,-14.509645007696003,-0.22858132419781657,0.07762985676527023,-0.0017819037893787026,-0.016774319112300873,87742.15743641435,1129640.0,0.0013829379393904444,0.0005604201624114951,0.0008225177769789494,1450.1155327342747,0.40303050895739045,0.5969694910426095,82.3992297817715,0.9822183613036929,0.01778163869630707,56.458279845956355,0.6681377825111063,0.33186221748889366
817889280,0.323608934879303,749.573,245.20211792538547,-14.091259697377682,-0.19856172899723387,0.08664286136627197,-0.001870609587058425,-0.01666891947388649,87475.01351997761,1131036.0,0.0013828717745267428,0.0005603802509796925,0.0008224915235470503,1450.0461538461539,0.4030235012150272,0.5969764987849727,82.39102564102564,0.9822411582763805,0.0177588417236195,56.444871794871794,0.6679779626115658,0.3320220373884341
818937856,0.32266131043434143,731.739,236.70409938649274,-12.986691314132884,-0.16634178434741761,0.0882778987288475,-0.002259128959849477,-0.016763320192694664,87615.61779690647,1132487.0,0.001382872939262439,0.0005603685269129872,0.0008225044123494518,1450.0473751600512,0.40301751205636227,0.5969824879436377,82.40973111395647,0.982250696769816,0.017749303230184026,56.42381562099872,0.6677948922369032,0.33220510776309686
819986432,0.3226671814918518,737.514,240.26766116979556,-13.043067121231928,-0.21518300929610035,0.08409346640110016,-0.0014485791325569153,-0.016708923503756523,87529.87708817648,1133910.0,0.0013828399541128016,0.0005603446375073679,0.0008224953166054338,1450.012787723785,0.4030125749708344,0.5969874250291656,82.38874680306905,0.9822733940885247,0.01772660591147535,56.40920716112532,0.667622946509405,0.332377053490595
821035008,0.32328280806541443,767.667,247.49637719293685,-15.205840221330524,-0.1834767114075845,0.08490543067455292,-0.0022252299822866917,-0.016978535801172256,87250.61078459708,1135296.0,0.0013827619881465517,0.0005603147192476353,0.0008224472688989164,1449.9310344827586,0.4030166520222189,0.5969833479777811,82.40229885057471,0.982241102713331,0.017758897286669087,56.3882503192848,0.6674088686722283,0.33259113132777174
822083584,0.32411378622055054,730.877,238.22400927969184,-13.05480293239234,-0.17176304205218976,0.08257188647985458,-0.0021460126154124737,-0.017257537692785263,87534.43793083834,1136716.0,0.001382725579398019,0.0005602909594166035,0.0008224346199814154,1449.892857142857,0.4030128042517824,0.5969871957482176,82.40433673469387,0.9821878311415999,0.017812168858400132,56.360969387755105,0.6672864448237031,0.33271355517629686
823132160,0.3254844844341278,774.009,249.79159406185894,-14.129761453703978,-0.14978982364480856,0.08732467144727707,-0.001766953500919044,-0.017465589568018913,87773.43563076042,1138090.0,0.0013826333793105594,0.0005602514667875448,0.0008223819125230146,1449.7961783439491,0.40301397282089396,0.596986027179106,82.42802547770701,0.9821600708976029,0.017839929102397126,56.34649681528663,0.6671441124806864,0.3328558875193136
824180736,0.3243527114391327,727.982,235.6058214045819,-12.82828839009255,-0.1904369005070295,0.0846957117319107,-0.0020611747168004513,-0.01740451157093048,87748.27928709007,1139523.0,0.0013826130000689557,0.0005602278478879662,0.0008223851521809896,1449.7748091603053,0.4030055215184853,0.5969944784815147,82.42493638676845,0.9821827680084202,0.017817231991579828,56.32824427480916,0.6672646731033633,0.33273532689663665
825229312,0.32686668634414673,763.573,251.84432340989076,-12.228066998552066,-0.17354099176764332,0.07952580600976944,-0.0020050969906151295,-0.017592784017324448,87556.29754858895,1140847.0,0.001382460588118324,0.0005601230994567483,0.0008223374886615759,1449.6149936467598,0.4029742550255022,0.5970257449744977,82.42312579415501,0.9822054074391592,0.017794592560840844,56.29860228716645,0.6669558773614815,0.3330441226385184
826277888,0.3262255787849426,741.21,239.9782582305409,-13.80623328591138,-0.2076326264442316,0.07805723696947098,-0.002196100540459156,-0.01769101619720459,87619.1349860303,1142205.0,0.001382349711384265,0.0005600754984744309,0.0008222742129098341,1449.498730964467,0.4029749661355208,0.5970250338644791,82.43908629441624,0.982187914603109,0.017812085396891074,56.28172588832487,0.6669358353733295,0.3330641646266705
827326464,0.3248961567878723,753.368,247.99790920988283,-12.382148507822304,-0.17838110308361851,0.08042863011360168,-0.001904767588712275,-0.017501024529337883,87551.29173625275,1143619.0,0.0013823068036174894,0.0005599941741982038,0.0008223126294192856,1449.4537389100126,0.40293032240254856,0.5970696775974514,82.40177439797212,0.9821865764039562,0.017813423596043685,56.26235741444867,0.6668942770794006,0.3331057229205994
828375040,0.3239496946334839,744.687,241.59563545258158,-13.058557918392122,-0.16554980091890195,0.08145808428525925,-0.0016644177958369255,-0.01722140796482563,87949.48799369202,1144995.0,0.00138221813153617,0.0005599323707290842,0.0008222857608070856,1449.360759493671,0.40291336615105283,0.5970866338489471,82.41012658227848,0.9821949023135005,0.01780509768649955,56.24936708860759,0.666765572160698,0.33323442783930196
829423616,0.32450592517852783,788.213,257.51189616328196,-13.876671206910164,-0.173478359935622,0.07921113818883896,-0.0021243696101009846,-0.017331212759017944,87469.76649049194,1146387.0,0.0013821489741618353,0.0005598478160525393,0.000822301158109296,1449.2882427307206,0.40287353641631946,0.5971264635836805,82.40328697850822,0.9822009934445995,0.01779900655540033,56.24146649810367,0.6666053122717464,0.33339468772825354
830472192,0.3240138292312622,720.731,234.8299167360384,-11.250703355930597,-0.188151426504688,0.08099417388439178,-0.0020220992155373096,-0.017444537952542305,87806.43480004932,1147817.0,0.0013821257485283746,0.000559824885744037,0.0008223008627843376,1449.263888888889,0.40286637639206,0.59713362360794,82.41792929292929,0.9821966025491585,0.01780339745084134,56.22853535353536,0.6665047456170334,0.3334952543829665
831520768,0.32375335693359375,763.564,247.9880355676785,-14.169092697057874,-0.2026528944456743,0.08614034950733185,-0.0023974215146154165,-0.017398100346326828,87558.9383800832,1149242.0,0.0013820965683926248,0.0005597984054199834,0.0008222981629726415,1449.233291298865,0.4028583371129656,0.5971416628870344,82.4312736443884,0.9821512557100548,0.017848744289945217,56.23076923076923,0.6665121971271046,0.3334878028728953
832569344,0.3254130482673645,768.305,250.7953619669329,-12.810914075054228,-0.19851247762428312,0.07647089660167694,-0.0017971951747313142,-0.017481379210948944,87523.93720743324,1150555.0,0.0013819329384292102,0.0005596578871873524,0.0008222750512418579,1449.0617128463475,0.4028017886692596,0.5971982113307405,82.41939546599497,0.9821564825540761,0.017843517445923857,56.21662468513854,0.6664564163022874,0.3335435836977126
833617920,0.3262680768966675,764.933,250.6266886892244,-12.94331794034969,-0.1841759405614377,0.08036722242832184,-0.002318884013220668,-0.017807727679610252,87413.50837071888,1151865.0,0.001381766121342497,0.0005595477122180867,0.0008222184091244103,1448.8867924528302,0.4027704186148578,0.5972295813851421,82.40377358490566,0.9821789272301087,0.01782107276989125,56.2,0.6662031582680328,0.33379684173196733
834666496,0.3270941972732544,745.701,243.29748637549207,-11.806196725837886,-0.20485797394735664,0.07785095274448395,-0.0017623663879930973,-0.01790861412882805,87605.79909007659,1153124.0,0.0013815386211452772,0.0005594222389872949,0.0008221163821579822,1448.6482412060302,0.4027453848309301,0.59725461516907,82.39321608040201,0.9822013155124829,0.01779868448751701,56.17713567839196,0.6661596605156462,0.3338403394843538
835715072,0.3266928493976593,825.736,272.1348236549748,-14.362960506677627,-0.17273666114254674,0.06997920572757721,-0.001786168897524476,-0.017728988081216812,87440.0011687173,1154429.0,0.0013813667345226484,0.0005592133200153653,0.0008221534145072832,1448.4680050188206,0.40263617959558456,0.5973638204044155,82.35884567126725,0.9822008347926657,0.0177991652073342,56.17189460476788,0.6659994370249886,0.3340005629750114
836763648,0.3245581388473511,775.821,254.41083499078826,-13.576192631683778,-0.16104384107699513,0.07989951968193054,-0.0017987649189308286,-0.01748010702431202,87568.49376862578,1155785.0,0.0013812562278040072,0.0005591124819036116,0.0008221437459003955,1448.3521303258146,0.40259554088641153,0.5974044591135884,82.3609022556391,0.9822082212629698,0.01779177873703023,56.161654135338345,0.665843631548349,0.33415636845165086
837812224,0.32450419664382935,792.087,260.2157421296403,-13.50828383488953,-0.17954336193436746,0.0797976553440094,-0.0015653595328330994,-0.017222028225660324,87272.51242591266,1157152.0,0.0013811591271315708,0.0005589916052597485,0.0008221675218718222,1448.250312891114,0.4025357110658588,0.5974642889341412,82.32665832290363,0.9821622216687164,0.017837778331283576,56.141426783479346,0.66566735666531,0.33433264333469004
838860800,0.32275062799453735,735.718,237.10329134478047,-13.971724834486842,-0.21009466000493354,0.08858320116996765,-0.0010567069984972477,-0.017002224922180176,87895.97158324112,1158547.0,0.0013810956478118896,0.0005589437484741211,0.0008221518993377686,1448.18375,0.4025217887388546,0.5974782112611454,82.31875,0.9821680715232094,0.017831928476790524,56.1225,0.6656584432011856,0.33434155679881444
839909376,0.32186129689216614,752.626,247.18613866893202,-13.07144942278415,-0.2085058812518947,0.0838274210691452,-0.0014785301173105836,-0.016843218356370926,87613.9282501311,1160005.0,0.001381107335084684,0.0005589269669017244,0.0008221803681829598,1448.1960049937577,0.40250905023127803,0.597490949768722,82.3096129837703,0.9821237501688318,0.017876249831168232,56.111111111111114,0.665438347394602,0.3345616526053981
840957952,0.3229132294654846,744.092,238.3563367480859,-14.490474344905467,-0.21254305912679677,0.083624929189682,-0.0020356320310384035,-0.017005372792482376,87780.2293531428,1161349.0,0.0013809834335212993,0.00055886385149492,0.0008221195820263794,1448.06608478803,0.40250165413492034,0.5974983458650797,82.3067331670823,0.9821148676873245,0.0178851323126755,56.082294264339154,0.6653643103106444,0.3346356896893557
842006528,0.32322317361831665,741.768,238.59256019559595,-13.256962181614712,-0.16098714376305048,0.084745392203331,-0.0010791453532874584,-0.017251648008823395,87547.62488879001,1162701.0,0.001380869341668572,0.0005587913921731495,0.0008220779494954224,1447.9464508094645,0.40248398533707785,0.5975160146629221,82.31133250311332,0.9821371405793702,0.017862859420629828,56.06351183063512,0.6653558075398538,0.33464419246014615
843055104,0.3255504071712494,754.888,242.84402364862711,-14.520439410988242,-0.17749209475893576,0.0832463800907135,-0.0018246317049488425,-0.017486555501818657,87836.18702598943,1164020.0,0.001380716390277616,0.0005587072514775974,0.0008220091388000184,1447.7860696517414,0.40246901434607046,0.5975309856539296,82.30223880597015,0.9821261905703578,0.017873809429642312,56.048507462686565,0.6652632121211588,0.33473678787884115
844103680,0.32608771324157715,735.474,238.54679772832245,-13.251162497736514,-0.18105280493058348,0.07911351323127747,-0.0011865939013659954,-0.017739932984113693,87116.37356920347,1165359.0,0.0013805875126619517,0.000558613842318517,0.0008219736703434346,1447.6509316770187,0.40243941405085676,0.5975605859491432,82.28944099378882,0.9820966342259639,0.017903365774036135,56.036024844720494,0.6651389315984051,0.33486106840159496
845152256,0.32531821727752686,769.461,253.1747774854931,-13.935428018856793,-0.18533382270713616,0.07954800128936768,-0.0014304176438599825,-0.01754855364561081,87614.81665038432,1166720.0,0.0013804849856544664,0.0005585537950690863,0.0008219311905853802,1447.5434243176178,0.4024278183929027,0.5975721816070972,82.2741935483871,0.9820833984160415,0.017916601583958455,56.026054590570716,0.6649598923946022,0.33504010760539776
846200832,0.32515931129455566,738.743,238.9322699255608,-12.676871329583228,-0.16298926351710025,0.08287385106086731,-0.0015121172182261944,-0.017574407160282135,87281.88414597504,1168089.0,0.0013803921667616607,0.0005584797156049121,0.0008219124511567485,1447.4460966542752,0.40240254312764256,0.5975974568723574,82.27013630731103,0.9820428577595255,0.017957142240474497,56.01363073110285,0.6648362957389761,0.3351637042610238
847249408,0.32543808221817017,773.443,249.91915779491143,-13.982454896135721,-0.1587374555144727,0.07775944471359253,-0.0009766040602698922,-0.017823005095124245,87553.82071544093,1169446.0,0.0013802854141386428,0.0005584329661756459,0.000821852447962997,1447.3341584158416,0.402402488176943,0.597597511823057,82.2871287128713,0.9820650819454667,0.01793491805453332,56.00247524752475,0.6646717890531816,0.33532821094681836
848297984,0.32402950525283813,779.128,252.40839066406153,-14.391073862997816,-0.18656038520689158,0.07981348037719727,-0.0018236872274428606,-0.01761452481150627,87506.79794293153,1170902.0,0.001380295629701744,0.000558379259333475,0.000821916370368269,1447.344870210136,0.4023635223335588,0.5976364776664411,82.283065512979,0.9820716044302708,0.017928395569729322,56.00988875154512,0.6644283652539612,0.3355716347460388
849346560,0.3248941898345947,784.083,255.7680313469502,-14.389008736532181,-0.17714468356949614,0.08516886830329895,-0.0019904496148228645,-0.017841605469584465,87481.09988843593,1172282.0,0.0013802163394880883,0.0005583056697139034,0.000821910669774185,1447.2617283950617,0.40233466058653766,0.5976653394134623,82.27777777777777,0.9820620826647506,0.01793791733524944,55.98888888888889,0.6641145727169271,0.33588542728307275
850395136,0.3237307071685791,761.082,244.71581990970392,-14.386124317463487,-0.1800917136654849,0.07929989695549011,-0.0016545591643080115,-0.017597094178199768,87299.31143850852,1173726.0,0.0013802125039435785,0.0005583004651616446,0.000821912038781934,1447.2577065351418,0.40233468513653836,0.5976653148634617,82.30702836004932,0.9820144058999544,0.017985594100045566,55.9790382244143,0.6638865235109466,0.3361134764890534
851443712,0.32562369108200073,742.464,242.1692117526443,-13.301145501065534,-0.20850597930776155,0.077810138463974,-0.0018458914710208774,-0.01783829741179943,87460.21524220546,1175087.0,0.0013801111963582155,0.0005582482943981152,0.0008218629019601005,1447.1514778325122,0.40232873335297686,0.5976712666470232,82.29926108374384,0.9819879427347938,0.018012057265206254,55.96305418719212,0.6635558120746146,0.33644418792538544
852492288,0.3259422183036804,772.168,250.91273410253507,-13.05667547854688,-0.19063189328830374,0.07652467489242554,-0.0016500153578817844,-0.01790205016732216,87626.83538680074,1176432.0,0.0013799913694937732,0.0005581845216645526,0.0008218068478292205,1447.0258302583027,0.40231946743130464,0.5976805325686954,82.29151291512915,0.98186443843545,0.018135561564549884,55.953259532595325,0.663482762695269,0.33651723730473104
853540864,0.32571035623550415,733.575,237.23024850675162,-12.04662050203886,-0.1836837935920846,0.0812750905752182,-0.0016538113122805953,-0.01784564182162285,87658.16942387028,1177810.0,0.0013799104995165176,0.0005581560533228319,0.0008217544461936857,1446.941031941032,0.4023253547639055,0.5976746452360945,82.28624078624078,0.9818552179636116,0.018144782036388307,55.92260442260442,0.6634602547439511,0.3365397452560488
854589440,0.32583022117614746,789.671,256.0310628645071,-13.702151134070009,-0.22401967358734,0.07372793555259705,-0.0013321747537702322,-0.017986152321100235,87522.52290305676,1179137.0,0.0013797701502138852,0.0005580223411138803,0.0008217478091000048,1446.7938650306749,0.40226720824976847,0.5977327917502315,82.2723926380368,0.981842918292387,0.018157081707612995,55.89079754601227,0.663177890423202,0.33682210957679803
855638016,0.32604914903640747,787.155,257.36040458302574,-13.663934932333126,-0.18713368813277118,0.07691442221403122,-0.002168955747038126,-0.01793203130364418,87471.76014836709,1180465.0,0.0013796313136231666,0.0005579123310014314,0.0008217189826217352,1446.6482843137255,0.4022273328912059,0.5977726671087942,82.27941176470588,0.9818373175680982,0.01816268243190179,55.86764705882353,0.6629613568399462,0.33703864316005383
856686592,0.32618921995162964,807.894,264.86377422002704,-15.149597886152565,-0.2079467760615727,0.06699228286743164,-0.0009951634565368295,-0.017999155446887016,87579.04704219534,1181808.0,0.0013795103262220778,0.000557761735110709,0.0008217485911113688,1446.5214198286415,0.4021506021863015,0.5978493978136985,82.265605875153,0.981842309214842,0.018157690785158036,55.85189718482252,0.6624345475164394,0.3375654524835606
857735168,0.3242872357368469,782.541,254.02441566501184,-14.172157842949964,-0.15752590971367936,0.07834868133068085,-0.0012561086332425475,-0.017929192632436752,87232.70116483184,1183191.0,0.0013794362690746056,0.0005576663028931559,0.0008217699661814496,1446.4437652811737,0.4021035991235931,0.5978964008764068,82.27261613691931,0.9818367229288492,0.018163277071150844,55.83863080684596,0.6621137228862237,0.3378862771137763
858783744,0.325000137090683,788.207,261.23670474352036,-13.991797387965024,-0.2074160094453382,0.07542139291763306,-0.0015640765195712447,-0.01779818721115589,87526.10229639357,1184556.0,0.0013793414328997825,0.0005575536371587397,0.0008217877957410428,1446.3443223443223,0.402049149255932,0.597950850744068,82.23687423687424,0.9818128247945568,0.018187175205443218,55.81318681318681,0.6617587959613669,0.3382412040386331
859832320,0.32561278343200684,779.987,253.77850210795737,-14.100453687213362,-0.1598263401273521,0.08153983950614929,-0.0016603615367785096,-0.01776212453842163,87800.01386866208,1185838.0,0.0013791502975836034,0.0005574389201838796,0.0008217113773997237,1446.1439024390245,0.40202115659074983,0.5979788434092502,82.23658536585366,0.9818201321765742,0.01817986782342587,55.797560975609755,0.6614055450190431,0.3385944549809569
860880896,0.32658785581588745,825.255,271.6909620801657,-14.282086484299041,-0.17324443222386643,0.07523125410079956,-0.0017861369997262955,-0.017965752631425858,87515.87001543392,1187117.0,0.00137895614308068,0.0005572780186308141,0.0008216781244498658,1445.9403166869672,0.40195622208775567,0.5980437779122444,82.23629719853837,0.9818422757427415,0.018157724257258482,55.788063337393424,0.6611581976235672,0.33884180237643274
861929472,0.32625317573547363,805.504,262.79157947627874,-14.315083984568716,-0.19035999182616173,0.07530730217695236,-0.00048267599777318537,-0.017964791506528854,87383.21184593871,1188472.0,0.0013788506352408378,0.000557168556825958,0.0008216820784148799,1445.8296836982968,0.40190715565727925,0.5980928443427207,82.24695863746959,0.9818643654316189,0.018135634568381038,55.776155717761554,0.6609621414220788,0.3390378585779213
862978048,0.3257765769958496,797.879,259.30335825848954,-13.530545690095051,-0.19912195916474001,0.08092829585075378,-0.0015003912849351764,-0.01787787489593029,87375.55420168366,1189861.0,0.0013787847822520742,0.0005570929655907076,0.0008216918166613666,1445.760631834751,0.4018728214559841,0.5981271785440159,82.2685297691373,0.9818742507713133,0.01812574922868677,55.77035236938032,0.6607546492434752,0.3392453507565248
864026624,0.3252052664756775,729.238,235.77843294321931,-12.697803077320218,-0.22390158435664914,0.0832369327545166,-0.0016274413792416453,-0.01770339347422123,87816.28626065435,1191274.0,0.0013787468660224989,0.0005570742690447465,0.0008216725969777524,1445.7208737864078,0.40187295346809315,0.5981270465319068,82.26941747572816,0.9818523832602882,0.01814761673971173,55.75728155339806,0.660653949156745,0.3393460508432551
865075200,0.32354992628097534,754.429,242.83088911274447,-12.758137717410921,-0.20180728970659284,0.0846724659204483,-0.0012879190035164356,-0.017433706670999527,87604.80268240758,1192719.0,0.0013787460327148438,0.0005570475260416667,0.0008216985066731771,1445.72,0.40185642297191076,0.5981435770280893,82.2739393939394,0.9818461915060898,0.018153808493910246,55.74181818181818,0.660304178337471,0.3396958216625289
866123776,0.32355421781539917,732.863,237.10896711016446,-12.320663011124358,-0.17748032969642408,0.08928835391998291,-0.0010808687657117844,-0.017339937388896942,87776.88316453593,1194155.0,0.0013787348103003697,0.0005570554848733306,0.0008216793254270392,1445.7082324455205,0.40186817050896584,0.5981318294910342,82.29418886198548,0.9818559406566866,0.018144059343313517,55.7179176755448,0.6603118811078454,0.33968811889215456
867172352,0.324308842420578,777.512,254.0435810071407,-13.327297876889817,-0.1909370239156525,0.09175078570842743,-0.001103001763112843,-0.01763841323554516,87381.63888995736,1195563.0,0.0013786913261736463,0.0005569965404063066,0.0008216947857673396,1445.6626360338573,0.4018399757881129,0.5981600242118871,82.27811366384522,0.9818253067975254,0.018174693202474643,55.70616686819831,0.660144320345242,0.33985567965475805
868220928,0.3236897587776184,749.112,244.2815598757714,-13.626802506254986,-0.19228712835272296,0.0867527425289154,-0.0023274365812540054,-0.017625167965888977,87497.92445507503,1197006.0,0.0013786882594011831,0.0005569918720042648,0.0008216963873969184,1445.659420289855,0.4018400970757365,0.5981599029242635,82.27777777777777,0.9818030716856277,0.018196928314372206,55.69685990338164,0.6599509093303323,0.34004909066966776
869269504,0.3235735595226288,709.412,229.31759337466676,-11.887739741532364,-0.2167296218549777,0.0880456417798996,-0.0014299910981208086,-0.01744464784860611,87502.21734807618,1198420.0,0.0013786518386822413,0.000556992966821024,0.0008216588718612174,1445.6212303980699,0.4018544274090865,0.5981455725909135,82.27382388419782,0.9817944835946968,0.018205516405303244,55.674306393244876,0.6598394698348403,0.3401605301651597
870318080,0.3254188299179077,767.119,251.31454822279233,-13.746667647197842,-0.1792667622599787,0.08498185127973557,-0.0013846458168700337,-0.017587505280971527,87657.23122563105,1199800.0,0.0013785764395472515,0.0005569549928228539,0.0008216214467243976,1445.5421686746988,0.40185132010174884,0.5981486798982512,82.25783132530121,0.9818164179518116,0.018183582048188422,55.665060240963854,0.6594460889474891,0.3405539110525108
871366656,0.32453805208206177,729.462,238.91424116178788,-12.678216400867328,-0.19157958409712708,0.08293484151363373,-0.0018494029063731432,-0.0177212692797184,87465.02278519297,1201187.0,0.0013785092552359498,0.0005569171102181812,0.0008215921450177685,1445.4717208182913,0.401845795377165,0.5981542046228349,82.24789410348977,0.9818382995186565,0.01816170048134343,55.647412755716005,0.659327592582638,0.3406724074173621
872415232,0.3256756663322449,799.583,264.25983815231314,-14.310651872031391,-0.19002043064558188,0.07519238442182541,-0.0025726500898599625,-0.01791447401046753,87662.94109294041,1202492.0,0.001378348240485558,0.0005567864729807927,0.0008215617675047654,1445.3028846153845,0.4017956841527995,0.5982043158472006,82.2295673076923,0.9818242501847776,0.018175749815222412,55.63341346153846,0.6589721944709235,0.3410278055290764
873463808,0.3248750567436218,788.205,257.5514624307193,-13.497125133836642,-0.16309357346885697,0.07800070941448212,-0.0010829337406903505,-0.017850028350949287,87505.83860723535,1203918.0,0.0013783261412475146,0.000556705378684677,0.0008216207625628376,1445.2797118847539,0.40174520619533155,0.5982547938046684,82.24129651860744,0.981793875021447,0.018206124978552958,55.61704681872749,0.6588385172238024,0.3411614827761975
874512384,0.3252629041671753,750.984,246.44532221048325,-12.56478479422629,-0.19777432727747626,0.07557527720928192,-0.001953327329829335,-0.017735667526721954,87881.80671622112,1205261.0,0.0013782091849713588,0.0005566061829491485,0.0008216030020222104,1445.1570743405275,0.401707222751629,0.5982927772483709,82.21223021582733,0.9818157049075125,0.018184295092487545,55.6031175059952,0.6586753142927515,0.34132468570724844
875560960,0.324571818113327,770.09,251.32819312395247,-13.904153339389246,-0.19483112321304533,0.07874952256679535,-0.0014182416489347816,-0.01752653531730175,87521.84886028076,1206651.0,0.0013781461887016982,0.0005565460570558103,0.0008216001316458879,1445.0910179640719,0.4016836385189794,0.5983163614810205,82.21796407185629,0.9818099513618183,0.018190048638181723,55.58562874251497,0.6583830494209535,0.34161695057904645
876609536,0.3231146037578583,801.838,262.32504937276246,-14.264988954255358,-0.1517284784277994,0.08111592382192612,-0.0017764465883374214,-0.017626821994781494,87302.69583236662,1208069.0,0.0013781152843858637,0.0005564780896930603,0.0008216371946928034,1445.0586124401914,0.40164518267830157,0.5983548173216985,82.23564593301435,0.9818193781205357,0.01818062187946442,55.59090909090909,0.6583132132374356,0.3416867867625643
877658112,0.324453204870224,801.03,263.0110419121226,-15.450094961114228,-0.19818475555305215,0.07850934565067291,-0.0020774067379534245,-0.017745740711688995,87450.32004637402,1209433.0,0.0013780229265402152,0.0005563931937998198,0.0008216297327403954,1444.9617682198327,0.4016111587508785,0.5983888412491215,82.22222222222223,0.9818410992936294,0.018158900706370676,55.587813620071685,0.6580226291590429,0.3419773708409571
878706688,0.3243461549282074,737.821,240.8216957893856,-13.436796798616648,-0.18826707628223813,0.08071237057447433,-0.0011341286590322852,-0.017944034188985825,87661.69876657428,1210793.0,0.001377926236974311,0.0005563471937520976,0.0008215790432222134,1444.8603818615752,0.40160835868778966,0.5983916413122103,82.22434367541766,0.9818627686262145,0.018137231373785506,55.56085918854415,0.6578521385695351,0.34214786143046494
879755264,0.32397738099098206,760.578,250.37007573469916,-12.943226148363204,-0.21946416324355156,0.07811833918094635,-0.001964219845831394,-0.017881885170936584,87142.7072579894,1212199.0,0.0013778820651648865,0.0005562774330839355,0.0008216046320809511,1444.814064362336,0.4015721937821366,0.5984278062178634,82.20381406436233,0.981811038912073,0.018188961087926957,55.539928486293206,0.6576012640552121,0.34239873594478787
880803840,0.32324540615081787,760.061,248.75001536602156,-13.17636203512922,-0.17603990259316327,0.08075320720672607,-0.001418020110577345,-0.017824549227952957,87468.83753958928,1213612.0,0.001377845945812407,0.0005562384923299154,0.0008216074534824916,1444.7761904761905,0.4015566733512616,0.5984433266487384,82.18571428571428,0.9817793875331265,0.018220612466873454,55.535714285714285,0.6574136435027654,0.3425863564972345
881852416,0.32312899827957153,778.451,251.93508552798303,-13.637353223363869,-0.16013226391514243,0.08451224863529205,-0.0012291998136788607,-0.01783609390258789,87361.58606090913,1215001.0,0.001377782696917848,0.0005561724287434509,0.0008216102681743971,1444.7098692033294,0.4015286270838036,0.5984713729161965,82.1961950059453,0.981735719943973,0.01826428005602706,55.5077288941736,0.6574122598600749,0.3425877401399251
882900992,0.3253759741783142,746.638,241.79820291134158,-12.907536165803672,-0.19057709176304366,0.07451292872428894,-0.0006918946746736765,-0.01816234178841114,87296.1750865663,1216348.0,0.0013776720278053556,0.0005561053894477899,0.0008215666383575657,1444.5938242280286,0.40151376246807274,0.5984862375319273,82.18646080760095,0.9817253128810621,0.018274687118937982,55.4833729216152,0.6573440742782933,0.3426559257217066
883949568,0.3251774311065674,770.225,248.6076438594088,-12.619063121062704,-0.1760519436473856,0.07563423365354538,-0.0018246041145175695,-0.018169544637203217,87303.72697225281,1217699.0,0.0013775661463980714,0.0005559943890373619,0.0008215717573607095,1444.482799525504,0.40146332305621013,0.5985366769437899,82.17319098457888,0.9817135758383982,0.018286424161601766,55.45314353499407,0.6571574265033487,0.3428425734966512
884998144,0.3246023654937744,780.833,256.58518785806,-13.918932129930704,-0.22163040181274238,0.08198179304599762,-0.0017097395611926913,-0.017974894493818283,87591.52348277422,1219066.0,0.0013774785950285563,0.0005559073805244048,0.0008215712145041515,1444.3909952606634,0.4014262262529067,0.5985737737470933,82.15521327014218,0.9817352422177366,0.018264757782263375,55.43838862559242,0.6569298895988066,0.34307011040119334
886046720,0.3251350522041321,795.269,258.5432810678277,-14.291682818390429,-0.2212406022774738,0.07955674827098846,-0.0014664304908365011,-0.018080830574035645,87602.72617884376,1220419.0,0.001377375450359999,0.0005558341212526581,0.000821541329107341,1444.2828402366863,0.4014042460081556,0.5985957539918444,82.14674556213018,0.9817252991302995,0.01827470086970054,55.4189349112426,0.6566986571395637,0.3433013428604364
887095296,0.3258359432220459,759.828,247.1149104859291,-12.556419775557703,-0.1777813228436646,0.0835811048746109,-0.0016917967004701495,-0.018061934038996696,87638.1361806114,1221792.0,0.0013772950950243794,0.0005557610351706791,0.0008215340598537003,1444.1985815602836,0.4013757256675706,0.5986242743324294,82.14066193853428,0.9817008471940213,0.018299152805978717,55.40425531914894,0.6565821569950532,0.3434178430049469
888143872,0.32582321763038635,756.383,247.4919079991635,-11.609659962901846,-0.17480726360104956,0.08001968264579773,-0.0018640346825122833,-0.018020009621977806,87579.18307256865,1223168.0,0.0013772183072609208,0.0005556757362843123,0.0008215425709766086,1444.1180637544273,0.4013368633023499,0.5986631366976501,82.13459268004722,0.9816917859506116,0.018308214049388455,55.378984651711924,0.6565709133900169,0.343429086609983
889192448,0.3244291841983795,708.81,228.1244224530207,-12.003247573156841,-0.21825394271822451,0.07899076491594315,-0.0010640741093084216,-0.01800220087170601,87584.62288983383,1224613.0,0.00137721929910048,0.0005556468693715222,0.0008215724297289578,1444.1191037735848,0.4013181489918845,0.5986818510081156,82.12264150943396,0.9816642406055439,0.018335759394456,55.35259433962264,0.6565470840539009,0.343452915946099
890241024,0.32240110635757446,707.805,230.36595029894264,-11.588227222544141,-0.1965762892127462,0.07834552228450775,-0.0015982947079464793,-0.01788809522986412,87398.00665306812,1226062.0,0.0013772247817687628,0.0005556517691999779,0.000821573012568785,1444.1248527679622,0.4013226116789663,0.5986773883210337,82.14252061248527,0.9816739399568908,0.018326060043109185,55.31802120141343,0.6565439027462358,0.34345609725376425
891289600,0.3242071270942688,720.376,233.22032732618717,-11.884101233310998,-0.20895453812086798,0.08382898569107056,-0.0024088150821626186,-0.018090523779392242,87427.26197516691,1227453.0,0.0013771651772891773,0.0005556117787080653,0.0008215533985811122,1444.0623529411764,0.4013131053966933,0.5986868946033067,82.14117647058823,0.9816228783862808,0.018377121613719325,55.294117647058826,0.6564101536169544,0.3435898463830455
892338176,0.32393404841423035,729.605,238.60378815136292,-11.495283336024732,-0.1487273822550412,0.08258379995822906,-0.0021471776999533176,-0.0181473009288311,87671.8970188641,1228834.0,0.0013770945063769186,0.0005555685202467455,0.0008215259861301731,1443.9882491186838,0.4013044148511301,0.5986955851488699,82.1304347826087,0.9816444731237822,0.018355526876217894,55.27614571092832,0.6562557351050662,0.34374426489493387
893386752,0.324135422706604,752.775,243.2469718370512,-13.023674796458334,-0.20918471096924826,0.07809673249721527,-0.002244092058390379,-0.018028499558568,87578.62848985096,1230216.0,0.0013770251206948723,0.0005554962605937546,0.0008215288601011178,1443.9154929577464,0.4012733288040626,0.5987266711959375,82.13028169014085,0.9816373901225778,0.018362609877422376,55.251173708920184,0.6560723363549429,0.34392766364505717
894435328,0.32480546832084656,771.502,253.18568089006095,-13.291957219183445,-0.19108681932632032,0.07890231907367706,-0.0019875955767929554,-0.01828540489077568,87290.26514850164,1231596.0,0.0013769536616514324,0.0005554196982702365,0.0008215339633811959,1443.8405627198124,0.40123955440700737,0.5987604455929927,82.1137162954279,0.9815899564537214,0.01841004354627858,55.240328253223915,0.6558638821148612,0.34413611788513887
895483904,0.32378071546554565,743.557,242.01508998671173,-12.563650203945116,-0.20779405775250312,0.0882890596985817,-0.002473297994583845,-0.01820680871605873,87490.48687491464,1233028.0,0.0013769404391215053,0.0005553824002625513,0.0008215580388589542,1443.8266978922716,0.4012186414489994,0.5987813585510008,82.096018735363,0.9815765598463183,0.018423440153681834,55.22833723653396,0.6559025530829806,0.34409744691701943
896532480,0.32549527287483215,760.138,245.88836176285892,-14.999311356201767,-0.20028930359114475,0.08386155962944031,-0.001503809355199337,-0.018305111676454544,87672.93165542645,1234368.0,0.0013768246299342105,0.0005553541127701251,0.0008214705171640854,1443.7052631578947,0.4012355455429667,0.5987644544570334,82.08070175438597,0.9815642065514729,0.018435793448527093,55.21637426900585,0.6557591972704079,0.34424080272959207
897581056,0.32564830780029297,779.596,252.83682729462348,-14.14129545306228,-0.1808234350103936,0.08498737215995789,-0.002358596306294203,-0.018457721918821335,87340.10626592902,1235763.0,0.001376770367132169,0.0005552980387322256,0.0008214723283999434,1443.6483644859813,0.40121232879252916,0.5987876712074709,82.08060747663552,0.9815002638665912,0.018499736133408856,55.20677570093458,0.6557885101986315,0.3442114898013685
898629632,0.3249216675758362,741.431,240.6079220037651,-12.886767437868054,-0.18674245242889573,0.08107070624828339,-0.0017498191446065903,-0.01828307844698429,87646.64512904338,1237148.0,0.001376705102909404,0.0005552565620271022,0.000821448540882302,1443.5799299883313,0.4012033316819826,0.5987966683180176,82.0630105017503,0.9814173554620725,0.018582644537927597,55.19953325554259,0.6556662603712856,0.34433373962871433
899678208,0.3244842290878296,765.27,246.06450032213795,-15.822163291953505,-0.22342455780445522,0.09383822232484818,-0.0021322048269212246,-0.018411457538604736,87641.3355749457,1238597.0,0.0013767111273634406,0.0005552696459221117,0.0008214414814413289,1443.586247086247,0.4012135118177831,0.598786488182217,82.07692307692308,0.981401816710232,0.018598183289768033,55.1946386946387,0.655633375429585,0.344366624570415
900726784,0.3230552673339844,711.21,227.87754834356298,-12.660491376623511,-0.1723285793536481,0.086245596408844,-0.0005660990718752146,-0.018293729051947594,87329.7405495,1240109.0,0.0013767870813087757,0.0005553237772931598,0.0008214633040156159,1443.6658905704307,0.40123227145749235,0.5987677285425077,82.0942956926659,0.9813874632157481,0.018612536784252058,55.18393480791618,0.6556799630878893,0.3443200369121106
901775360,0.3240509629249573,749.286,241.65660482130014,-13.4473753030058,-0.1688468466541863,0.08253969252109528,-0.0017222028691321611,-0.01842183619737625,87477.24926589403,1241480.0,0.001376706500386083,0.0005552801974984102,0.0008214263028876726,1443.5813953488373,0.4012262586641076,0.5987737413358926,82.06395348837209,0.9813260492219754,0.018673950778024525,55.16860465116279,0.6556096818462035,0.3443903181537964
902823936,0.3245770335197449,759.177,245.62688246083772,-13.364007152510807,-0.18824446334898912,0.09002320468425751,-0.0016489967238157988,-0.018478576093912125,87626.90173029821,1242875.0,0.0013766526898994402,0.0005552245349418827,0.0008214281549575576,1443.5249709639954,0.4012031875241591,0.5987968124758412,82.0650406504065,0.9812917648778334,0.01870823512216658,55.15447154471545,0.6554424556268431,0.344557544373157
903872512,0.3240584433078766,737.541,242.3899663999339,-11.723334946796298,-0.17858779312800732,0.08570872247219086,-0.0016392017714679241,-0.018299806863069534,87346.54684012313,1244322.0,0.001376656534500299,0.0005552077238078461,0.0008214488106924531,1443.5290023201856,0.40119233138661275,0.5988076686133873,82.05568445475637,0.9812507604475181,0.018749239552482,55.129930394431554,0.6553303687054798,0.3446696312945202
904921088,0.3259662687778473,764.17,249.21039510605578,-13.511954118639231,-0.1688342837183386,0.083608478307724,-0.0020342206116765738,-0.018389077857136726,87453.77354575985,1245652.0,0.0013765310771495691,0.0005551533792966486,0.0008213776978529204,1443.3974507531866,0.401191821013858,0.5988081789861422,82.02085747392816,0.9812056352237175,0.01879436477628249,55.12050984936269,0.6552120154269817,0.3447879845730182
905969664,0.32649025321006775,749.927,244.0110230993731,-12.506154488953761,-0.20379106069479716,0.08033505082130432,-0.001533916569314897,-0.018524084240198135,87572.29139863617,1247017.0,0.0013764445428495055,0.0005550848113165961,0.0008213597315329092,1443.306712962963,0.40116839573600904,0.598831604263991,82.02199074074075,0.9811716092904906,0.018828390709509406,55.101851851851855,0.6553439815772177,0.3446560184227823
907018240,0.32814931869506836,778.201,251.83817679752408,-13.818814476044208,-0.18171599351855502,0.07425909489393234,-0.0013406849466264248,-0.01876494288444519,87600.74399501059,1248284.0,0.001376250162290011,0.0005549634812195177,0.0008212866810704931,1443.1028901734105,0.40113529186094343,0.5988647081390565,82.0242774566474,0.9811520880245891,0.018847911975410882,55.085549132947975,0.6551784915660893,0.34482150843391063
908066816,0.329383909702301,802.141,265.26266628701984,-12.815979022357613,-0.16849742568626036,0.07069441676139832,-0.0010245026787742972,-0.019185077399015427,87335.51188789956,1249603.0,0.0013761134951549645,0.0005547928755057601,0.0008213206196492043,1442.959584295612,0.4010459094206415,0.5989540905793583,82.0080831408776,0.9811059268035308,0.01889407319646903,55.0635103926097,0.6548389218427002,0.3451610781572998
909115392,0.32624486088752747,777.607,254.63344565972406,-13.255509168498218,-0.2142616547616208,0.0838567465543747,-0.0017845970578491688,-0.018819501623511314,87368.89066091662,1250981.0,0.001376042041536571,0.000554715060857753,0.0008213269806788179,1442.8846597462514,0.4010110551836185,0.5989889448163815,82.01268742791234,0.9810740726458486,0.018925927354151276,55.04728950403691,0.6546743961219488,0.3453256038780512
910163968,0.3259426951408386,785.837,258.1777697715117,-13.456339824330993,-0.20053033304546528,0.07621335983276367,-0.0013810938689857721,-0.018685102462768555,87393.4096548587,1252343.0,0.0013759531733077792,0.0005546143527404504,0.0008213388205673288,1442.791474654378,0.40096353674607405,0.599036463253926,82.0,0.9810471975378158,0.018952802462184237,55.03801843317972,0.6545084559165922,0.3454915440834079
911212544,0.325866162776947,795.198,260.8650574798372,-13.565501911247512,-0.17475064715573888,0.08037273585796356,-0.0016649116296321154,-0.01887376606464386,87425.04268642586,1253668.0,0.001375823904373292,0.0005544908301876933,0.0008213330741855986,1442.655926352129,0.40090945012628676,0.5990905498737132,81.97813578826236,0.9810507415960311,0.01894925840396885,55.023014959723824,0.6543306556220967,0.34566934437790336
912261120,0.32551485300064087,758.727,248.04013862995245,-11.852970154490787,-0.18831623670562464,0.07746094465255737,-0.0012460476718842983,-0.01875293254852295,87792.94369190217,1255059.0,0.0013757672803155307,0.0005543993807387078,0.0008213678995768229,1442.596551724138,0.40086014709850903,0.5991398529014909,81.96666666666667,0.9810246296325107,0.01897537036748919,54.99080459770115,0.6543022636381972,0.34569773636180273
913309696,0.3253440260887146,772.896,252.85050034043007,-13.191771513853222,-0.17633171045840115,0.07897357642650604,-0.0010793316178023815,-0.018768880516290665,87391.00801548685,1256444.0,0.0013757042167654814,0.0005543300396539314,0.0008213741771115501,1442.5304247990814,0.40082931710208897,0.599170682897911,81.97703788748565,0.9810085657259671,0.018991434274032867,54.96670493685419,0.65432771521638,0.3456722847836201
914358272,0.3268665671348572,819.574,271.1071838560188,-13.589141571883113,-0.2000437866266504,0.07695437222719193,-0.0013702861033380032,-0.018815597519278526,87490.85063072617,1257723.0,0.001375525369556672,0.0005541810201942374,0.0008213443493624346,1442.342889908257,0.40076865053293953,0.5992313494670604,81.95871559633028,0.9810129693029425,0.018987030697057504,54.94724770642202,0.6541809125492438,0.3458190874507562
915406848,0.32799655199050903,789.847,260.85838156719876,-13.200291248280555,-0.20187311452052337,0.07015830278396606,-0.0012291474267840385,-0.01893855445086956,87412.63968441787,1258959.0,0.0013752999584289761,0.0005540334345412282,0.0008212665238877479,1442.106529209622,0.4007229148782033,0.5992770851217967,81.93585337915235,0.9810162430697683,0.018983756930231625,54.92783505154639,0.6538837257560663,0.34611627424393376
916455424,0.3280518651008606,788.821,258.69039838500134,-14.43275343184173,-0.20932731042129238,0.07088008522987366,-0.0017762263305485249,-0.019105371087789536,87746.72992472615,1260285.0,0.0013751732675652754,0.0005539221949108133,0.0008212510726544623,1441.9736842105262,0.4006777362598224,0.5993222637401776,81.91304347826087,0.9810195093451369,0.018980490654863017,54.91876430205949,0.6536467975923159,0.346353202407684
917504000,0.32724469900131226,766.205,249.90913036295026,-13.0657903790141,-0.2171855512025059,0.06799297034740448,-0.001462182612158358,-0.019118623808026314,87453.47791831983,1261619.0,0.0013750555855887277,0.0005538003104073661,0.0008212552751813616,1441.8502857142857,0.4006216179474038,0.5993783820525962,81.90057142857142,0.981009008175503,0.018990991824496893,54.88914285714286,0.6536091322866933,0.34639086771330674
918552576,0.32655400037765503,755.676,247.82445886597438,-13.062960110571236,-0.2497104221977721,0.07173319160938263,-0.0010295327519997954,-0.018831346184015274,87437.51352735283,1262940.0,0.0013749240195914491,0.0005536863248642177,0.0008212376947272314,1441.7123287671234,0.40057562646686934,0.5994243735331305,81.87785388127854,0.980957038840791,0.01904296115920895,54.86073059360731,0.6534718311463354,0.3465281688536645
919601152,0.32582908868789673,764.225,249.21017047686502,-13.164369160965085,-0.17571462223920392,0.08030723035335541,-0.002459269016981125,-0.018717210739850998,87409.33014780904,1264367.0,0.0013749080209938668,0.0005536476317941802,0.0008212603891996865,1441.6955530216649,0.40055435450068516,0.5994456454993147,81.86316989737742,0.9809622272188252,0.019037772781174717,54.85860889395667,0.6534366768456372,0.3465633231543628
920649728,0.324075847864151,725.568,235.1297094238382,-12.778771851118654,-0.19147466361631732,0.08262653648853302,-0.0019206077558919787,-0.018551170825958252,87429.6047765242,1265798.0,0.0013748964035972648,0.0005536372677883418,0.000821259135808923,1441.6833712984055,0.4005526088385803,0.5994473911614197,81.86104783599089,0.9809839103313321,0.019016089668667687,54.85535307517084,0.6533714344416602,0.3466285655583398
921698304,0.32145166397094727,760.991,250.31386150254403,-14.747671174190938,-0.21782523337673257,0.09240163862705231,-0.001031801337376237,-0.0181390643119812,87354.20807572175,1267354.0,0.0013750204318483806,0.0005537039590776983,0.0008213164727706822,1441.8134243458476,0.4005663105361794,0.5994336894638205,81.85779294653015,0.980947941250873,0.019052058749127,54.87258248009101,0.6531481937393863,0.3468518062606137
922746880,0.31963127851486206,708.161,227.85106235309317,-13.042912531651556,-0.15345384745180132,0.09613509476184845,-0.001686152070760727,-0.017958864569664,87696.93613523211,1268931.0,0.0013751669363542037,0.0005538301034407182,0.0008213368329134855,1441.9670454545455,0.400613369774293,0.599386630225707,81.87272727272727,0.9808978209827052,0.01910217901729486,54.86818181818182,0.6529630208810817,0.34703697911891823
923795456,0.3207780420780182,632.627,201.02160340612707,-12.260694762289525,-0.21148181999520188,0.09453007578849792,-0.0019988983403891325,-0.018030907958745956,87497.89486238406,1270447.0,0.0013752470763398082,0.0005539927661215948,0.0008212543102182135,1442.0510783200907,0.40070596523835716,0.599294034761643,81.88195232690124,0.9808816675725848,0.01911833242741522,54.84790011350738,0.6528354130713876,0.3471645869286124
924844032,0.3216612935066223,708.53,228.41765420179254,-13.213694339795039,-0.19401537896035553,0.09356674551963806,-0.002550543751567602,-0.018196135759353638,87605.30873600939,1271900.0,0.0013752589150080605,0.000554060990037291,0.0008211979249707695,1442.063492063492,0.40075416813744047,0.5992458318625594,81.88095238095238,0.9808753489494586,0.01912465105054138,54.83219954648526,0.6528142236477957,0.3471857763522042
925892608,0.32281115651130676,716.874,230.75217061552567,-12.379215213524178,-0.17383688361757937,0.0766494870185852,-0.0015250700525939465,-0.01838373765349388,87272.21629088749,1273326.0,0.0013752415658123496,0.0005540631770547627,0.0008211783887575869,1442.0453001132503,0.4007633207268979,0.5992366792731021,81.90033975084938,0.9808855682483821,0.01911443175161779,54.81313703284258,0.6527901746372868,0.3472098253627131
926941184,0.32431674003601074,726.602,235.73984451175994,-12.770175995040685,-0.1991506343112373,0.08364536613225937,-0.0017781959613785148,-0.01843281462788582,87533.2149233358,1274689.0,0.0013751562903909123,0.0005540394675138309,0.0008211168228770812,1441.9558823529412,0.40077391055059103,0.599226089449409,81.8970588235294,0.9808355945973767,0.019164405402623323,54.796380090497735,0.6527304572451631,0.34726954275483674
927989760,0.3249691128730774,743.236,242.19827718077786,-13.645355605158722,-0.20665973025173331,0.08995537459850311,-0.0017806843388825655,-0.018629197031259537,87251.92630404887,1276064.0,0.0013750841388594634,0.000554014733955685,0.0008210694049037783,1441.8802259887007,0.4007796102921363,0.5992203897078637,81.88135593220339,0.9808240156603109,0.01917598433968915,54.7864406779661,0.6526315724248912,0.3473684275751089
929038336,0.326252818107605,782.684,258.56199379519205,-12.167306521723178,-0.19502962512268102,0.07610077410936356,-0.0010393827687948942,-0.018741320818662643,87606.77806959809,1277353.0,0.00137491958135945,0.0005538888763358846,0.0008210307050235654,1441.7076749435666,0.4007335486193376,0.5992664513806625,81.86794582392777,0.9808134113214488,0.01918658867855116,54.769751693002256,0.6526003855485651,0.34739961445143497
930086912,0.32622045278549194,794.682,259.6153279172913,-14.373133254320594,-0.16955717998661432,0.07607045769691467,-0.001548446947708726,-0.018829936161637306,87287.81373795233,1278677.0,0.0013747930257941314,0.0005537848058655404,0.0008210082199285909,1441.5749718151071,0.4006938928851406,0.5993061071148594,81.87485907553551,0.9808222308843743,0.019177769115625663,54.759864712514094,0.6522812929125366,0.3477187070874634
931135488,0.3257485628128052,787.225,258.05377571639605,-13.772944133583456,-0.1825999404959188,0.07844077795743942,-0.002526231575757265,-0.01866433210670948,87352.64657355916,1280001.0,0.0013746667552638698,0.0005536594906368771,0.0008210072646269927,1441.4425675675675,0.4006373154969878,0.5993626845030122,81.87162162162163,0.980829572710126,0.019170427289873948,54.74662162162162,0.6519919545615195,0.3480080454384805
932184064,0.32645994424819946,793.138,262.5496017941972,-12.886311545116827,-0.19946878066011642,0.0792027935385704,-0.0017466227291151881,-0.018838543444871902,87534.22538292136,1281316.0,0.0013745311140611817,0.0005535140750915047,0.0008210170389696772,1441.3003374578177,0.40056731068970786,0.5994326893102923,81.84926884139483,0.9808329938518942,0.019167006148105882,54.74128233970754,0.6518434821716864,0.3481565178283135
933232640,0.32547712326049805,853.348,278.7379093396659,-15.653297316123615,-0.15645978829339474,0.08223707973957062,-0.0016302703879773617,-0.018365953117609024,87330.9249296376,1282662.0,0.0013744289955396332,0.0005533989895595594,0.0008210300059800737,1441.1932584269664,0.4005120795427486,0.5994879204572514,81.8505617977528,0.9808274552233615,0.019172544776638538,54.74606741573034,0.6516443055301301,0.34835569446987
934281216,0.32655757665634155,825.017,270.12434386552405,-14.819160294838598,-0.16995776204070331,0.07687965035438538,-0.0020029989536851645,-0.018592480570077896,87401.83293306381,1283949.0,0.0013742639560892125,0.0005532499114270965,0.0008210140446621159,1441.020202020202,0.4004471471781186,0.5995528528218815,81.8395061728395,0.9808333852524161,0.019166614747583823,54.73737373737374,0.6513905318032652,0.3486094681967348
935329792,0.32895004749298096,789.726,257.1547760377452,-13.697464321875014,-0.18971132074256195,0.07280915230512619,-0.001548605039715767,-0.018859747797250748,87282.60299896121,1285200.0,0.001374060797584431,0.0005530979601257051,0.000820962837458726,1440.8071748878924,0.40039072650199586,0.5996092734980041,81.84192825112108,0.9808548724886803,0.019145127511319717,54.7152466367713,0.6511727653518521,0.3488272346481478
936378368,0.3275546431541443,799.449,259.66190405411504,-14.604758057650178,-0.18055154531067596,0.07363584637641907,-0.0009582693455740809,-0.018877044320106506,87673.46646025013,1286500.0,0.0013739104233557006,0.0005529591644731374,0.0008209512588825632,1440.6494960806272,0.4003299909137001,0.5996700090863,81.83874580067189,0.9808621366540367,0.01913786334596337,54.69876819708847,0.6510314744612007,0.3489685255387993
937426944,0.3287898004055023,799.47,260.82902555315104,-13.593250612704084,-0.1605529968312007,0.06949525326490402,-0.0013343298342078924,-0.01890835165977478,87407.05444390314,1287768.0,0.0013737262495412122,0.0005528046780784658,0.0008209215714627464,1440.456375838926,0.4002659304506071,0.599734069549393,81.82102908277405,0.9808157516459156,0.019184248354084284,54.682326621923934,0.6509464280691859,0.3490535719308141
938475520,0.3270309269428253,782.419,256.5955247335704,-12.709995211579837,-0.17425320528976418,0.07426397502422333,-0.0009182579815387726,-0.018899967893958092,87436.17328449577,1289146.0,0.0013736596986568175,0.0005527080770311409,0.0008209516216256765,1440.386592178771,0.4002151999350344,0.5997848000649657,81.83016759776537,0.9807999426124193,0.01920005738758065,54.66815642458101,0.650751170022394,0.349248829977606
939524096,0.3261924684047699,736.117,237.8683664673334,-13.041169915426522,-0.1700601416963686,0.07579785585403442,-0.00209457753226161,-0.01876361295580864,87372.82200967643,1290528.0,0.0013735975537981307,0.0005526744893618993,0.0008209230644362313,1440.3214285714287,0.4002110833868849,0.5997889166131153,81.8359375,0.9808213712478965,0.01917862875210344,54.64732142857143,0.6504589130122004,0.3495410869877996
940572672,0.3266139328479767,738.888,242.94831934168283,-11.880596560705452,-0.17513047288192107,0.07940250635147095,-0.0016073156148195267,-0.018774472177028656,87386.26590342187,1291914.0,0.00137353980022928,0.0005526112074836042,0.0008209285927456757,1440.2608695652175,0.4001831784724963,0.5998168215275037,81.82608695652173,0.9807816656829067,0.01921833431709323,54.6231884057971,0.6502405033595061,0.3497594966404938
941621248,0.32329103350639343,794.071,258.54398379515203,-15.32001136609912,-0.14404156695474393,0.08766017854213715,-0.002217323984950781,-0.018552150577306747,87371.61392842958,1293442.0,0.001373632979021306,0.000552660638346173,0.0008209723406751331,1440.358574610245,0.40019376052750955,0.5998062394724906,81.83184855233853,0.9807390677652557,0.019260932234744364,54.628062360801785,0.6500448861744581,0.3499551138255418
942669824,0.32173818349838257,697.934,227.59977323021275,-14.012757262278349,-0.18981710004719454,0.09513802081346512,-0.0024508086498826742,-0.018337389454245567,87467.17104416202,1294985.0,0.0013737418627712433,0.0005527555743632248,0.0008209862884080185,1440.4727474972192,0.4002308875632423,0.5997691124367577,81.81423804226918,0.9806762238903692,0.019323776109630722,54.616240266963295,0.6499032648024368,0.3500967351975632
943718400,0.32119205594062805,699.03,228.50843821211961,-12.682323499262333,-0.1788945350205723,0.09414897859096527,-0.0009111298713833094,-0.018191322684288025,87331.8353461639,1296501.0,0.0013738218943277994,0.0005528566572401258,0.0008209652370876736,1440.5566666666666,0.4002809095322061,0.599719090467794,81.80777777777777,0.9806684549866315,0.01933154501336856,54.60666666666667,0.6497850147980669,0.350214985201933
944766976,0.32038795948028564,678.519,220.80174651703797,-12.332594890817068,-0.20104889132984713,0.09123221039772034,-0.002072044648230076,-0.01797185279428959,87556.35506995406,1298049.0,0.001373935619019774,0.0005529606911239031,0.000820974927895871,1440.6759156492785,0.40032275591022143,0.5996772440897786,81.81465038845727,0.9806899106414743,0.019310089358525753,54.59045504994451,0.6497852534053943,0.3502147465946057
945815552,0.32133781909942627,694.827,221.80984514999344,-13.685209969711956,-0.19084468737075905,0.09407361596822739,-0.0016007933299988508,-0.018106138333678246,87650.33250381946,1299513.0,0.001373960279308243,0.0005530412339846998,0.0008209190453235431,1440.7017738359202,0.40037571009623446,0.5996242899037654,81.82261640798227,0.9806614918711126,0.019338508128887384,54.57649667405765,0.649645590734002,0.35035440926599803
946864128,0.3213147819042206,757.419,245.62862237157765,-14.727549016896635,-0.2261041530785327,0.08982314169406891,-0.00263134203851223,-0.018333306536078453,87498.07590033633,1300979.0,0.0013739869972136066,0.0005530466140966743,0.0008209403831169323,1440.7297895902548,0.4003742364643049,0.5996257635356951,81.81838316722038,0.9806545123389839,0.019345487661016,54.55813953488372,0.6491884440169801,0.35081155598302
947912704,0.3227919340133667,754.932,244.35601916834247,-13.979287669764831,-0.19320787122457614,0.08941656351089478,-0.002290417905896902,-0.01858251914381981,87498.22908688108,1302382.0,0.0013739471941922618,0.0005530414328110957,0.0008209057613811662,1440.6880530973451,0.400384703089426,0.599615296910574,81.83407079646018,0.9806759122147151,0.01932408778528479,54.540929203539825,0.6491510504012362,0.3508489495987637
948961280,0.32531023025512695,768.012,248.59323523414136,-12.693804018061142,-0.18642123848200634,0.07942287623882294,-0.002271743491292,-0.01900850608944893,87414.25719216648,1303725.0,0.001373844252106893,0.0005529688208142697,0.0008208754312926235,1440.5801104972375,0.4003627215800246,0.5996372784199754,81.85082872928177,0.9806630903945315,0.019336909605468498,54.50939226519337,0.6490287415482642,0.3509712584517358
950009856,0.32484766840934753,791.653,255.74592328637837,-14.847069306408216,-0.1941565970616852,0.07747945934534073,-0.0019022078486159444,-0.019191578030586243,87529.43635965779,1305073.0,0.0013737468003700375,0.0005528795271782949,0.0008208672731917425,1440.4779249448125,0.40032612992540273,0.5996738700745972,81.86644591611478,0.9806384438635588,0.019361556136441128,54.501103752759384,0.6489464450179752,0.3510535549820248
951058432,0.3281601369380951,798.842,261.6102447086275,-13.678040493216365,-0.16835413021315934,0.06665720790624619,-0.0013930457644164562,-0.019430385902523994,87344.29695444104,1306282.0,0.0013735034105664709,0.0005527115709332148,0.0008207918396332561,1440.2227122381478,0.4002677709518829,0.5997322290481172,81.85887541345093,0.9806303897174395,0.01936961028256045,54.477398015435504,0.6488657516670817,0.35113424833291834
952107008,0.32904738187789917,802.317,262.17117057963554,-14.004704899534584,-0.1772114339226585,0.07255634665489197,-0.0017994577065110207,-0.019765261560678482,87500.15963147026,1307499.0,0.0013732689592806779,0.0005525471355421427,0.0008207218237385351,1439.976872246696,0.4002097403743737,0.5997902596256262,81.84030837004406,0.9806347784783404,0.019365221521659627,54.46035242290749,0.6488006391539501,0.3511993608460499
953155584,0.3271383047103882,822.908,268.71981541672955,-14.537866459470242,-0.18924667762431188,0.0764816403388977,-0.001714461948722601,-0.019528038799762726,87224.14265561942,1308810.0,0.001373133643625593,0.0005524050940250275,0.0008207285496005655,1439.8349834983499,0.40014204293598465,0.5998579570640152,81.84928492849285,0.9806194120187015,0.019380587981298436,54.46094609460946,0.6487269510820736,0.3512730489179265
954204160,0.32636135816574097,793.101,261.5745958468043,-12.425082898300083,-0.18486545616918984,0.07742203027009964,-0.001458645798265934,-0.019247017800807953,87581.31950245495,1310168.0,0.0013730478810740042,0.0005522707006433508,0.0008207771804306533,1439.745054945055,0.4000672780957161,0.5999327219042839,81.83076923076923,0.9805561785143699,0.019443821485630054,54.45274725274725,0.6485284435604262,0.35147155643957384
955252736,0.3249225616455078,808.025,264.08105537207985,-12.828325643725693,-0.19224741392143613,0.07522747665643692,-0.0016663760179653764,-0.01917652226984501,87475.93738245047,1311558.0,0.0013729958057926985,0.000552149164428041,0.0008208466413646576,1439.6904500548846,0.399993761352669,0.6000062386473309,81.82217343578485,0.9805033533265741,0.01949664667342582,54.44127332601537,0.6483654046542128,0.3516345953457873
956301312,0.32513007521629333,818.297,270.70506322629564,-13.676124782413245,-0.17063473492446093,0.07582595944404602,-0.002339775674045086,-0.01893896982073784,87509.05446698556,1312884.0,0.0013728769201981393,0.0005520027980469821,0.0008208741221511573,1439.5657894736842,0.39991818802870166,0.6000818119712984,81.8092105263158,0.9805090670682274,0.019490932931772627,54.43530701754386,0.648213911975461,0.3517860880245389
957349888,0.32775357365608215,824.106,270.98598706551644,-13.583778284536674,-0.18246768668657595,0.06896930932998657,-0.00191882171202451,-0.019339075312018394,87429.12855895956,1314206.0,0.0013727541168313167,0.0005518515295423527,0.0008209025872889641,1439.4370208105147,0.39983973488626756,0.6001602651137324,81.80941949616648,0.980490343702486,0.019509656297514014,54.433734939759034,0.6479999100879515,0.3520000899120485
958398464,0.32535478472709656,772.394,251.36239790187776,-12.640658742745524,-0.15561309683588595,0.07610159367322922,-0.0022699565161019564,-0.01912340521812439,87339.0309057351,1315608.0,0.0013727150547687022,0.0005517767607774463,0.0008209382939912558,1439.3960612691467,0.39979792581988965,0.6002020741801104,81.81619256017505,0.9804868233344008,0.01951317666559909,54.42997811816193,0.6478916165406376,0.3521083834593623
959447040,0.3256901204586029,738.928,240.35359660642686,-12.326845908235759,-0.17900507322607473,0.07909992337226868,-0.002097774762660265,-0.019228175282478333,87503.11218904468,1316951.0,0.0013726145843339097,0.0005517355079859332,0.0008208790763479764,1439.2907103825137,0.39979961145609594,0.6002003885439041,81.8,0.9804102779112966,0.01958972208870332,54.41420765027323,0.6477026639542545,0.35229733604574553
960495616,0.326724112033844,742.491,242.11980609788884,-12.133869822639273,-0.18267004783010488,0.07074569165706635,-0.0017074134666472673,-0.01920832321047783,87561.90710890842,1318272.0,0.0013724914284252183,0.000551688098491019,0.0008208033299341993,1439.1615720524017,0.39980363176067074,0.6001963682393293,81.7882096069869,0.9804162879713911,0.01958371202860894,54.39956331877729,0.6476346106679055,0.35236538933209455
961544192,0.3266572654247284,757.371,246.12868004987854,-13.024775810286403,-0.18668648181888473,0.0720023512840271,-0.0018324041739106178,-0.019295917823910713,87190.9642549375,1319648.0,0.0013724257407817613,0.0005516283124717787,0.0008207974283099825,1439.092693565976,0.3997805457074205,0.6002194542925794,81.78298800436205,0.9803668317523001,0.019633168247699954,54.38167938931298,0.6475310086703912,0.35246899132960874
962592768,0.32507044076919556,715.854,233.6406491032131,-11.604866046950221,-0.19174713377868902,0.07862512767314911,-0.0012259770883247256,-0.018921637907624245,87321.11097772402,1321096.0,0.0013724349942342388,0.000551607094559015,0.0008208278996752239,1439.1023965141612,0.39976483608902696,0.6002351639109731,81.7755991285403,0.9803882186458162,0.01961178135418394,54.36165577342048,0.6473702995106195,0.35262970048938036
963641344,0.32270950078964233,710.589,229.46586304151407,-11.954608077986078,-0.19917704666250577,0.09002169221639633,-0.0029437497723847628,-0.01864064484834671,87360.33317313468,1322655.0,0.0013725594156325446,0.0005516616771477999,0.0008208977384847448,1439.2328618063111,0.39977025697734864,0.6002297430226514,81.78346028291621,0.9803973327114287,0.019602667288571313,54.34385201305767,0.6472958458315231,0.3527041541684768
964689920,0.32205629348754883,687.323,224.58574585060543,-12.284787267711014,-0.20457575080181215,0.08605417609214783,-0.0024060134310275316,-0.018486810848116875,87408.46501892786,1324142.0,0.001372608931168266,0.0005517088848611583,0.0008209000463071077,1439.2847826086957,0.39979185110315985,0.6002081488968402,81.77826086956522,0.9803904073215531,0.019609592678446808,54.33152173913044,0.6472494929151745,0.3527505070848255
965738496,0.3231832981109619,711.234,229.97372051056473,-13.258994499772786,-0.1923804514545301,0.09042613953351974,-0.0025706281885504723,-0.018521541729569435,87448.11349698644,1325585.0,0.0013726127781904223,0.0005517456352904876,0.0008208671428999347,1439.2888165038003,0.39981976703627514,0.6001802329637248,81.78067318132464,0.9803729212270517,0.01962707877294826,54.326818675352875,0.647198190534159,0.3528018094658409
966787072,0.3229607939720154,701.165,227.5107380452333,-12.458167069338263,-0.1906573566198515,0.08347013592720032,-0.0019227215088903904,-0.01866864785552025,87752.09077628334,1327044.0,0.0013726331665303857,0.0005517585158606672,0.0008208746506697185,1439.3101952277657,0.39982546356562926,0.6001745364343706,81.77874186550976,0.9803806512474127,0.019619348752587144,54.30368763557484,0.6471207061363536,0.35287929386364636
967835648,0.32440826296806335,718.665,232.84743910137914,-12.254112429731027,-0.19551584198383012,0.08273887634277344,-0.0024887099862098694,-0.018913693726062775,87380.61458924532,1328372.0,0.0013725181571323977,0.0005517011086576551,0.0008208170484747427,1439.189599133261,0.39981896284801194,0.600181037151988,81.78006500541711,0.9804019073132335,0.019598092686766357,54.28819068255688,0.6471509112217964,0.35284908877820353
968884224,0.327151894569397,769.401,249.9882143125832,-13.369789301976795,-0.20139961958513777,0.07664541155099869,-0.0019671209156513214,-0.019235558807849884,87656.02225490719,1329629.0,0.0013723301165031664,0.0005515777703487512,0.0008207523461544152,1438.9924242424242,0.3997814478787661,0.6002185521212338,81.76948051948052,0.9803629923101289,0.019637007689871106,54.26731601731602,0.6470689606376046,0.3529310393623954
969932800,0.32729649543762207,831.069,271.37634900537506,-14.993739531927153,-0.13897508135637834,0.07475839555263519,-0.0017722098855301738,-0.019312892109155655,87410.33253742674,1330934.0,0.0013721919704127955,0.0005514639777106208,0.0008207279927021748,1438.8475675675675,0.3997369497617677,0.6002630502382323,81.77837837837838,0.9803481854715955,0.019651814528404577,54.255135135135134,0.6468471136154194,0.3531528863845806
970981376,0.32911550998687744,804.873,265.49342199972114,-12.835719646622543,-0.1849705053543966,0.06879264861345291,-0.00134459906257689,-0.01928340643644333,87726.03324095336,1332195.0,0.001372008807715793,0.0005513030560948678,0.000820705751620925,1438.6555075593953,0.3996666669171934,0.6003333330828067,81.7548596112311,0.98035140917339,0.01964859082661005,54.240820734341256,0.6467543798099558,0.35324562019004424
972029952,0.3272934556007385,802.385,259.9696405655891,-14.521387605022639,-0.18846650960105563,0.07588528096675873,-0.002420048927888274,-0.019304100424051285,87466.9275115262,1333572.0,0.0013719453780782261,0.0005511928916363269,0.0008207524864418992,1438.588996763754,0.39960451078274467,0.6003954892172554,81.75728155339806,0.9802827093432855,0.019717290656714386,54.23085221143474,0.6467518879702949,0.35324811202970496
973078528,0.3278089761734009,803.244,261.2575926207183,-13.4634352682514,-0.16459296796265607,0.07305192947387695,-0.0015847007744014263,-0.019077815115451813,87494.74770692777,1334834.0,0.0013717639035192028,0.0005510315812867263,0.0008207323222324766,1438.3987068965516,0.3995333824999425,0.6004666175000576,81.75107758620689,0.9802614201260941,0.019738579873905992,54.216594827586206,0.646790869588073,0.353209130411927
974127104,0.3296940326690674,806.343,265.19473118767513,-12.988301284462214,-0.1573079250278969,0.07010403275489807,-0.0011204072507098317,-0.019279982894659042,87451.88156468015,1336102.0,0.0013715889790086367,0.000550874724454849,0.0008207142545537877,1438.2152852529603,0.3994641038337179,0.6005358961662821,81.7384284176534,0.9802672897338316,0.019732710266168435,54.20990312163617,0.6467001366821655,0.3532998633178345
975175680,0.3282119333744049,809.997,266.7953466641214,-12.968998608414084,-0.16597370946606024,0.07471095025539398,-0.0016354460967704654,-0.019265957176685333,87589.5923933366,1337432.0,0.0013714780089675738,0.0005507069249306956,0.0008207710840368783,1438.0989247311827,0.39936928027635765,0.6006307197236422,81.72903225806452,0.980214859152736,0.01978514084726388,54.19892473118279,0.6464202049613929,0.3535797950386071
976224256,0.32867079973220825,792.411,261.0780779748962,-12.050795644577592,-0.16784909553847546,0.06630660593509674,-0.0020062027033418417,-0.019412845373153687,87354.38678452936,1338720.0,0.0013713242544139367,0.0005505702165220529,0.0008207540378918837,1437.937701396348,0.3993105812609098,0.6006894187390902,81.73469387755102,0.9802114183741112,0.019788581625888868,54.181525241675615,0.6462911991445425,0.3537088008554575
977272832,0.3294817805290222,817.932,270.44520257735996,-13.412426150768995,-0.1961778374023507,0.07066148519515991,-0.001124855480156839,-0.019547145813703537,87757.46979381124,1339997.0,0.001371159573992946,0.0005504051503193736,0.0008207544236735725,1437.7650214592275,0.39923166809241356,0.6007683319075864,81.71030042918454,0.9802144649718403,0.01978553502815977,54.17918454935622,0.6459485294855065,0.35405147051449337
978321408,0.32748889923095703,763.88,248.80975468903407,-12.147145368127152,-0.15447958508701543,0.07283125817775726,-0.0021873144432902336,-0.01955520361661911,87389.42609665864,1341354.0,0.0013710770193020247,0.000550313011243029,0.0008207640080589957,1437.6784565916398,0.39918841858973453,0.6008115814102655,81.70525187566989,0.9802217517050033,0.0197782482949967,54.156484458735264,0.6458083397595323,0.35419166024046767
979369984,0.32773762941360474,741.525,241.6329156089904,-11.204751939544455,-0.1827335715176838,0.07457464188337326,-0.002161039737984538,-0.01945776306092739,87724.51441023471,1342674.0,0.0013709568619983356,0.000550218006272898,0.0008207388557254375,1437.5524625267667,0.39915359872686185,0.6008464012731383,81.68522483940043,0.9802429275597089,0.019757072440291134,54.12633832976445,0.645816945556199,0.35418305444380105
980418560,0.3269481360912323,745.482,243.81387508876062,-10.986020570248366,-0.18549158928645046,0.07425329089164734,-0.0011111530475318432,-0.019330905750393867,87278.25368626662,1344077.0,0.0013709216194356826,0.0005501599235330673,0.0008207616959026153,1437.5155080213904,0.39912309686186376,0.6008769031381364,81.6716577540107,0.9802175573047042,0.019782442695295707,54.104812834224596,0.6457239044694135,0.3542760955305865
981467136,0.32534492015838623,729.878,236.04862059533968,-12.579634486943483,-0.17565973686606248,0.08208438754081726,-0.0025147157721221447,-0.01932353340089321,87763.01934766985,1345496.0,0.0013709027543027177,0.0005501722678160056,0.0008207304864867121,1437.4957264957266,0.3991401459496054,0.6008598540503947,81.67200854700855,0.9801996054637231,0.019800394536276862,54.0940170940171,0.6457139041829757,0.3542860958170243
982515712,0.3259147107601166,748.298,241.98232001829894,-13.355512274578214,-0.20427283236004978,0.08112587034702301,-0.0013591558672487736,-0.019320562481880188,87467.7381325553,1346951.0,0.0013709205700722677,0.0005501591408647112,0.0008207614292075566,1437.5144076840982,0.3991278606988367,0.6008721393011633,81.67662753468517,0.9801835079969207,0.01981649200307938,54.086446104589115,0.6457741109656774,0.3542258890343226
983564288,0.32382330298423767,713.987,233.23943290085717,-13.23222251932416,-0.20984225737408996,0.09453822672367096,-0.0023832139559090137,-0.01934242993593216,87581.67529355631,1348483.0,0.0013710166345527177,0.0005502233118899087,0.000820793322662809,1437.6151385927506,0.3991477185970156,0.6008522814029844,81.67164179104478,0.9801630980321466,0.01983690196785332,54.09061833688699,0.6457289874740957,0.35427101252590426
984612864,0.32333821058273315,735.236,241.79228820700664,-13.358112021304667,-0.20351115556336674,0.0882534310221672,-0.0027644005604088306,-0.018987879157066345,87460.02566469215,1349985.0,0.0013710820255949856,0.0005503086744152065,0.0008207733511797791,1437.6837060702876,0.3991913098375676,0.6008086901624323,81.66666666666667,0.9801842235933478,0.019815776406652195,54.094781682641106,0.6455187072553469,0.35448129274465306
985661440,0.3236991763114929,746.351,243.537722125493,-13.767420358218253,-0.21276149659329752,0.08900495618581772,-0.0023871399462223053,-0.019011156633496284,87543.93395236338,1351468.0,0.001371128001111619,0.000550339069772274,0.0008207889313393451,1437.731914893617,0.3992020695738059,0.6007979304261941,81.66382978723404,0.980191838006708,0.019808161993292037,54.10851063829787,0.6453559610917059,0.3546440389082941
986710016,0.3236004114151001,714.936,231.35498437032663,-13.07171274042502,-0.19894034071985703,0.08662871271371841,-0.002435375703498721,-0.01900342106819153,87481.77678391468,1352927.0,0.0013711495556562791,0.0005503957507207467,0.0008207538049355323,1437.7545164718385,0.3992388992633155,0.6007611007366845,81.68437832093518,0.9801918445760972,0.019808155423902803,54.10839532412327,0.645299889499252,0.35470011050074796
987758592,0.32425087690353394,736.406,239.98045332330256,-14.139938108727335,-0.19962438395907578,0.0907415896654129,-0.0021890769712626934,-0.019175123423337936,87490.55301210993,1354400.0,0.0013711852379412156,0.0005504320634651589,0.0008207531744760566,1437.791932059448,0.3992568595631391,0.6007431404368607,81.6963906581741,0.98021287234194,0.019787127658060018,54.11677282377919,0.6451285212171317,0.35487147878286823
988807168,0.3257400095462799,756.215,247.9547804630287,-12.898313275478781,-0.20859676123910412,0.07927459478378296,-0.0021943654865026474,-0.01935778558254242,87552.40370221318,1355732.0,0.0013710782484942503,0.0005503580653654809,0.0008207201831287696,1437.679745493107,0.39923471907407787,0.6007652809259221,81.68504772004242,0.9802338555101882,0.01976614448981181,54.104984093319196,0.6450609356684786,0.3549390643315214
989855744,0.3246797025203705,750.768,245.33867136428785,-13.512051411506487,-0.17839724235790613,0.07332764565944672,-0.0020293144043534994,-0.019418952986598015,87620.68857386506,1357069.0,0.001370976536960925,0.0005503064495022014,0.0008206700874587237,1437.573093220339,0.39922855740156765,0.6007714425984323,81.69703389830508,0.9802434036630672,0.019756596336932816,54.10275423728814,0.6451109851988167,0.3548890148011833
990904320,0.326073557138443,761.902,249.35270328942315,-13.714045675596223,-0.20180812085271185,0.07954969257116318,-0.0013707869220525026,-0.019558217376470566,87253.58460745597,1358391.0,0.0013708599030025422,0.000550220630787037,0.0008206392722155051,1437.4507936507937,0.39919991701151814,0.6008000829884819,81.68042328042328,0.9802643101142173,0.01973568988578262,54.096296296296295,0.6450015203114811,0.35499847968851883
991952896,0.3257567286491394,768.677,248.24881363487336,-14.435107215266674,-0.18730109592474567,0.08732935786247253,-0.002338697435334325,-0.01982836052775383,87656.11834240086,1359739.0,0.001370769726549596,0.0005501591882040335,0.0008206105383455627,1437.3562367864693,0.3991825696547485,0.6008174303452515,81.68604651162791,0.9802608716196493,0.01973912838035064,54.086680761099366,0.6449774407151923,0.35502255928480775
993001472,0.3252115845680237,765.347,252.38933086561568,-12.406388122156262,-0.1875821118151747,0.08066625148057938,-0.0020973333157598972,-0.019937146455049515,87417.51671293737,1361138.0,0.0013707310999837067,0.000550084783761529,0.0008206463162221777,1437.3157338965152,0.3991407111127465,0.6008592888872535,81.69271383315734,0.9802697158562035,0.01973028414379656,54.068637803590285,0.6448671588776266,0.35513284112237337
994050048,0.32598555088043213,779.8,253.7665410563769,-14.420048227794119,-0.20942965346830525,0.08356250822544098,-0.0016160362865775824,-0.020109720528125763,87679.53852549935,1362469.0,0.0013706241478899863,0.0005500145602326856,0.0008206095876573008,1437.2035864978902,0.3991214873711266,0.6008785126288734,81.68776371308017,0.9802768290114322,0.019723170988567885,54.06856540084388,0.6448901541390075,0.3551098458609925
995098624,0.3258868455886841,766.703,251.04052151696592,-13.329949689604343,-0.17612381132007468,0.07745206356048584,-0.001949997036717832,-0.020142946392297745,87570.13099847312,1363763.0,0.001370480238951672,0.0005498882088696367,0.0008205920300820354,1437.0526870389883,0.39906817883301016,0.6009318211669898,81.68703898840886,0.9802976121210092,0.01970238787899089,54.050579557428875,0.6448941146179428,0.3551058853820571
996147200,0.3272109031677246,826.183,271.6393075699678,-14.890386308114977,-0.19871884518997707,0.07253068685531616,-0.0025767202023416758,-0.020422127097845078,87954.48491742524,1365076.0,0.0013703557064658717,0.0005497410422877261,0.0008206146641781455,1436.9221052631578,0.39899283789517576,0.6010071621048242,81.67894736842105,0.9803183514766712,0.019681648523328793,54.049473684210525,0.644771385957074,0.3552286140429261
997195776,0.3280080258846283,831.665,272.8482101751119,-14.256232720807194,-0.20255346807373237,0.06933548301458359,-0.0018589346436783671,-0.020547669380903244,87513.57657109236,1366334.0,0.0013701762812120054,0.000549583154271203,0.0008205931269408025,1436.7339642481597,0.3989235166802283,0.6010764833197717,81.66876971608833,0.9803098381966981,0.019690161803301926,54.04206098843323,0.6444737316370975,0.35552626836290246
998244352,0.3284994065761566,783.417,256.5802093837336,-12.32062467238307,-0.14747819312947755,0.07269072532653809,-0.001547033665701747,-0.020646460354328156,87518.51363344131,1367580.0,0.0013699852117971213,0.0005494606595079438,0.0008205245522891774,1436.5336134453783,0.39888721673739985,0.6011127832626001,81.64495798319328,0.9802949136764444,0.019705086323555544,54.03466386554622,0.644310798832991,0.35568920116700903
999292928,0.33014556765556335,830.358,273.7195354563743,-13.962241244311715,-0.17802169362514547,0.06887301802635193,-0.0013388345250859857,-0.020788289606571198,87459.95609516863,1368858.0,0.0013698265660096816,0.0005493194083727169,0.0008205071576369647,1436.367261280168,0.3988258194342698,0.6011741805657302,81.61909758656873,0.9802603633169231,0.01973963668307686,54.028331584470095,0.6441156493413858,0.35588435065861407
1000341504,0.32756659388542175,750.863,244.40894954422907,-12.768717496659724,-0.19915551604565102,0.07506904006004333,-0.0024807092268019915,-0.020519059151411057,87711.8566170816,1370281.0,0.0013698132033118163,0.0005492834175157847,0.0008205297857960315,1436.353249475891,0.3988055407680812,0.6011944592319187,81.62159329140461,0.9802685759739234,0.01973142402607653,54.0230607966457,0.6440180652311364,0.3559819347688637
1001390080,0.32458680868148804,713.39,233.5061120940745,-11.71094051270187,-0.19602353293132063,0.07998368889093399,-0.0021578334271907806,-0.020119767636060715,87423.14847271307,1371702.0,0.001369797871374959,0.0005492704701049165,0.0008205274012700425,1436.337172774869,0.39880281230576287,0.601197187694237,81.59476439790576,0.980289237150914,0.019710762849085874,54.012565445026176,0.6438672609743498,0.35613273902565024
1002438656,0.3241302967071533,687.817,224.14230743822455,-10.688272300571203,-0.17743403346071865,0.08402043581008911,-0.00249909283593297,-0.020002439618110657,87757.55034400676,1373202.0,0.0013698613793281331,0.0005493174038172766,0.0008205439755108566,1436.4037656903765,0.3988201036457499,0.6011798963542502,81.5836820083682,0.9802951223557329,0.01970487764426701,53.99163179916318,0.6438398339846522,0.3561601660153477
1003487232,0.3229482173919678,699.78,227.56386481193826,-11.458964988754131,-0.18077707481168745,0.08636854588985443,-0.0021389247849583626,-0.019625218585133553,87379.36462768937,1374674.0,0.0013698968518614893,0.0005493512846210285,0.0008205455672404609,1436.440961337513,0.39883638585083586,0.6011636141491641,81.57575757575758,0.9803157126145043,0.01968428738549557,53.974921630094045,0.6437995239782887,0.35620047602171134
1004535808,0.3214205801486969,711.898,231.90618853069657,-12.400339562898502,-0.21089291364218507,0.09292556345462799,-0.00240244809538126,-0.019681915640830994,87622.10430693551,1376245.0,0.0013700308033220453,0.0005494468147421182,0.0008205839885799273,1436.581419624217,0.3988665702325697,0.6011334297674303,81.59603340292276,0.9802742495109464,0.019725750489053572,53.96033402922756,0.6438059962914638,0.3561940037085362
1005584384,0.3220411539077759,711.169,229.4303567764582,-12.740154924318194,-0.17157546311841013,0.09167957305908203,-0.002366376109421253,-0.019632436335086823,87534.32643016301,1377741.0,0.0013700898919289503,0.000549533195614939,0.0008205566963140112,1436.643378519291,0.3989127800844459,0.6010872199155541,81.60271115745569,0.9802474207362171,0.01975257926378297,53.957247132429615,0.6436253729744696,0.35637462702553035
1006632960,0.32212311029434204,721.219,234.1386085719606,-13.236459770089947,-0.2010662303405051,0.08785371482372284,-0.002686761785298586,-0.019617360085248947,87829.35482220794,1379181.0,0.0013700932264328002,0.0005495697259902954,0.0008205235004425049,1436.646875,0.3989406776514875,0.6010593223485123,81.61145833333333,0.9802564222655427,0.019743577734457268,53.94895833333333,0.6435663429210995,0.3564336570789005
1007681536,0.3245592713356018,718.1,231.5591673458051,-12.502591911077499,-0.2008972242510774,0.0825352668762207,-0.0026896053459495306,-0.019728828221559525,87071.74485643163,1380506.0,0.001369982430639674,0.0005495496148497455,0.0008204328157899283,1436.5306971904267,0.39896219894582463,0.6010378010541754,81.60041623309053,0.980276967091489,0.0197230329085109,53.94068678459938,0.6435979211735002,0.35640207882649966
1008730112,0.32419711351394653,724.522,237.54058420174195,-11.683903308771551,-0.2182377871043937,0.08414696156978607,-0.002238401211798191,-0.01978726126253605,87463.36339261032,1381959.0,0.0013699987574079676,0.0005495761387561314,0.0008204226186518362,1436.547817047817,0.3989788738337772,0.6010211261662227,81.6029106029106,0.9802850941923246,0.019714905807675407,53.92931392931393,0.6434607382065599,0.35653926179344014
1009778688,0.32409948110580444,717.155,230.83275940100847,-12.919670455869287,-0.21817887989312046,0.08586275577545166,-0.0032092351466417313,-0.01987435296177864,87573.85378833556,1383327.0,0.0013699308734073817,0.0005495719077802521,0.0008203589656271296,1436.4766355140187,0.39899875938012924,0.6010012406198708,81.60747663551402,0.9802693425670675,0.019730657432932477,53.912772585669785,0.6434757267825054,0.35652427321749464
1010827264,0.3259219527244568,771.281,251.0441770223286,-14.066906679145992,-0.19755736850305802,0.07774309813976288,-0.002156217582523823,-0.019966483116149902,87514.25048645708,1384664.0,0.0013698324622949624,0.0005494915103516637,0.0008203409519432986,1436.3734439834025,0.3989689182006669,0.601031081799333,81.60269709543569,0.9802628660436846,0.01973713395631535,53.906639004149376,0.6432404476745014,0.3567595523254986
1011875840,0.32595035433769226,782.244,255.1662001600489,-13.97708267656155,-0.17568856046357956,0.08754269778728485,-0.0017652793321758509,-0.019980616867542267,87421.8677527059,1386002.0,0.0013697352434069382,0.0005494231387123543,0.0008203121046945839,1436.2715025906737,0.3989481460230664,0.6010518539769336,81.5937823834197,0.9802407326173068,0.01975926738269322,53.90362694300518,0.6430412144563484,0.3569587855436516
1012924416,0.3256286382675171,820.162,270.23122120458913,-13.1531488952972,-0.17478275534437093,0.07429996132850647,-0.002382025122642517,-0.020047256723046303,87564.72087565069,1387321.0,0.0013696194682308854,0.0005493006104021092,0.000820318857828776,1436.1501035196688,0.398889901411658,0.601110098588342,81.59213250517598,0.9802611873454462,0.019738812654553788,53.89544513457557,0.6428931386649858,0.3571068613350143
1013972992,0.3250962197780609,792.633,260.58714782530444,-13.014760348670185,-0.19632375090174875,0.08152219653129578,-0.0023569627664983273,-0.0200314000248909,87238.55658856181,1388694.0,0.001369557188363455,0.0005492079220981855,0.0008203492662652695,1436.0847983453982,0.3988404352070681,0.601159564792932,81.58428128231644,0.9802396757343955,0.019760324265604444,53.889348500517066,0.6427884577218644,0.3572115422781356
1015021568,0.32624849677085876,812.746,266.1103169017853,-14.828250876877457,-0.20733201896932046,0.07709961384534836,-0.0026444410905241966,-0.020201105624437332,87443.3251983668,1389959.0,0.001369388635493507,0.0005490898100797795,0.0008202988254137276,1435.9080578512396,0.3988008007784455,0.6011991992215545,81.56714876033058,0.9802283028970984,0.01977169710290158,53.88429752066116,0.6426093247646125,0.3573906752353875
1016070144,0.32880890369415283,828.861,272.5041331355218,-15.136765528745018,-0.18937972110001516,0.07069654017686844,-0.002301525790244341,-0.020497076213359833,87329.15270657346,1391174.0,0.0013691712213128467,0.0005489394637699344,0.0008202317575429123,1435.6800825593396,0.39874852765911595,0.6012514723408839,81.56037151702786,0.9801661477857495,0.019833852214250495,53.874097007223945,0.6422979726140908,0.3577020273859092
1017118720,0.32781410217285156,822.785,271.3702765185088,-13.675266613706947,-0.20225470085118022,0.06734457612037659,-0.0014213691465556622,-0.02050553262233734,87544.50377917345,1392486.0,0.0013690496228404882,0.0005487953264688709,0.0008202542963716173,1435.5525773195877,0.39867454124639223,0.6013254587536078,81.55051546391752,0.9801150028453061,0.01988499715469399,53.86185567010309,0.6420530900699134,0.3579469099300867
1018167296,0.3266746997833252,793.102,258.4252346136449,-13.831661973915994,-0.18973338939786158,0.07335440069437027,-0.0023466816637665033,-0.020261742174625397,87455.20475862638,1393783.0,0.00136891354247544,0.0005486838972286142,0.0008202296452468259,1435.409886714727,0.39863080498422926,0.6013691950157707,81.55921730175078,0.9801240387732603,0.01987596122673974,53.84346035015448,0.6418209722291273,0.3581790277708728
1019215872,0.3280056416988373,808.963,262.8116958967969,-13.09368264639005,-0.16119736943335,0.06648090481758118,-0.0013702883152291179,-0.020454470068216324,87698.5834177292,1395086.0,0.0013687836289896396,0.0005485540554847246,0.000820229573504915,1435.2736625514403,0.398570469434663,0.601429530565337,81.55144032921811,0.9801027789179991,0.01989722108200085,53.82201646090535,0.6413788942866293,0.3586211057133706
1020264448,0.3261404037475586,794.629,260.22369094359874,-13.112676412193105,-0.2078994095765357,0.07353478670120239,-0.002012810204178095,-0.020415762439370155,87828.44101880313,1396494.0,0.001368756897035385,0.0005484979909836082,0.0008202589060517769,1435.245632065776,0.39853894554754904,0.601461054452451,81.54573484069887,0.9800826592231087,0.01991734077689142,53.80678314491264,0.6410886532431429,0.35891134675685704
1021313024,0.32518383860588074,777.86,252.46240478157625,-13.366404834591783,-0.16063498939026266,0.07248327136039734,-0.0019497498869895935,-0.020098255947232246,87478.71082694334,1397887.0,0.0013687155329960817,0.0005484391042094456,0.0008202764287866362,1435.2022587268993,0.39850934259648707,0.6014906574035129,81.53798767967146,0.9800753597505725,0.019924640249427493,53.79260780287474,0.6408667963096285,0.35913320369037155
1022361600,0.3247302770614624,771.933,253.56748701321985,-13.12684354288876,-0.17394593647280152,0.07700744271278381,-0.0011969995684921741,-0.019950352609157562,87495.75553793236,1399372.0,0.0013687642415364583,0.0005484263102213542,0.0008203379313151041,1435.2533333333333,0.3984887701204406,0.6015112298795594,81.52923076923076,0.9800817454019699,0.01991825459803012,53.78564102564103,0.6405804735725515,0.3594195264274485
1023410176,0.3248412609100342,728.79,238.84650077262754,-12.937259117268956,-0.1915866604098866,0.08343704789876938,-0.002215638756752014,-0.019727444276213646,87385.05918663769,1400745.0,0.0013687034122279434,0.0005484125653251273,0.000820290846902816,1435.189549180328,0.39849912416643346,0.6015008758335664,81.5061475409836,0.9800674215797499,0.019932578420250115,53.782786885245905,0.6402254911683366,0.3597745088316634
1024458752,0.32534241676330566,742.499,242.16228981255927,-14.428633706592024,-0.19018662103873327,0.08090366423130035,-0.002356167882680893,-0.020052334293723106,87425.44586911384,1402194.0,0.0013687168929569552,0.0005484466787004422,0.000820270214256513,1435.2036847492323,0.39852213426063093,0.601477865739369,81.525076765609,0.9800673525709682,0.01993264742903184,53.77482088024565,0.6400152118618139,0.3599847881381861
1025507328,0.3240004777908325,688.328,221.97072410104283,-12.69249264845252,-0.191111271338888,0.08012554049491882,-0.0020545830484479666,-0.01981784775853157,87335.5916653496,1403706.0,0.0013687917791261263,0.0005485226527801077,0.0008202691263460187,1435.282208588957,0.3985562407765999,0.6014437592234,81.52351738241309,0.9800877336010593,0.019912266398940805,53.76482617586912,0.6399185240638515,0.36008147593614853
1026555904,0.3232199549674988,710.981,226.18277321859892,-14.708905006775632,-0.20286134668600514,0.08775109797716141,-0.0029119043610990047,-0.019645843654870987,87598.74445326354,1405194.0,0.001368843133164621,0.0005485848338172921,0.0008202582993473291,1435.3360572012257,0.3985877823936524,0.6014122176063474,81.53217568947906,0.9800967235451734,0.01990327645482658,53.749744637385085,0.6398410818167,0.36015891818330004
1027604480,0.3237408399581909,737.859,241.4984221853665,-13.4243342789039,-0.19948470343868296,0.08534248918294907,-0.0014891278697177768,-0.019628457725048065,87349.81172231212,1406647.0,0.0013688603226019412,0.0005486157475685587,0.0008202445750333825,1435.354081632653,0.39860734217298444,0.6013926578270156,81.5295918367347,0.980065366774829,0.01993463322517105,53.737755102040815,0.6396012051054196,0.3603987948945804
1028653056,0.32250529527664185,752.33,246.14092754625273,-12.999454293936491,-0.21663918358920614,0.08847406506538391,-0.0026159852277487516,-0.019506841897964478,87273.12202012718,1408209.0,0.0013689834408074709,0.0005486670133413768,0.0008203164274660941,1435.4831804281346,0.398610850137711,0.6013891498622889,81.53516819571865,0.9800505368814595,0.019949463118540588,53.72579001019368,0.639313276106477,0.3606867238935229
1029701632,0.32259389758110046,717.771,234.2417428050495,-11.299361919678748,-0.19342254760020433,0.09090465307235718,-0.0025277025997638702,-0.01955614984035492,87343.08619269358,1409680.0,0.0013690179331482307,0.0005487084631521687,0.0008203094699960619,1435.5193482688392,0.3986327559580775,0.6013672440419224,81.5397148676171,0.980070852017018,0.019929147982981992,53.716904276985744,0.639341130883015,0.360658869116985
1030750208,0.3234303295612335,773.693,251.54470979796722,-13.084433807475492,-0.19928392667888198,0.0780695229768753,-0.0023764409124851227,-0.019823327660560608,87539.79378215282,1411098.0,0.001369000936451909,0.0005486867677643971,0.0008203141686875119,1435.501525940997,0.3986239595589621,0.6013760404410378,81.5381485249237,0.9800784096446711,0.019921590355328908,53.70091556459817,0.6392529217762646,0.3607470782237354
1031798784,0.32624688744544983,758.741,246.787261359266,-12.76469982505776,-0.20442667974560658,0.0816260576248169,-0.0022034915164113045,-0.020055219531059265,87440.28801277705,1412364.0,0.0013688366587569073,0.0005486050272375587,0.0008202316315193487,1435.3292682926829,0.3986129958835989,0.601387004116401,81.53353658536585,0.9800458624276053,0.019954137572394684,53.68089430894309,0.6392010745936847,0.3607989254063153
1032847360,0.3275890648365021,773.226,252.35709339584312,-13.302925797633828,-0.23304041899182376,0.07607917487621307,-0.002033657394349575,-0.020363345742225647,87346.62837246672,1413680.0,0.0013687211244844543,0.0005485195798922312,0.0008202015445922232,1435.208121827411,0.39858400887282724,0.6014159911271726,81.53502538071066,0.9800661204352931,0.019933879564706974,53.66700507614213,0.6391105151270922,0.36088948487290784
1033895936,0.32720673084259033,794.662,259.4036891647754,-13.594802878908114,-0.17639392157913197,0.07372505962848663,-0.0019534036982804537,-0.020425256341695786,87385.07307671323,1415017.0,0.0013686261360833902,0.00054841496156147,0.0008202111745219202,1435.108519269777,0.3985340143952702,0.6014659856047297,81.52738336713996,0.9800452211848104,0.01995477881518956,53.6501014198783,0.6388186701334048,0.36118132986659524
1034944512,0.3273715376853943,793.456,261.36579324390345,-13.130736316230148,-0.15204139877416192,0.0782570093870163,-0.002237063366919756,-0.020461002364754677,87460.82224362517,1416363.0,0.0013685400362797421,0.000548327947460047,0.000820212088819695,1435.018237082067,0.3984953040407686,0.6015046959592314,81.52178318135765,0.9800254451915021,0.019974554808497906,53.63525835866261,0.6385611186789792,0.3614388813210208
1035993088,0.32758957147598267,808.647,262.3640492067328,-15.196538497377187,-0.20332648013333215,0.08394356071949005,-0.00260454835370183,-0.0206313394010067,87263.4335973365,1417687.0,0.0013684328751042787,0.0005482459357875561,0.0008201869393167226,1434.9058704453441,0.3984665543751819,0.601533445624818,81.53137651821862,0.9799789274676909,0.020021072532309208,53.621457489878544,0.6383196600568345,0.3616803399431655
1037041664,0.32709652185440063,835.83,278.8147932167635,-13.735084530111402,-0.1502643792858433,0.07796286046504974,-0.0017017151694744825,-0.02055792324244976,84242.77912847648,1419084.0,0.001368396323178005,0.0005481370900832003,0.0008202592330948046,1434.8675429726998,0.3983980428555076,0.6016019571444923,81.50960566228514,0.9799654671433218,0.0200345328566783,53.622851365015165,0.6380786897231066,0.36192131027689334
1038090240,0.32452505826950073,749.943,244.36007528098673,-13.580154287276644,-0.1974200329205003,0.08549688756465912,-0.0017060581594705582,-0.020348208025097847,87314.61521620353,1420538.0,0.001368414753615254,0.0005481016756308199,0.0008203130779844342,1434.8868686868686,0.39836937185783355,0.6016306281421663,81.50404040404041,0.9799458316369036,0.020054168363096325,53.6030303030303,0.6378500897394291,0.36214991026057086
1039138816,0.32249778509140015,748.31,244.5171802701503,-13.388042552325874,-0.15574511395344476,0.08631795644760132,-0.0017537003150209785,-0.020093262195587158,87406.05039237409,1422037.0,0.0013684764519469167,0.0005481106000759767,0.00082036585187094,1434.9515640766901,0.3983605158438916,0.6016394841561084,81.50857719475277,0.9799426009148144,0.02005739908518552,53.590312815338045,0.6376740701071455,0.3623259298928545
1040187392,0.3257543444633484,714.066,233.26243615627288,-12.441832385525107,-0.16985415050183428,0.08190880715847015,-0.0020169569179415703,-0.020346220582723618,87618.01783332536,1423363.0,0.0013683717097005537,0.0005480618246140018,0.0008203098850865518,1434.8417338709678,0.39835730307993306,0.601642696920067,81.48689516129032,0.9799628200671181,0.020037179932881902,53.57661290322581,0.6375352857622795,0.3624647142377206
1041235968,0.32624906301498413,714.969,232.63213387138396,-13.706767504342018,-0.21269646596706435,0.08427301794290543,-0.0017197475535795093,-0.0206984281539917,87423.33441482951,1424799.0,0.0013683728220959806,0.000548086137569923,0.0008202866845260574,1434.842900302115,0.39837691032562306,0.6016230896743769,81.50050352467271,0.9799723979766279,0.020027602023371928,53.5840886203424,0.6374215444512745,0.3625784555487255
1042284544,0.3259087800979614,746.175,244.77840795093775,-11.78372893582657,-0.15161189522265342,0.08037108927965164,-0.0027943861205130816,-0.020491618663072586,87812.25529264403,1426183.0,0.0013683240418462927,0.0005480557140450122,0.0008202683278012803,1434.7917505030182,0.3983708380219378,0.6016291619780623,81.47585513078471,0.9799748967114109,0.020025103288588978,53.570422535211264,0.6372581424950862,0.36274185750491383
1043333120,0.32510319352149963,728.114,235.56916108878144,-12.279278135082684,-0.17001814943971025,0.0815785676240921,-0.002554581966251135,-0.020672811195254326,87827.21328984622,1427646.0,0.0013683510785126806,0.0005480502718058064,0.0008203008067068742,1434.8201005025126,0.398361346589364,0.6016386534106359,81.47035175879397,0.9799817984285484,0.020018201571451545,53.562814070351756,0.6371857397300703,0.3628142602699297
1044381696,0.3248194456100464,699.558,224.60993719730527,-13.110796221807453,-0.20086267817290196,0.08842962235212326,-0.002901074942201376,-0.02045971155166626,87905.65514612412,1429078.0,0.0013683483782542278,0.0005480793106508063,0.0008202690676034215,1434.8172690763051,0.39838556816258713,0.6016144318374129,81.48092369477912,0.9799800705883241,0.020019929411675776,53.545180722891565,0.6372153390543038,0.36278466094569617
1045430272,0.3239726722240448,708.619,229.06610538602342,-12.352611634239555,-0.20918073298389128,0.085182785987854,-0.0024808153975754976,-0.020404409617185593,87603.24616797615,1430575.0,0.0013684078587691787,0.0005481044650675659,0.0008203033937016126,1434.8796389167503,0.398388661480256,0.6016113385197441,81.48244734202608,0.9799880663121362,0.020011933687863744,53.53059177532598,0.637039133560306,0.362960866439694
1046478848,0.3241201639175415,717.394,233.6110866724346,-12.248343921683729,-0.19592626077472622,0.08316941559314728,-0.00305048911832273,-0.020288029685616493,87830.32477253674,1432058.0,0.0013684538418878773,0.0005481181020488243,0.0008203357398390531,1434.9278557114228,0.39838743827526524,0.6016125617247348,81.47895791583166,0.9799952721446686,0.020004727855331327,53.516032064128254,0.6370174356463023,0.3629825643536977
1047527424,0.32185107469558716,689.763,225.62218816987053,-11.488470534097404,-0.18721591780589342,0.09196968376636505,-0.0027010254561901093,-0.020087137818336487,87641.31287099702,1433625.0,0.0013685799217796899,0.0005481794431760862,0.0008204004786036036,1435.06006006006,0.3983968458220735,0.6016031541779265,81.48748748748748,0.9799930524305877,0.020006947569412303,53.5005005005005,0.6370119917140923,0.3629880082859078
1048576000,0.3253951966762543,667.315,215.98760553333537,-11.745617447929456,-0.2215670188632331,0.08429037779569626,-0.0021018092520534992,-0.02012810856103897,87553.92006495246,1435002.0,0.0013685245513916015,0.0005481996536254882,0.0008203248977661133,1435.002,0.398431273958096,0.601568726041904,81.472,0.9799979078630056,0.020002092136994408,53.49,0.6370493983270292,0.3629506016729707
1049624576,0.3250347375869751,719.893,235.41756370128692,-12.371106724845712,-0.22689166598457108,0.08578566461801529,-0.0032958625815808773,-0.020249072462320328,87427.86330537719,1436439.0,0.0013665628433227538,0.0005462856292724609,0.000820277214050293,1432.945,0.39809325140506846,0.6019067485949315,81.269,0.9799979078630056,0.020002092136994408,53.22,0.6366580939792031,0.36334190602079686
1050673152,0.3232347071170807,711.65,228.95652046350577,-13.004937714591623,-0.22818843786852705,0.08063580095767975,-0.0027919230051338673,-0.020170042291283607,87800.59404527018,1437868.0,0.0013659601211547853,0.0005456123352050781,0.000820347785949707,1432.313,0.39787730658152853,0.6021226934184714,81.211,0.9799479078630056,0.020052092136994402,53.112,0.6363790242117613,0.3636209757882387
1051721728,0.32376039028167725,730.606,236.0139528904855,-13.423661066416651,-0.20511281144885526,0.07850287854671478,-0.002569058211520314,-0.02018420211970806,87442.59326428357,1439261.0,0.0013658037185668944,0.0005453634262084961,0.0008204402923583984,1432.149,0.3977514912492474,0.6022485087507525,81.204,0.9798604078630055,0.020139592136994407,53.063,0.636135121772737,0.36386487822726304
1052770304,0.32495132088661194,715.692,233.20357034962439,-12.284779712915421,-0.21002046634486318,0.08297790586948395,-0.0022215871140360832,-0.02043193392455578,87456.07429114102,1440668.0,0.0013657493591308595,0.0005452423095703125,0.0008205070495605469,1432.092,0.39768101371886655,0.6023189862811335,81.196,0.9798489136101319,0.02015108638986797,53.021,0.6358851217727369,0.364114878227263
1053818880,0.3233226239681244,756.532,246.4956595730949,-12.76778451932373,-0.19894831176860606,0.08107806742191315,-0.0028439313173294067,-0.02024117112159729,87539.32856022795,1442118.0,0.0013658227920532227,0.0005451536178588867,0.0008206691741943359,1432.169,0.3975923546034133,0.6024076453965866,81.179,0.979823272584491,0.020176727415508997,52.977,0.6356025130770847,0.3643974869229153
1054867456,0.3238527774810791,747.976,245.21430734710395,-12.022465480001644,-0.218553237499263,0.07891637086868286,-0.0022266635205596685,-0.020220810547471046,87705.07347354005,1443494.0,0.0013658075332641602,0.0005449962615966797,0.0008208112716674805,1432.153,0.39747810540533796,0.6025218945946622,81.16,0.979823272584491,0.020176727415508994,52.923,0.6350079184824902,0.36499208151750984
1055916032,0.32366204261779785,742.233,242.63634227087536,-12.420414111602353,-0.17336531947301154,0.08982118964195251,-0.0023519727401435375,-0.020211320370435715,87336.05125567182,1444901.0,0.0013658065795898438,0.0005448522567749023,0.0008209543228149414,1432.152,0.3973711346786144,0.6026288653213856,81.117,0.979796245557464,0.020203754442536023,52.874,0.6347035706564031,0.36529642934359674
1056964608,0.32627782225608826,754.835,245.1545020602057,-13.895515228934586,-0.187939950759223,0.0765950158238411,-0.0018668601987883449,-0.020551957190036774,87909.01291723135,1446194.0,0.001365785598754883,0.000544677734375,0.0008211078643798828,1432.13,0.39723876411938797,0.602761235880612,81.135,0.9797749689617193,0.020225031038280702,52.814,0.6342535706564032,0.3657464293435968
1058013184,0.3264220952987671,769.725,250.47133185266517,-14.19191331372736,-0.1785575946209038,0.08094422519207001,-0.002222116570919752,-0.020618807524442673,87712.29043812923,1447571.0,0.0013637380599975585,0.0005440912246704101,0.0008196468353271484,1429.983,0.3972943194688662,0.6027056805311338,80.987,0.9797749689617192,0.020225031038280706,52.631,0.6338160706564032,0.3661839293435968
1059061760,0.32603919506073,778.225,252.52438090895862,-14.906852313633543,-0.1776655319852524,0.08445489406585693,-0.002885360037907958,-0.02065548673272133,87732.63936653156,1448945.0,0.0013624019622802735,0.0005429010391235352,0.0008195009231567383,1428.582,0.3970363942947838,0.6029636057052162,80.756,0.9797223373827719,0.02027766261722807,52.358,0.6332906469275897,0.36670935307241037
1060110336,0.32734256982803345,778.777,255.5218503416935,-13.191405069563071,-0.1766635192507323,0.0732307881116867,-0.0019010212272405624,-0.02075473964214325,87176.44162856636,1450236.0,0.0013617706298828126,0.0005422754287719726,0.0008194952011108398,1427.92,0.3968257421887268,0.6031742578112733,80.68,0.9796800838616453,0.020319916138354828,52.234,0.6327265443634871,0.3672734556365129
1061158912,0.3286757469177246,801.555,265.1152436988866,-12.473303556754253,-0.17149976565244487,0.07353584468364716,-0.0012975579593330622,-0.02087271586060524,87774.47792059153,1451526.0,0.0013614034652709962,0.0005418453216552735,0.0008195581436157227,1427.535,0.3966323926573141,0.6033676073426859,80.613,0.9796175838616451,0.02038241613835483,52.149,0.6321319497688925,0.3678680502311075
1062207488,0.3271821439266205,773.068,248.2130488740532,-14.129866564674769,-0.19518755430966087,0.07570436596870422,-0.0011479309760034084,-0.02077023871243,87702.32588184525,1452876.0,0.001361431121826172,0.0005417222976684571,0.0008197088241577149,1427.564,0.39652655981463036,0.6034734401853696,80.628,0.9795948565889179,0.020405143411082103,52.103,0.6317890926260353,0.3682109073739646
1063256064,0.3279370665550232,782.741,256.94366998894515,-12.673400072059012,-0.1625026489013391,0.07274337857961655,-0.0027774451300501823,-0.020800966769456863,87794.92406785554,1454239.0,0.0013615493774414063,0.0005416355133056641,0.0008199138641357422,1427.688,0.39641816233648525,0.6035818376635148,80.608,0.9795803638352948,0.020419636164705292,52.064,0.6312506310875737,0.3687493689124262
1064304640,0.32706335186958313,755.376,247.38779417648166,-11.954072961583734,-0.168545377556886,0.07667665183544159,-0.002167277969419956,-0.02052217721939087,87602.45222732058,1455637.0,0.0013616876602172852,0.0005416536331176758,0.0008200340270996094,1427.833,0.39638978523409174,0.6036102147659083,80.604,0.9795505130890261,0.02044948691097395,52.047,0.6308339644209071,0.3691660355790929
1065353216,0.32796189188957214,735.294,239.76921123260072,-12.530611989755183,-0.22106825811936776,0.07300597429275513,-0.0015579115133732557,-0.02069057524204254,87712.29218741633,1456966.0,0.0013618993759155274,0.0005416889190673828,0.0008202104568481445,1428.055,0.39634323353456424,0.6036567664654358,80.6,0.9795386083271213,0.020461391672878713,52.013,0.6302663968533395,0.3697336031466605
1066401792,0.327456533908844,720.654,235.73050388998223,-11.311916568462737,-0.22613315935610803,0.07528647780418396,-0.0021543269976973534,-0.02055295556783676,87542.70022432032,1458391.0,0.0013611717224121093,0.0005417165756225585,0.0008194551467895508,1427.292,0.3964888790010641,0.6035111209989359,80.577,0.9795243226128355,0.020475677387164423,51.967,0.6299330635200062,0.3700669364799938
1067450368,0.32534629106521606,738.172,239.59797155175357,-12.57650967471674,-0.17692344656349246,0.08849123865365982,-0.0026191589422523975,-0.02028532885015011,87818.22034492627,1459834.0,0.0013604888916015625,0.0005415401458740234,0.0008189487457275391,1426.576,0.396536029047751,0.603463970952249,80.496,0.9794993226128356,0.020500677387164427,51.846,0.629521298814124,0.37047870118587617
1068498944,0.324405312538147,686.904,224.19666142132132,-11.06412516981922,-0.18618661816820647,0.08350031077861786,-0.001929139019921422,-0.02004150301218033,87495.90697568562,1461273.0,0.0013603134155273438,0.000541499137878418,0.0008188142776489258,1426.392,0.39655656900134545,0.6034434309986545,80.472,0.9794733485868615,0.02052665141313845,51.745,0.6293050825979076,0.3706949174020923
1069547520,0.3253937363624573,716.068,230.60912202177198,-12.66919756800402,-0.18946108339133852,0.08565910905599594,-0.0024539197329431772,-0.02009277418255806,87747.22886595527,1462754.0,0.0013603086471557617,0.0005415267944335937,0.0008187818527221679,1426.387,0.39657744764087366,0.6034225523591262,80.464,0.9794293925429056,0.020570607457094495,51.687,0.6288435441363692,0.37115645586363083
1070596096,0.32448938488960266,707.505,228.61729448255616,-12.827702095737681,-0.22602419127070697,0.08286716043949127,-0.0017301510088145733,-0.020101875066757202,87354.84310256889,1464247.0,0.0013605241775512696,0.0005416135787963867,0.0008189105987548829,1426.613,0.39657424141302056,0.6034257585869794,80.479,0.9793971344783894,0.020602865521610624,51.627,0.6285102108030359,0.3714897891969641
1071644672,0.32556426525115967,720.407,234.16371883392148,-12.974301429290325,-0.206641816863141,0.08443829417228699,-0.002694041933864355,-0.020204968750476837,87692.1765010701,1465703.0,0.0013606653213500976,0.0005416841506958007,0.0008189811706542969,1426.761,0.3965842663651326,0.6034157336348672,80.49,0.979374662568277,0.020625337431722984,51.593,0.6280612312111992,0.3719387687888009
1072693248,0.3261958360671997,730.691,237.76798659377732,-12.363511205893584,-0.21123198915473504,0.08361145853996277,-0.0022911003325134516,-0.020188771188259125,87410.53058592897,1467085.0,0.0013606538772583008,0.0005415859222412109,0.0008190679550170899,1426.749,0.39651376055877213,0.6034862394412279,80.485,0.9793191070127216,0.02068089298727854,51.554,0.6276465970648576,0.37235340293514235
1073741824,0.32648172974586487,694.664,226.8251142420247,-12.105134328704327,-0.22914859650145378,0.08383394777774811,-0.002784362994134426,-0.020317548885941505,87801.75091577476,1468489.0,0.0013605127334594728,0.0005415182113647461,0.0008189945220947266,1426.601,0.3965089014669285,0.6034910985330714,80.487,0.9793191070127215,0.02068089298727854,51.515,0.6271601105783712,0.3728398894216288
1074790400,0.3291562497615814,729.292,238.32708324510233,-11.6493135687802,-0.18511347610616458,0.07411178201436996,-0.001722567481920123,-0.02053445763885975,87443.19132827209,1469753.0,0.0013595046997070313,0.0005411119461059571,0.0008183927536010743,1425.544,0.3965004610576767,0.6034995389423233,80.442,0.9793041816395871,0.020695818360412867,51.461,0.6266472900655505,0.3733527099344493
1075838976,0.32854220271110535,763.133,251.74691570561006,-13.170274373672903,-0.17352879251065145,0.0790799930691719,-0.002227709162980318,-0.02039189636707306,87780.95643833274,1471167.0,0.001358480453491211,0.0005404834747314454,0.0008179969787597656,1424.47,0.3963973903636069,0.6036026096363931,80.393,0.9792625149729205,0.020737485027079536,51.385,0.6262722900655506,0.3737277099344493
1076887552,0.32537567615509033,757.751,247.62586091235187,-15.142242987523787,-0.20172916671378902,0.08180057257413864,-0.002136408817023039,-0.02014128491282463,87535.9885165462,1472566.0,0.0013576469421386719,0.0005398492813110351,0.0008177976608276367,1423.596,0.3962606648978965,0.6037393351021035,80.349,0.9792512790178642,0.020748720982135715,51.302,0.6257086537019143,0.3742913462980857
1077936128,0.32517653703689575,721.369,236.95563443714659,-11.454320366381667,-0.18809657989451903,0.0790804922580719,-0.0023887446150183678,-0.020088637247681618,87826.79762367721,1474047.0,0.001357193946838379,0.0005393924713134766,0.0008178014755249024,1423.121,0.3961107171618148,0.6038892828381852,80.302,0.9792282905121171,0.02077170948788284,51.233,0.6253608276149578,0.37463917238504224
1078984704,0.32414406538009644,746.375,246.08236603920906,-13.067208897341741,-0.20367298472727605,0.0903286337852478,-0.002385884989053011,-0.02000797726213932,87492.94446102907,1475485.0,0.001357102394104004,0.0005391511917114258,0.0008179512023925781,1423.025,0.39597068220090104,0.604029317799099,80.298,0.9791742364580631,0.020825763541936895,51.18,0.6247754617612992,0.3752245382387007
1080033280,0.3245011270046234,787.655,260.3585755023628,-13.562770001206546,-0.19884010984417802,0.08264074474573135,-0.0025247163139283657,-0.02024787664413452,87959.47361319697,1476926.0,0.0013570556640625,0.0005389385223388672,0.0008181171417236328,1422.976,0.39583327296328175,0.6041667270367184,80.295,0.979109301393128,0.020890698606871958,51.157,0.6241905561009219,0.3758094438990781
1081081856,0.3276785612106323,786.773,259.9386546606398,-13.39645313370775,-0.17925036143129686,0.07971443235874176,-0.002195613691583276,-0.020691659301519394,87496.3473666136,1478253.0,0.0013569307327270508,0.0005387125015258789,0.0008182182312011719,1422.845,0.39570335699411546,0.6042966430058846,80.278,0.9790631475469742,0.020936852453025807,51.091,0.6235626491241777,0.3764373508758223
1082130432,0.3287746012210846,793.902,262.2849312321348,-13.619523178577422,-0.20885045066791189,0.07614029943943024,-0.002942507155239582,-0.020989976823329926,87727.25639286172,1479552.0,0.0013567523956298827,0.0005385198593139648,0.000818232536315918,1422.658,0.39561217804602716,0.6043878219539729,80.261,0.9790364808803075,0.02096351911969247,51.044,0.6230376491241777,0.37696235087582225
1083179008,0.3291682004928589,791.98,260.7034239649512,-15.439206236442086,-0.17946358513437063,0.07712063193321228,-0.0024927726481109858,-0.021106833592057228,87451.50943833003,1480799.0,0.0013561124801635743,0.0005383062362670899,0.0008178062438964844,1421.987,0.39563229723928595,0.6043677027607142,80.241,0.9790242857583562,0.02097571424164369,51.004,0.6225299568164854,0.37747004318351457
1084227584,0.3301611840724945,801.925,261.3670406071916,-14.968655984424055,-0.19690146031064842,0.07048726081848145,-0.002215870190411806,-0.021232247352600098,87864.04605305914,1482070.0,0.0013554039001464843,0.0005379371643066406,0.0008174667358398438,1421.244,0.39556872649882796,0.6044312735011721,80.183,0.9789541103197599,0.02104588968024018,50.922,0.6219253056536947,0.3780746943463053
1085276160,0.3288312554359436,815.345,266.05278351958935,-14.854982795536518,-0.1881315197722081,0.07634925842285156,-0.0026345360092818737,-0.021034758538007736,87127.44641652347,1483435.0,0.0013548536300659179,0.0005376367568969727,0.0008172168731689453,1420.667,0.3955153564222859,0.6044846435777143,80.117,0.9789287938640635,0.021071206135936386,50.859,0.6212467342251233,0.37875326577487667
1086324736,0.32742905616760254,762.115,250.80514959847181,-12.79205432173051,-0.16857637838467865,0.07858633995056152,-0.0028792049270123243,-0.020854175090789795,87785.72746720097,1484896.0,0.0013546152114868163,0.0005374736785888672,0.0008171415328979493,1420.417,0.39546921979617095,0.6045307802038291,80.084,0.9789287938640635,0.021071206135936382,50.796,0.6207046423883886,0.3792953576116114
1087373312,0.32519984245300293,773.159,253.19824469941622,-12.66845993382018,-0.18234655881574174,0.07964762300252914,-0.0019471205305308104,-0.020573139190673828,87314.02757688507,1486351.0,0.0013546733856201172,0.0005373964309692383,0.0008172769546508789,1420.478,0.39539511378464387,0.604604886215356,80.059,0.9788917568270266,0.021108243172973423,50.741,0.6202021392594774,0.3797978607405225
1088421888,0.3227114677429199,725.474,236.59940658511502,-12.655376635494642,-0.17049725351998984,0.08797267079353333,-0.0031140041537582874,-0.020364928990602493,87803.0638254444,1487935.0,0.001354985237121582,0.0005375070571899414,0.0008174781799316406,1420.805,0.3953837667221334,0.6046162332778667,80.075,0.9788704802312819,0.021129519768718106,50.728,0.6197221392594774,0.38027786074052256
1089470464,0.3230065703392029,677.153,221.92771779795643,-10.593325326022692,-0.19533824184964552,0.08463132381439209,-0.002525909338146448,-0.020340880379080772,87508.35103187928,1489412.0,0.0013551197052001952,0.0005376091003417969,0.0008175106048583984,1420.946,0.3954190543053961,0.6045809456946039,80.069,0.9788419088027105,0.021158091197289532,50.683,0.6192626798000179,0.380737320199982
1090519040,0.324201762676239,696.108,225.20739198106156,-12.760504145300947,-0.181015835446314,0.08350935578346252,-0.0023308000527322292,-0.020446736365556717,87926.87790080658,1490886.0,0.0013551578521728517,0.0005376825332641602,0.0008174753189086914,1420.986,0.39546063888913385,0.6045393611108661,80.072,0.9788189202969634,0.02118107970303666,50.645,0.6188460131333513,0.38115398686664864
1091567616,0.3237192928791046,658.254,211.22944155589025,-11.682142294529825,-0.17559395708278847,0.09153303503990173,-0.0031926543451845646,-0.020417824387550354,87395.9972520827,1492331.0,0.001354879379272461,0.0005377206802368164,0.0008171586990356445,1420.694,0.3955589366741628,0.6044410633258371,80.074,0.9788095814157798,0.0211904185842202,50.598,0.618475642762981,0.3815243572370191
1092616192,0.32517027854919434,699.912,228.191674379864,-11.377201750343666,-0.19581148353970287,0.08173944056034088,-0.0020375121384859085,-0.020556513220071793,87899.10023699129,1493742.0,0.0013543825149536133,0.0005375604629516602,0.0008168220520019531,1420.173,0.39558397581501553,0.6044160241849845,80.027,0.9787962480824465,0.021203751917553533,50.533,0.6179941612814994,0.3820058387185005
1093664768,0.3262333869934082,696.505,227.43905783170928,-10.585966489814222,-0.18365581715585683,0.0762861892580986,-0.0023862761445343494,-0.02069169282913208,87563.59639327011,1495100.0,0.0013537378311157227,0.0005372648239135743,0.0008164730072021485,1419.497,0.395567149925824,0.604432850074176,79.998,0.9787827345689329,0.021217265431067046,50.448,0.6177332917162821,0.38226670828371795
1094713344,0.32423245906829834,787.052,258.15440363754055,-14.546124931517058,-0.2123372107602429,0.08231628686189651,-0.0019367006607353687,-0.020572207868099213,87885.1767151586,1496629.0,0.0013533878326416017,0.0005369729995727539,0.0008164148330688476,1419.13,0.39547880345685416,0.6045211965431458,79.949,0.9787580432109082,0.02124195678909174,50.417,0.6172087015523475,0.38279129844765236
1095761920,0.32338953018188477,705.003,228.54359112406337,-12.681162642644718,-0.17797990612536227,0.0885801836848259,-0.003257592674344778,-0.02035781927406788,87346.96491183611,1498095.0,0.001353170394897461,0.0005367898941040039,0.0008163805007934571,1418.902,0.39542311859849044,0.6045768814015096,79.938,0.9787239523018173,0.021276047698182646,50.367,0.6169108292119221,0.3830891707880779
1096810496,0.3242170810699463,750.851,245.29708072732947,-13.005922720674105,-0.16688910362896092,0.08215852081775665,-0.0023659137077629566,-0.020412985235452652,87607.79546365736,1499538.0,0.0013531160354614258,0.0005366086959838867,0.000816507339477539,1418.845,0.3953115149948868,0.6046884850051132,79.931,0.9787009637960703,0.021299036203929773,50.331,0.6163526896770384,0.3836473103229616
1097859072,0.3243817090988159,730.314,236.38254132728466,-13.435902194269001,-0.20543472035564256,0.08089201152324677,-0.0034642633982002735,-0.02053939923644066,87622.39932982124,1500920.0,0.0013529634475708007,0.0005364513397216797,0.000816512107849121,1418.685,0.3952460306595094,0.6047539693404906,79.928,0.9786774343843055,0.02132256561569448,50.308,0.6159831244596471,0.3840168755403529
1098907648,0.32789888978004456,807.121,266.8629524982497,-13.515551439106464,-0.1983963832353302,0.07525888830423355,-0.0018722570966929197,-0.020784493535757065,87745.9806482057,1502261.0,0.001352712631225586,0.0005362005233764648,0.000816512107849121,1418.422,0.3951414891609069,0.604858510839093,79.92,0.9786461843843056,0.02135381561569448,50.278,0.615403124459647,0.38459687554035293
1099956224,0.32797569036483765,793.986,259.10646121140013,-13.634500272435137,-0.2291173441536451,0.07962552458047867,-0.0020992900244891644,-0.020792264491319656,87729.84629773791,1503631.0,0.0013523073196411133,0.0005359363555908203,0.000816370964050293,1417.997,0.39507531182320893,0.604924688176791,79.912,0.9786223748604961,0.021377625139504006,50.233,0.6149278497343723,0.3850721502656277
1101004800,0.32816049456596375,803.822,263.83711099620723,-14.99041269669449,-0.2151633384088743,0.08155219256877899,-0.0026154504157602787,-0.02088821493089199,87948.23753243932,1504942.0,0.0013517026901245118,0.0005356044769287109,0.0008160982131958008,1417.363,0.3950207103592271,0.6049792896407729,79.901,0.9785717419491037,0.021428258050896407,50.178,0.6143701574266801,0.38562984257331995
1102053376,0.32921433448791504,766.69,249.6102369215619,-13.290937798752449,-0.19203859905305914,0.0755431279540062,-0.0021362826228141785,-0.02099175751209259,87829.5688057913,1506274.0,0.001351069450378418,0.0005352468490600586,0.0008158226013183594,1416.699,0.3949602064685629,0.6050397935314371,79.872,0.9785607529381145,0.02143924706188542,50.117,0.6139257129822356,0.3860742870177644
1103101952,0.32889315485954285,786.78,258.5014949522309,-12.662790311940014,-0.17860982361401936,0.07479415833950043,-0.002686261897906661,-0.020948346704244614,87559.71235692386,1507620.0,0.0013506078720092773,0.0005349111557006836,0.0008156967163085938,1416.215,0.39485824396480756,0.6051417560351924,79.85,0.9785227782545703,0.021477221745429723,50.068,0.6133851724416951,0.38661482755830495
1104150528,0.327742338180542,787.957,259.4662669768063,-13.238447864977642,-0.1819952086646638,0.07855957746505737,-0.002856116509065032,-0.020787689834833145,87625.43521326157,1508993.0,0.001350362777709961,0.0005346221923828125,0.0008157405853271484,1415.958,0.3947283939654778,0.6052716060345221,79.822,0.9785227782545703,0.02147722174542972,50.035,0.6127925798491025,0.38720742015089754
1105199104,0.32828378677368164,765.891,252.6419125981489,-12.143855523869394,-0.2006401572633678,0.07328213006258011,-0.002810476813465357,-0.020732512697577477,87808.49467532364,1510397.0,0.0013502874374389648,0.0005344629287719726,0.0008158245086669921,1415.879,0.3946348312134525,0.6053651687865476,79.811,0.9785206733942565,0.02147932660574354,49.985,0.6122456746266652,0.38775432537333465
1106247680,0.327324777841568,718.87,234.69991981235145,-12.98525791525189,-0.19732021476676273,0.08557355403900146,-0.0028509697876870632,-0.020548496395349503,87533.78461061283,1511842.0,0.0013503408432006835,0.0005344324111938477,0.000815908432006836,1415.935,0.39459577795017026,0.6054042220498297,79.812,0.9785206733942564,0.02147932660574354,49.952,0.6117072130882039,0.3882927869117962
1107296256,0.3277730643749237,738.698,241.95429640435987,-11.733369069922716,-0.16193452265416017,0.0724833682179451,-0.0013660136610269547,-0.02059272490441799,87564.48900327679,1513252.0,0.001350341796875,0.0005344047546386719,0.0008159370422363281,1415.936,0.394574923161552,0.6054250768384479,79.819,0.9784936463672295,0.021506353632770567,49.911,0.6112335471145378,0.3887664528854622
1108344832,0.3281328082084656,743.092,244.363683729494,-12.499687801398338,-0.17691844187972308,0.07809832692146301,-0.0026192422956228256,-0.020422354340553284,87610.01182411896,1514653.0,0.0013501739501953125,0.0005343770980834961,0.0008157968521118164,1415.76,0.394600347070645,0.6053996529293549,79.805,0.9784766972146871,0.021523302785312937,49.853,0.6106438035247942,0.3893561964752058
1109393408,0.32773542404174805,722.728,235.96389331750945,-12.44884633169358,-0.17556998061579454,0.08415678888559341,-0.002698989585042,-0.020394574850797653,87847.92616377996,1516099.0,0.0013499250411987305,0.000534332275390625,0.0008155927658081055,1415.499,0.39463435397898183,0.6053656460210181,79.791,0.9784766972146872,0.021523302785312937,49.817,0.6100417522427429,0.389958247757257
1110441984,0.32682615518569946,728.338,239.6446140012676,-11.280844468475728,-0.1668353151191643,0.08329150080680847,-0.002314689802005887,-0.020439589396119118,87379.56427192701,1517536.0,0.0013495922088623048,0.0005342283248901367,0.000815363883972168,1415.15,0.3946534182077589,0.6053465817922412,79.775,0.978421752159742,0.021578247840257993,49.772,0.6095711640074487,0.3904288359925512
1111490560,0.3270643949508667,722.956,237.17463048874586,-11.048396738458425,-0.1722051633627675,0.08260097354650497,-0.0027358110528439283,-0.020300395786762238,87694.69614017413,1519012.0,0.0013492527008056642,0.000534027099609375,0.0008152256011962891,1414.794,0.39461276040489257,0.6053872395951073,79.755,0.9783676981056881,0.021632301894312048,49.711,0.609121908629622,0.390878091370378
1112539136,0.32535266876220703,690.298,225.4492898545186,-10.54344782505557,-0.1745478499625697,0.09132102131843567,-0.002430333523079753,-0.020367775112390518,87112.5825942344,1520524.0,0.0013491487503051757,0.0005339345932006836,0.0008152141571044922,1414.685,0.3945810274292978,0.6054189725707022,79.728,0.9783387125984416,0.021661287401558427,49.664,0.6088033327782288,0.39119666722177115
1113587712,0.32691043615341187,722.087,236.08448759806342,-11.84235546966642,-0.1711169225414632,0.08510736376047134,-0.0024798824451863766,-0.020379910245537758,87720.39038519694,1521965.0,0.0013490381240844726,0.0005338354110717774,0.0008152027130126953,1414.569,0.3945454601784458,0.6054545398215543,79.735,0.9783146162128994,0.021685383787100592,49.629,0.6084533327782289,0.39154666722177117
1114636288,0.32638829946517944,695.206,225.32916082083608,-11.966533283580095,-0.1891843353197728,0.08926093578338623,-0.002640505786985159,-0.020479725673794746,87587.94745838217,1523452.0,0.0013490228652954103,0.0005337839126586914,0.0008152389526367188,1414.553,0.3945139061602772,0.6054860938397228,79.754,0.9782805253038084,0.0217194746961915,49.602,0.6081606498513996,0.3918393501486004
1115684864,0.32560214400291443,678.333,219.490046617758,-12.013890713885427,-0.2122336940976966,0.0957830399274826,-0.0033142846077680588,-0.02063213288784027,87910.62073204746,1524957.0,0.0013490209579467773,0.0005337972640991211,0.0008152236938476562,1414.551,0.3945237860783561,0.6054762139216439,79.772,0.9782691616674449,0.02173083833255514,49.579,0.6078345628948778,0.39216543710512225
1116733440,0.32666856050491333,709.537,232.5431395939961,-12.031103075072169,-0.1761993653441929,0.08968346565961838,-0.002693501766771078,-0.020661788061261177,87311.37376450402,1526377.0,0.0013487720489501953,0.0005336952209472656,0.0008150768280029296,1414.29,0.39452639435143294,0.605473605648567,79.781,0.9782691616674449,0.02173083833255514,49.552,0.6075067851171,0.39249321488289995
1117782016,0.3284163475036621,753.513,250.59936210496724,-11.504018203862012,-0.16349513518294168,0.07739156484603882,-0.0029005086980760098,-0.020930152386426926,87570.74650113966,1527741.0,0.001348308563232422,0.0005334529876708984,0.0008148555755615234,1413.804,0.394489825436477,0.6055101745635231,79.749,0.9782286211269042,0.021771378873095677,49.519,0.6070554864158014,0.39294451358419874
1118830592,0.32638129591941833,742.923,242.47778359714593,-12.501987810157239,-0.207248531992032,0.08733558654785156,-0.0030583017505705357,-0.020701464265584946,87405.14016490223,1529226.0,0.001348008155822754,0.0005332450866699219,0.000814763069152832,1413.489,0.3944364752681268,0.6055635247318732,79.744,0.9782088191467062,0.0217911808532937,49.482,0.6067616267666786,0.39323837323332145
1119879168,0.32831788063049316,759.798,251.54289842301304,-12.572120645657181,-0.20134757956034616,0.07871030271053314,-0.0027499161660671234,-0.02067255973815918,87843.01853829605,1530588.0,0.0013474311828613281,0.0005328569412231445,0.0008145742416381836,1412.884,0.39434857147820696,0.605651428521793,79.726,0.9781825033572327,0.02181749664276738,49.439,0.6063767824443342,0.39362321755566576
1120927744,0.32831186056137085,781.375,256.511991580843,-12.797261276762,-0.18331044459174076,0.07350654900074005,-0.002685803221538663,-0.02067745476961136,87366.42094814051,1531937.0,0.0013469724655151367,0.0005323982238769531,0.0008145742416381836,1412.403,0.39417866946619234,0.6058213305338077,79.714,0.9781558366905659,0.02184416330943405,49.375,0.6057433592637412,0.39425664073625877
1121976320,0.3285488784313202,817.258,270.88204236842506,-13.861048331846483,-0.1862585782702583,0.0820617824792862,-0.003023938275873661,-0.020801912993192673,87526.63705328354,1533307.0,0.0013466272354125976,0.0005320634841918945,0.0008145637512207031,1412.041,0.39405305627693393,0.6059469437230661,79.701,0.9781082176429469,0.021891782357053094,49.339,0.6051428790716643,0.3948571209283356
1123024896,0.3313705027103424,786.319,258.89271956741436,-14.079150061558234,-0.24833577888539582,0.07364202290773392,-0.0027066566981375217,-0.02118639647960663,87320.45563689274,1534574.0,0.0013461685180664062,0.0005316381454467773,0.0008145303726196289,1411.56,0.39389933227801033,0.6061006677219897,79.663,0.9780541635888929,0.02194583641110715,49.274,0.6046637662379003,0.3953362337620996
1124073472,0.33185654878616333,778.401,257.4780197987184,-11.976062453231775,-0.19016935793522033,0.07469480484724045,-0.002292657271027565,-0.021250784397125244,87862.10117343809,1535919.0,0.0013459482192993164,0.0005313558578491211,0.0008145923614501953,1411.329,0.3937628430247127,0.6062371569752872,79.644,0.9780406500753793,0.021959349924620664,49.237,0.6041496870902597,0.39585031290974043
1125122048,0.32933419942855835,718.931,232.8740261677201,-13.019468092734925,-0.1898459309737975,0.08348909765481949,-0.002788851037621498,-0.02109358087182045,87566.73281231346,1537327.0,0.0013456573486328124,0.0005311594009399414,0.0008144979476928711,1411.024,0.3937128957631302,0.6062871042368698,79.653,0.9780053559577323,0.02199464404226772,49.18,0.6039466009777658,0.3960533990222342
1126170624,0.3305213451385498,781.352,259.72212342977684,-13.10208041446656,-0.17964465887300565,0.07870496809482574,-0.0020720320753753185,-0.020998269319534302,88039.06312982646,1538688.0,0.001345311164855957,0.0005309305191040039,0.0008143806457519532,1410.661,0.39365227601274194,0.6063477239872582,79.636,0.9780053559577323,0.02199464404226772,49.151,0.6034283236668414,0.39657167633315854
1127219200,0.3266843557357788,768.574,255.11024790996265,-12.614677612790837,-0.18085957850664036,0.08540171384811401,-0.002983067650347948,-0.020804930478334427,87412.84295546493,1540186.0,0.0013452463150024415,0.0005308198928833008,0.0008144264221191407,1410.593,0.3935946956203243,0.6064053043796758,79.613,0.977992022624399,0.022007977375601055,49.128,0.6028229623614803,0.39717703763851986
1128267776,0.32624348998069763,743.84,244.99018250241502,-11.595625995904207,-0.14486004515371365,0.08198655396699905,-0.0015671589644625783,-0.02053634077310562,87575.18953623355,1541607.0,0.0013450965881347656,0.0005307779312133789,0.0008143186569213867,1410.436,0.39360679147741634,0.6063932085225838,79.591,0.9779503559577323,0.02204964404226772,49.108,0.602492080008539,0.397507919991461
1129316352,0.3261282444000244,740.613,243.70857818246725,-11.594864041263703,-0.1860656016109382,0.08507437258958817,-0.002481577917933464,-0.020486783236265182,87656.13581287689,1543094.0,0.0013449888229370118,0.0005306501388549805,0.0008143386840820312,1410.323,0.3935499711176315,0.6064500288823685,79.581,0.97793801027872,0.022061989721280068,49.065,0.6020444313838718,0.3979555686161283
1130364928,0.3249194920063019,704.065,230.5889449633821,-11.543056828140049,-0.19174783653370658,0.08845429122447968,-0.0017029258888214827,-0.0203652773052454,87595.72088681544,1544611.0,0.0013449964523315429,0.0005306358337402344,0.0008143606185913086,1410.331,0.39353790595641247,0.6064620940435875,79.566,0.9778985365945093,0.022101463405490598,49.013,0.6016997608706619,0.39830023912933815
1131413504,0.3278011679649353,713.133,234.08005307350518,-10.65503251708299,-0.18823161525076215,0.08380837738513947,-0.0026345737278461456,-0.02051856741309166,87592.57366832963,1545952.0,0.0013448047637939454,0.0005305690765380859,0.0008142356872558594,1410.13,0.39354626402591747,0.6064537359740825,79.517,0.9778826635786363,0.022117336421363612,48.976,0.6013479785066843,0.3986520214933156
1132462080,0.3295300602912903,749.877,247.72404507444054,-11.831633722595871,-0.19640409898127328,0.0757342129945755,-0.002210804261267185,-0.020645732060074806,87451.18948175736,1547275.0,0.0013446521759033203,0.0005304622650146485,0.0008141899108886719,1409.97,0.3935112713220104,0.6064887286779896,79.494,0.9778934162668085,0.02210658373319157,48.926,0.6008887988969671,0.39911120110303283
1133510656,0.328342080116272,734.069,242.54085297534823,-12.01038553530164,-0.20940863816418068,0.08094322681427002,-0.00224888464435935,-0.020641405135393143,87581.30554992164,1548618.0,0.0013444070816040039,0.0005303535461425781,0.0008140535354614258,1409.713,0.39350149656400596,0.6064985034359941,79.469,0.977823971822364,0.022176028177636014,48.901,0.6004714734687722,0.39952852653122783
1134559232,0.32908040285110474,764.121,251.1489835158717,-12.063345531898085,-0.1735255203441431,0.07242055237293243,-0.0023719596210867167,-0.02079758420586586,87473.80609072199,1549957.0,0.0013441810607910157,0.0005302438735961914,0.0008139371871948242,1409.476,0.39348524267349744,0.6065147573265025,79.459,0.9778106384890306,0.022189361510969348,48.867,0.6000255275228262,0.39997447247717377
1135607808,0.3275085985660553,762.009,250.39320912323427,-12.844038977617863,-0.1939866269148025,0.08774160593748093,-0.0026595962699502707,-0.020697269588708878,87494.31603511942,1551451.0,0.0013440999984741212,0.0005301551818847656,0.0008139448165893554,1409.391,0.39344684674229535,0.6065531532577048,79.458,0.9777978179762101,0.02220218202378986,48.852,0.5995465734411936,0.40045342655880645
1136656384,0.3272073566913605,748.883,247.5597090634536,-11.745126503843814,-0.19552243882374223,0.07346771657466888,-0.002545592375099659,-0.020632147789001465,87879.90319373731,1552811.0,0.001343893051147461,0.0005300188064575195,0.0008138742446899414,1409.174,0.3934079717376327,0.6065920282623672,79.447,0.9777688324689637,0.022231167531036235,48.816,0.5991160178856381,0.40088398211436205
1137704960,0.32695356011390686,739.44,242.81653856010735,-11.726927287381143,-0.2044461893677232,0.08131477236747742,-0.00229295389726758,-0.020690765231847763,87428.11357241111,1554260.0,0.0013437690734863282,0.0005299129486083984,0.0008138561248779297,1409.044,0.39336835628796135,0.6066316437120386,79.442,0.977695303057199,0.02230469694280094,48.789,0.5988309432587723,0.40116905674122766
1138753536,0.3246415853500366,746.421,248.28456326164817,-11.292617280114442,-0.1827111782921052,0.08214255422353745,-0.002838590880855918,-0.020267367362976074,87570.97317568972,1555703.0,0.001343571662902832,0.0005297327041625977,0.0008138389587402343,1408.837,0.3933008454204505,0.6066991545795495,79.401,0.9776654523109304,0.0223345476890696,48.762,0.5984751099254391,0.401524890074561
